url,title,seendate,domain,language,sourcecountry,headline_mention,outlet_type
https://www.sfchronicle.com/sf/article/S-F-election-Where-Assembly-candidates-stand-on-16827642.php,S . F . election : Where Assembly candidates stand on city hottest issues from housing to overdoses,20220203T143000Z,sfchronicle.com,English,United States,False,local
https://www.sfgate.com/bay-area-politics/article/San-Francisco-police-leave-Boudin-deal-16828817.php,Why did SF police pull out of a deal with Chesa Boudin ? ,20220203T214500Z,sfgate.com,English,United States,True,local
https://sfist.com/2022/02/04/state-watchdog-dismisses-sf-democrats-complaint-that-recall-chesa-boudin-ads-were-unlawful-and-misleading/,State Watchdog Dismisses SF Democrat Complaint That Recall Chesa Boudin Ads Were  Unlawful and Misleading  ,20220205T021500Z,sfist.com,English,United States,True,local
https://www.sfchronicle.com/sf/article/Landmark-San-Francisco-police-brutality-trial-16838837.php,Landmark San Francisco police brutality trial begins amid fight between cops and DA,20220207T203000Z,sfchronicle.com,English,United States,False,local
https://www.breitbart.com/law-and-order/2022/02/03/s-f-police-cut-radical-d-a-out-of-investigations-of-officer-involved-shootings/,S . F . Police Cut Radical D . A . Out of Investigations of Officer - involved Shootings,20220203T163000Z,breitbart.com,English,United States,False,national
https://www.zerohedge.com/political/disaster-plain-sight-why-san-francisco-doing-nothing-curb-brutal-fentanyl-crisis,  A Disaster In Plain Sight  - Why San Francisco Is Doing Nothing To Curb Brutal Fentanyl Crisis,20220207T033000Z,zerohedge.com,English,United States,False,unclassified
https://www.infowars.com/posts/a-disaster-in-plain-sight-why-san-francisco-is-doing-nothing-to-curb-brutal-fentanyl-crisis/,  A Disaster In Plain Sight  – Why San Francisco Is Doing Nothing To Curb Brutal Fentanyl Crisis,20220207T191500Z,infowars.com,English,United States,False,unclassified
https://www.sott.net/article/464108-A-disaster-in-plain-sight-Why-San-Francisco-is-doing-nothing-to-curb-brutal-fentanyl-crisis,  A disaster in plain sight : Why San Francisco is doing nothing to curb brutal fentanyl crisis -- Society Child -- Sott . net,20220207T140000Z,sott.net,English,United States,False,unclassified
https://hotair.com/jazz-shaw/2022/02/05/chesa-boudins-office-accused-of-rigging-case-against-cop-n446483,Chesa Boudin office accused of rigging case against cop – HotAir,20220205T164500Z,hotair.com,English,United States,True,unclassified
http://www.msn.com/en-us/news/politics/is-it-time-to-recall-the-recall/ar-AATtweu,Is it time to recall the recall ? ,20220204T160000Z,msn.com,English,United States,True,unclassified
https://www.heritage.org/crime-and-justice/commentary/its-not-just-rising-crime-rogue-prosecutors-are-huge-problem,It Not Just Rising Crime : Rogue Prosecutors Are a Huge Problem,20220207T171500Z,heritage.org,English,United States,False,unclassified
https://freerepublic.com/tag/*/index?more=4035737,Latest Articles,20220205T200000Z,freerepublic.com,English,United States,False,national
https://freerepublic.com/tag/*/index?more=4035746,Latest Articles,20220205T203000Z,freerepublic.com,English,United States,False,national
https://sfist.com/2022/02/07/sfs-first-excessive-force-trial-against-a-police-officer-kicks-off-under-cloud-of-controversy/,SF First Excessive - Force Trial Against a Police Officer Kicks Off Under Cloud of Controversy,20220208T004500Z,sfist.com,English,United States,False,local
http://www.ruthfullyyours.com/2022/02/04/chesa-boudin-is-starting-to-sweat-by-monica-showalter/,Chesa Boudin is starting to sweat By Monica Showalter,20220204T123000Z,ruthfullyyours.com,English,United States,True,unclassified
https://www.nbcnews.com/news/us-news/progressive-prosecutors-conservative-pushback-rcna14467,Prosecutors who want to curb mass incarceration hit a roadblock : Tough - on - crime lawmakers,20220203T124500Z,nbcnews.com,English,United States,False,national
https://www.americanthinker.com/blog/2022/02/chesa_boudin_is_starting_to_sweat.html,Chesa Boudin is starting to sweat,20220204T094500Z,americanthinker.com,English,United States,True,unclassified
https://www.sfchronicle.com/projects/2022/sf-fentanyl-opioid-epidemic/,Fentanyl is a public health crisis in San Francisco . These stories show why it so difficult for victims to escape its grip,20220203T163000Z,sfchronicle.com,English,United States,False,local
http://www.ruthfullyyours.com/2022/02/04/,04 | February | 2022 | RUTHFULLY YOURS,20220204T123000Z,ruthfullyyours.com,English,United States,False,unclassified
https://48hills.org/2022/02/police-chief-undermines-his-own-departments-reforms/,Police chief undermines his own department reform agenda,20220207T050000Z,48hills.org,English,United States,False,unclassified
https://sfist.com/2022/02/03/da-chesa-boudin-responds-to-sfpd/,"DA Chesa Boudin Says SFPD Withdrawl From Investigation Agreement Is Political , Made Under Pressure From Police Union",20220204T021500Z,sfist.com,English,United States,True,local
https://sfist.com/2022/02/10/sf-recalls-largely-funded-neighbors-for-a-better-san-francisco-pac-which-is-based-in-san-rafael/,"SF Recalls Largely Funded by  Neighbors for a Better San Francisco  PAC , Which Is Based in San Rafael",20220211T001500Z,sfist.com,English,United States,True,local
https://www.sfchronicle.com/opinion/openforum/article/The-Chesa-Boudin-recall-stopped-being-only-about-16903728.php,The Chesa Boudin recall stopped being only about San Francisco a long time ago,20220212T130000Z,sfchronicle.com,English,United States,True,local
https://www.ebar.com/index.php?id=312848,Bay Area Reporter :: SF supervisors delay vote on Shorter reappointment,20220209T050000Z,ebar.com,English,United States,False,unclassified
https://www.ebar.com/news/latest_news/312848,Bay Area Reporter :: SF supervisors delay vote on Shorter reappointment,20220210T184500Z,ebar.com,English,United States,False,unclassified
https://www.politico.com/news/2022/02/14/san-francisco-school-board-ouster-00008422,Parental fury propels San Francisco school board ouster,20220215T004500Z,politico.com,English,United States,False,national
https://www.sfchronicle.com/sf/article/Chesa-Boudin-recall-S-F-supervisors-to-vote-on-16841595.php,Chesa Boudin recall : S . F . supervisors to vote on Breed appointee working to oust District Attorney,20220208T191500Z,sfchronicle.com,English,United States,True,local
https://www.ebar.com/news/latest_news/312988,Bay Area Reporter :: Shorter withdraws from SF juvenile probation commission,20220214T203000Z,ebar.com,English,United States,False,unclassified
https://www.nbcsandiego.com/news/national-international/feud-continues-between-sfpd-chief-district-attorney-over-police-investigations/2865732/,"Feud Continues Between SFPD Chief , District Attorney Over Police Investigations",20220210T210000Z,nbcsandiego.com,English,United States,False,unclassified
https://www.nbcbayarea.com/news/local/san-francisco/feud-continues-between-sfpd-chief-district-attorney-over-police-investigations/2806982/,"Feud Continues Between SFPD Chief , District Attorney Over Police Investigations",20220210T101500Z,nbcbayarea.com,English,United States,False,local
https://www.politico.com/newsletters/california-playbook/2022/02/14/stay-tuned-to-la-this-year-00008552,Stay tuned to LA this year,20220214T170000Z,politico.com,English,United States,False,national
https://www.ktvu.com/news/sf-police-excessive-force-case-that-caused-fight-between-da-chief-begins,"SF police excessive force case that caused fight between DA , chief begins",20220208T041500Z,ktvu.com,English,United States,False,local
https://sfist.com/2022/02/09/supervisors-ok-700k-settlement-for-police-beating-victim-in-case-where-sfpd-is-basically-at-war-with-boudin/,"Supervisors OK $700K Settlement for Police Beating Victim , In Case Where SFPD Is Basically at War With Boudin",20220209T200000Z,sfist.com,English,United States,True,local
https://www.theepochtimes.com/rasmussen-poll-voters-support-laws-to-remove-soft-on-crime-prosecutors_4267734.html,Rasmussen Poll : Voters Support Laws to Remove Soft - on - Crime Prosecutors,20220211T201500Z,theepochtimes.com,English,United States,False,unclassified
https://www.sfchronicle.com/sf/article/District-Attorney-Boudin-recall-Breed-s-16911847.php,District Attorney Boudin recall : Breed controversial commission appointee withdraws,20220212T034500Z,sfchronicle.com,English,United States,True,local
https://www.sott.net/article/464398-Progressive-prosecutors-How-pupils-of-US-leftwing-activists-come-to-power-as-attorneys,Progressive prosecutors : How pupils of US leftwing activists come to power as attorneys -- Society Child -- Sott . net,20220213T181500Z,sott.net,English,United States,False,unclassified
https://www.sfchronicle.com/sf/article/S-F-school-board-recall-race-goes-down-to-the-16913981.php,"S . F . school board recall race goes down to the wire as supporters , opponents rally for turnout",20220213T174500Z,sfchronicle.com,English,United States,True,local
https://www.nbcbayarea.com/investigations/san-francisco-mayor-breed-explains-why-you-havent-seen-her-with-da-boudin/2806846/,San Francisco Mayor Breed Explains Why You Havent Seen Her With DA Boudin,20220211T023000Z,nbcbayarea.com,English,United States,True,local
https://www.liberationnews.org/mayors-war-on-the-poor-punctuates-san-franciscos-right-wing-shift/,Mayor war on the poor punctuates San Francisco right - wing shift – Liberation News,20220209T071500Z,liberationnews.org,English,United States,False,unclassified
https://santamariatimes.com/opinion/columnists/prop-47-ripe-for-a-rewrite-thomas-elias/article_078aeb69-5d32-599a-90b4-bb1ee6c03dc2.html,Prop . 47 ripe for a rewrite | Thomas Elias,20220208T190000Z,santamariatimes.com,English,United States,False,unclassified
https://lompocrecord.com/opinion/columnists/prop-47-ripe-for-a-rewrite-thomas-elias/article_58088a7a-8811-5c50-9196-7fba843855b4.html,Prop . 47 ripe for a rewrite | Thomas Elias,20220208T150000Z,lompocrecord.com,English,United States,False,unclassified
https://www.sfchronicle.com/bayarea/article/Should-Chesa-Boudin-be-worried-about-the-school-16922441.php,Should Chesa Boudin be worried about the school board recall results ? ,20220216T083000Z,sfchronicle.com,English,United States,True,local
https://www.americanthinker.com/blog/2022/02/chesa_boudin_gets_booed_at_san_franciscos_lunar_new_years_parade.html,Chesa Boudin gets booed at San Francisco Lunar New Year parade,20220220T133000Z,americanthinker.com,English,United States,True,unclassified
https://sfist.com/2022/02/21/breed-goes-on-meet-the-press-as-small-potatoes-off-year-school-board-recall-still-making-national-headlines/,"Breed Goes on  Meet the Pres as Small Potatoes , Off - Year School Board Recall Still Making National Headlines",20220221T224500Z,sfist.com,English,United States,True,local
https://www.sfchronicle.com/bayarea/article/We-failed-our-children-SF-Mayor-London-16933795.php,"  We failed our children : S . F . Mayor Breed says school board recall was not a  Democratic , Republican  fight",20220220T213000Z,sfchronicle.com,English,United States,True,local
https://beyondchron.org/can-boudin-survive-recall/,Can Boudin Survive Recall ? - Beyond Chron,20220221T180000Z,beyondchron.org,English,United States,True,unclassified
https://www.sfchronicle.com/sf/article/This-is-where-S-F-politicians-stand-on-the-16918912.php,This is where S . F . politicians stand on the recall election for District Attorney Chesa Boudin,20220215T040000Z,sfchronicle.com,English,United States,True,local
https://www.msn.com/en-us/news/us/san-francisco-voters-send-democrats-a-warning-on-schools/ar-AATWGI0,San Francisco voters send Democrats a warning on schools,20220216T184500Z,msn.com,English,United States,False,unclassified
https://www.msn.com/en-us/news/us/this-is-where-sf-politicians-stand-on-the-recall-election-for-district-attorney-chesa-boudin/ar-AATQX6j,This is where S . F . politicians stand on the recall election for District Attorney Chesa Boudin,20220215T020000Z,msn.com,English,United States,True,unclassified
https://www.ebar.com/index.php?id=312988,Bay Area Reporter :: Shorter withdraws from SF juvenile probation commission,20220215T013000Z,ebar.com,English,United States,False,unclassified
https://www.sfchronicle.com/bayarea/article/Two-liberal-San-Francisco-politicians-are-locked-16931313.php,Two liberal San Francisco politicians are locked into the Assembly race . Here what will separate them,20220220T130000Z,sfchronicle.com,English,United States,False,local
https://www.sfchronicle.com/sf/article/Chesa-Boudin-recall-S-F-voters-will-decide-16921762.php,Chesa Boudin recall : S . F . voters will decide changes that could influence recall fallout,20220216T040000Z,sfchronicle.com,English,United States,True,local
https://www.msn.com/en-us/news/politics/two-liberal-san-francisco-politicians-are-locked-into-the-assembly-race-here-s-what-will-separate-them/ar-AAU5Omb,Two liberal San Francisco politicians are locked into the Assembly race . Here what will separate them,20220220T141500Z,msn.com,English,United States,False,unclassified
https://www.sfchronicle.com/podcasts/article/Listen-San-Francisco-recalls-3-school-board-16922425.php,Listen : San Francisco recalls 3 school board members,20220216T131500Z,sfchronicle.com,English,United States,True,local
https://hotair.com/headlines/2022/02/18/they-wanted-to-roll-back-tough-on-crime-policies-then-violent-crime-surged-n449506,They wanted to roll back tough - on - crime policies . Then violent crime surged . ,20220219T014500Z,hotair.com,English,United States,False,unclassified
https://www.vcstar.com/story/opinion/columnists/2022/02/20/column-newest-california-trend-recalling-officeholders/6836018001/,Column : Newest California trend recalling officeholders,20220220T091500Z,vcstar.com,English,United States,True,unclassified
https://www.nytimes.com/2022/02/18/us/politics/prosecutors-midterms-crime.html,"As Crime Surges , Roll Back of Tough - on - Crime Policies Faces Resistance",20220218T113000Z,nytimes.com,English,United States,False,national
https://www.erienewsnow.com/story/45879271/san-francisco-police-will-review-its-policies-after-da-claims-it-used-sexual-assault-victims-dna-in-unrelated-investigations-chief-says,"San Francisco Police will review its policies after DA claims it used sexual assault victim DNA in unrelated investigations , chief says",20220215T193000Z,erienewsnow.com,English,United States,False,unclassified
https://www.gwinnettdailypost.com/news/san-francisco-police-will-review-its-policies-after-da-claims-it-used-sexual-assault-victims/article_5604442f-b09e-567b-bb9c-14b7b4fe1b77.html,"San Francisco Police will review its policies after DA claims it used sexual assault victim DNA in unrelated investigations , chief says",20220215T201500Z,gwinnettdailypost.com,English,United States,False,unclassified
https://patch.com/california/san-francisco/newest-california-trend-recalling-officeholders,Newest California Trend : Recalling Officeholders,20220220T233000Z,patch.com,English,United States,True,unclassified
https://localnews8.com/news/national-world/cnn-national/2022/02/15/san-francisco-police-will-review-its-policies-after-da-claims-it-used-sexual-assault-victims-dna-in-unrelated-investigations-chief-says/,"San Francisco Police will review its policies after DA claims it used sexual assault victim DNA in unrelated investigations , chief says",20220215T211500Z,localnews8.com,English,United States,False,unclassified
https://www.sfchronicle.com/bayarea/article/S-F-election-Haney-will-head-to-Assembly-runoff-16922358.php,S . F . election : Haney and Campos will head to Assembly runoff in April,20220216T083000Z,sfchronicle.com,English,United States,False,local
https://www.city-journal.org:443/recall-election-brings-change-to-san-francisco-school-board,Recall Election Brings Change to San Francisco School Board,20220217T201500Z,city-journal.org,English,United States,True,unclassified
https://www.christianpost.com:443/politics/san-francisco-recalls-three-school-board-members.html,San Francisco voters recall 3 school board members,20220222T004500Z,christianpost.com,English,United States,True,unclassified
https://kvia.com/news/us-world/cnn-national/2022/02/15/san-francisco-police-will-review-its-policies-after-da-claims-it-used-sexual-assault-victims-dna-in-unrelated-investigations-chief-says/,"San Francisco Police will review its policies after DA claims it used sexual assault victim DNA in unrelated investigations , chief says",20220215T220000Z,kvia.com,English,United States,False,unclassified
https://krdo.com/news/national-world/cnn-national/2022/02/15/san-francisco-police-will-review-its-policies-after-da-claims-it-used-sexual-assault-victims-dna-in-unrelated-investigations-chief-says/,"San Francisco Police will review its policies after DA claims it used sexual assault victim DNA in unrelated investigations , chief says",20220215T223000Z,krdo.com,English,United States,False,unclassified
https://www.nytimes.com/2022/02/15/us/san-francisco-police-rape-kit-dna.html,"Victim Rape Kit Helped Identify Her as a Suspect in Another Case , D . A . Says",20220216T010000Z,nytimes.com,English,United States,False,national
https://www.sfchronicle.com/bayarea/article/S-F-supervisor-questions-police-chief-about-16921936.php,S . F . supervisor questions police chief about reports of apathetic officers,20220216T040000Z,sfchronicle.com,English,United States,False,local
https://www.christianpost.com:443/news/san-francisco-recalls-three-school-board-members.html,San Francisco voters recall 3 school board members,20220218T003000Z,christianpost.com,English,United States,True,unclassified
https://laist.com/news/criminal-justice/la-da-gascon-ends-ban-on-seeking-life-without-parole-for-some-defendants,LA DA Gascón Ends Ban On Seeking Life Without Parole For Some Defendants,20220219T040000Z,laist.com,English,United States,False,unclassified
https://www.powerlineblog.com/archives/2022/02/first-san-francisco-next-up-los-angeles.php,"First San Francisco , Next Up : Los Angeles ? ",20220220T221500Z,powerlineblog.com,English,United States,False,national
https://townhall.com/tipsheet/landonmion/2022/02/19/you-have-to-let-them-be-gross-bill-maher-rips-school-mask-mandates-for-children-n2603529,  You Have to Let Them Be Gros : Bill Maher Rips School Mask Mandates for Children,20220219T220000Z,townhall.com,English,United States,False,unclassified
https://www.breitbart.com/education/2022/02/16/san-francisco-voters-recall-3-school-board-members-over-closures-woke-obsessions/,"San Francisco Voters Recall 3 School Board Members over Closures ,  Woke  Obsessions",20220216T150000Z,breitbart.com,English,United States,True,national
https://ktvz.com/news/national-world/cnn-national/2022/02/15/san-francisco-police-will-review-its-policies-after-da-claims-it-used-sexual-assault-victims-dna-in-unrelated-investigations-chief-says/,"San Francisco Police will review its policies after DA claims it used sexual assault victim DNA in unrelated investigations , chief says",20220215T230000Z,ktvz.com,English,United States,False,unclassified
https://www.foxnews.com/media/bill-maher-school-mask-mandates-kids-howie-mandel,Bill Maher rails against school mask mandates for kids :  Creating a generation of Howie Mandels  ,20220219T070000Z,foxnews.com,English,United States,False,national
https://kesq.com/news/national-world/cnn-national/2022/02/15/san-francisco-police-will-review-its-policies-after-da-claims-it-used-sexual-assault-victims-dna-in-unrelated-investigations-chief-says/,"San Francisco Police will review its policies after DA claims it used sexual assault victim DNA in unrelated investigations , chief says",20220215T220000Z,kesq.com,English,United States,False,unclassified
https://www.americanthinker.com/blog/2022/02/wokester_bloodbath_blue_san_francisco_throws_out_three_board_of_education_leftists_by_monster_margins.html,Wokester bloodbath : Blue San Francisco throws out three Board of Education leftists by monster margins,20220216T161500Z,americanthinker.com,English,United States,False,unclassified
http://espanol.christianpost.com/news/san-francisco-recalls-three-school-board-members.html,Votantes de San Francisco recuerdan a 3 miembros de la junta escolar :  Esto es una revolución  ,20220218T200000Z,espanol.christianpost.com,Spanish,United States,False,unclassified
https://www.cnn.com/2022/02/15/politics/san-francisco-school-board-recall-vote/,San Francisco voters set to decide fate of three school board leaders in recall vote,20220215T151500Z,cnn.com,English,United States,True,national
https://www.bizpacreview.com/2022/02/19/bill-maher-rages-over-mask-mandates-creating-a-generation-of-howie-mandels-1203125/,Bill Maher rages over mask mandates :  Creating a generation of Howie Mandels  ,20220219T161500Z,bizpacreview.com,English,United States,False,unclassified
https://www.cnn.com/2022/02/16/politics/san-francisco-school-board-members-recall-election/,"San Francisco voters oust three school board members in recall vote , CNN projects",20220216T134500Z,cnn.com,English,United States,True,national
https://thefederalist.com/2022/02/16/its-time-for-americans-to-rescue-u-s-cities-from-greedy-leftists-crime-infested-drug-riddled-chokehold/,It Time To Rescue Decaying U . S . Cities From Leftist Chokehold,20220216T233000Z,thefederalist.com,English,United States,False,national
https://www.sfchronicle.com/sf/bayarea/heatherknight/article/SF-police-crime-16931399.php,More S . F . residents share stories of police standing idly by as crimes unfold :  They didnt want to be bothered  ,20220219T133000Z,sfchronicle.com,English,United States,False,local
https://www.boston.com/news/schools/2022/02/16/in-landslide-san-francisco-forces-out-3-board-of-education-members/,"In landslide , San Francisco forces out 3 Board of Education members",20220216T153000Z,boston.com,English,United States,False,unclassified
https://www.sfchronicle.com/sf/article/Exclusive-Q-A-S-F-police-chief-weighs-in-on-16924567.php,"Exclusive Q & A : S . F . police chief weighs in on Boudin , the Tenderloin , police morale and more",20220216T223000Z,sfchronicle.com,English,United States,True,local
https://www.washingtonpost.com/opinions/2022/02/17/san-francisco-school-board-recall-democrats-warning/,Opinion | San Francisco recall of three school board members is a dire warning for Democrats,20220218T021500Z,washingtonpost.com,English,United States,True,national
https://redstate.com/jenniferoo/2022/02/21/gascons-progressive-policies-implode-in-real-time-while-victims-continue-to-be-denied-justice-n525864,"Gascon Progressive Policies Implode in Real Time , While Victims Continue to be Denied Justice",20220222T004500Z,redstate.com,English,United States,False,unclassified
http://www.ruthfullyyours.com/2022/02/16/its-time-for-americans-to-rescue-u-s-cities-from-greedy-leftists-crime-infested-drug-riddled-chokehold-by-jordan-boyd/,"It Time For Americans To Rescue U . S . Cities From Greedy Leftist Crime - Infested , Drug - Riddled Chokehold By : Jordan Boyd",20220216T224500Z,ruthfullyyours.com,English,United States,False,unclassified
https://www.ivpressonline.com/open/newest-california-trend-recalling-officeholders/article_aebd3a20-9295-11ec-8457-cba1cfb86a42.html,Newest California trend : Recalling officeholders,20220221T104500Z,ivpressonline.com,English,United States,True,unclassified
https://localnews8.com/politics/cnn-us-politics/2022/02/16/san-francisco-voters-oust-three-school-board-members-in-recall-vote-cnn-projects/,"San Francisco voters oust three school board members in recall vote , CNN projects",20220216T170000Z,localnews8.com,English,United States,True,unclassified
https://localnews8.com/politics/cnn-us-politics/2022/02/16/san-francisco-voters-oust-three-school-board-members-in-recall-vote-cnn-projects-2/,"San Francisco voters oust three school board members in recall vote , CNN projects",20220216T200000Z,localnews8.com,English,United States,True,unclassified
https://www.sfchronicle.com/sf/article/S-F-s-Asian-American-voters-were-crucial-in-16928806.php,S . F . Asian American voters were crucial in the school board recall . Here why,20220218T071500Z,sfchronicle.com,English,United States,True,local
https://www.dailyrepublic.com/all-dr-news/opinion/local-opinion-columnists/calmatters-commentary-newest-california-trend-recalling-officeholders/,CalMatters Commentary : Newest California trend : Recalling officeholders,20220220T143000Z,dailyrepublic.com,English,United States,True,unclassified
https://buffalonews.com/news/national/use-of-rape-kit-dna-to-probe-other-crimes-shocks-prosecutors/article_2d22a773-e5e7-58ea-a417-90d9682dd715.html,Use of rape - kit DNA to probe other crimes shocks prosecutors,20220217T053000Z,buffalonews.com,English,United States,False,unclassified
https://freerepublic.com/tag/*/index?more=4039869,Latest Articles,20220220T121500Z,freerepublic.com,English,United States,False,national
https://freerepublic.com/tag/*/index?more=4039861,Latest Articles,20220220T101500Z,freerepublic.com,English,United States,False,national
https://wusfnews.wusf.usf.edu/2022-02-17/san-francisco-da-drops-charges-against-woman-linked-to-crime-through-rape-victim-dna,San Francisco DA drops charges against woman linked to crime through rape victim DNA,20220218T071500Z,wusfnews.wusf.usf.edu,English,United States,False,unclassified
https://ktvz.com/politics/cnn-us-politics/2022/02/16/san-francisco-voters-oust-three-school-board-members-in-recall-vote-cnn-projects-2/,"San Francisco voters oust three school board members in recall vote , CNN projects",20220216T151500Z,ktvz.com,English,United States,True,unclassified
https://www.seattlepi.com/news/article/Use-of-rape-kit-DNA-to-probe-other-crimes-shocks-16924737.php,Use of rape - kit DNA to probe other crimes shocks prosecutors,20220217T010000Z,seattlepi.com,English,United States,False,unclassified
https://abcnews.go.com/US/wireStory/rape-kit-dna-probe-crimes-shocks-prosecutors-82938469,Use of rape - kit DNA to probe other crimes shocks prosecutors,20220217T024500Z,abcnews.go.com,English,United States,False,national
https://www.snopes.com/ap/2022/02/17/use-of-rape-kit-dna-to-probe-other-crimes-shocks-prosecutors/,Use of Rape - Kit DNA to Probe Other Crimes Shocks Prosecutors,20220217T211500Z,snopes.com,English,United States,False,unclassified
https://apnews.com/article/crime-california-san-francisco-sexual-assault-3dcd00bf0522ce7c39bb2a7ec53cf7d3,Use of rape - kit DNA to probe other crimes shocks prosecutors,20220216T234500Z,apnews.com,English,United States,False,national
https://www.npr.org/2022/02/17/1081634509/san-francisco-da-drops-charges-against-woman-linked-to-crime-through-rape-victim,San Francisco DA drops charges against woman linked to crime through rape kit : NPR,20220218T031500Z,npr.org,English,United States,False,unclassified
https://tucson.com/news/national/use-of-rape-kit-dna-to-probe-other-crimes-shocks-prosecutors/article_0ced9a82-bcf6-5e36-80c8-c6e4b1e89886.html,Use of rape - kit DNA to probe other crimes shocks prosecutors,20220217T011500Z,tucson.com,English,United States,False,unclassified
https://www.startribune.com/use-of-rape-kit-dna-to-probe-other-crimes-shocks-prosecutors/600147494/,Use of rape - kit DNA to probe other crimes shocks prosecutors,20220217T031500Z,startribune.com,English,United States,False,unclassified
https://www.timesunion.com/news/article/Use-of-rape-kit-DNA-to-probe-other-crimes-shocks-16924737.php,Use of rape - kit DNA to probe other crimes shocks prosecutors,20220217T011500Z,timesunion.com,English,United States,False,unclassified
https://www.washingtontimes.com:443/news/2022/feb/16/use-of-rape-kit-dna-to-probe-other-crimes-shocks-p/,Use of rape - kit DNA to probe other crimes shocks prosecutors,20220217T143000Z,washingtontimes.com,English,United States,False,national
https://www.newdelhitimes.com/use-of-rape-kit-dna-to-probe-other-crimes-shocks-prosecutors/,Use of rape - kit DNA to probe other crimes shocks prosecutors - New Delhi Times - India Only International Newspaper,20220217T194500Z,newdelhitimes.com,English,United States,False,unclassified
https://www.nbcnewyork.com/news/national-international/use-of-rape-kit-dna-to-probe-other-crimes-could-endanger-victims-prosecutors/3558166/,Use of Rape - Kit DNA to Probe Other Crimes Shocks Prosecutors,20220217T013000Z,nbcnewyork.com,English,United States,False,unclassified
https://www.azcentral.com/story/news/nation/2022/02/16/rape-kit-dna-used-charge-san-francisco-woman-unrelated-crime-da-says/6821718001/,"Rape kit DNA used to charge San Francisco woman in an unrelated crime , DA says",20220217T083000Z,azcentral.com,English,United States,False,unclassified
https://www.nbcdfw.com/news/national-international/use-of-rape-kit-dna-to-probe-other-crimes-could-endanger-victims-prosecutors/2892475/,Use of Rape - Kit DNA to Probe Other Crimes Shocks Prosecutors,20220217T013000Z,nbcdfw.com,English,United States,False,unclassified
https://www.usatoday.com/story/news/nation/2022/02/16/rape-kit-dna-used-charge-san-francisco-woman-unrelated-crime-da-says/6821718001/,"Rape kit DNA used to charge San Francisco woman in an unrelated crime , DA says",20220217T023000Z,usatoday.com,English,United States,False,national
https://www.wfmz.com/news/use-of-rape-kit-dna-to-probe-other-crimes-shocks-prosecutors/article_87298f06-0904-5294-ae1e-bae789b620f0.html,Use of rape - kit DNA to probe other crimes shocks prosecutors,20220216T234500Z,wfmz.com,English,United States,False,unclassified
https://www.ctpost.com/news/article/Use-of-rape-kit-DNA-to-probe-other-crimes-shocks-16924737.php,Use of rape - kit DNA to probe other crimes shocks prosecutors,20220217T010000Z,ctpost.com,English,United States,False,unclassified
https://www.nbcbayarea.com/news/national-international/use-of-rape-kit-dna-to-probe-other-crimes-could-endanger-victims-prosecutors/2814586/,Use of Rape - Kit DNA to Probe Other Crimes Shocks Prosecutors,20220217T040000Z,nbcbayarea.com,English,United States,False,local
https://www.nbcchicago.com/news/national-international/use-of-rape-kit-dna-to-probe-other-crimes-could-endanger-victims-prosecutors/2761749/,Use of Rape - Kit DNA to Probe Other Crimes Shocks Prosecutors,20220217T013000Z,nbcchicago.com,English,United States,False,unclassified
https://www.abqjournal.com/2471059/use-of-rape-kit-dna-to-probe-other-crimes-shocks-prosecutors.html,Use of rape - kit DNA to probe other crimes shocks prosecutors,20220217T154500Z,abqjournal.com,English,United States,False,unclassified
https://www.ktvu.com/news/use-of-rape-kit-dna-in-san-francisco-to-probe-other-crimes-shocks-prosecutors,Use of rape - kit DNA in San Francisco to probe other crimes shocks prosecutors,20220217T140000Z,ktvu.com,English,United States,False,local
https://knpr.org/npr/2022-02/san-francisco-da-drops-charges-against-woman-linked-crime-through-rape-victim-dna,San Francisco DA drops charges against woman linked to crime through rape victim DNA,20220218T050000Z,knpr.org,English,United States,False,unclassified
https://www.nbcconnecticut.com/news/national-international/use-of-rape-kit-dna-to-probe-other-crimes-could-endanger-victims-prosecutors/2721213/,Use of Rape - Kit DNA to Probe Other Crimes Shocks Prosecutors,20220217T021500Z,nbcconnecticut.com,English,United States,False,unclassified
https://www.fox5ny.com/news/use-of-rape-kit-dna-in-san-francisco-to-probe-other-crimes-shocks-prosecutors,Use of rape - kit DNA in San Francisco to probe other crimes shocks prosecutors,20220217T143000Z,fox5ny.com,English,United States,False,unclassified
https://lancasteronline.com/news/national/use-of-rape-kit-dna-to-probe-other-crimes-shocks-prosecutors/article_e626a5f8-3aef-560e-bc17-a05bfbb2eda2.html,Use of rape - kit DNA to probe other crimes shocks prosecutors,20220217T011500Z,lancasteronline.com,English,United States,False,unclassified
https://www.nbcphiladelphia.com/news/national-international/use-of-rape-kit-dna-to-probe-other-crimes-could-endanger-victims-prosecutors/3149494/,Use of Rape - Kit DNA to Probe Other Crimes Shocks Prosecutors,20220217T013000Z,nbcphiladelphia.com,English,United States,False,unclassified
https://www.news-gazette.com/news/nation-world/use-of-rape-kit-dna-to-probe-other-crimes-shocks-prosecutors/article_2b5c9472-74b4-5d25-b26a-fbd403734ef7.html,Use of rape - kit DNA to probe other crimes shocks prosecutors,20220217T070000Z,news-gazette.com,English,United States,False,unclassified
https://www.whec.com/national/use-of-rape-kit-dna-to-probe-other-crimes-shocks-prosecutors/6395681/?cat=10036,Use of rape - kit DNA to probe other crimes shocks prosecutors,20220217T013000Z,whec.com,English,United States,False,unclassified
https://www.stamfordadvocate.com/news/article/Use-of-rape-kit-DNA-to-probe-other-crimes-shocks-16924737.php,Use of rape - kit DNA to probe other crimes shocks prosecutors,20220217T010000Z,stamfordadvocate.com,English,United States,False,unclassified
https://www.nhregister.com/news/article/Use-of-rape-kit-DNA-to-probe-other-crimes-shocks-16924737.php,Use of rape - kit DNA to probe other crimes shocks prosecutors,20220216T234500Z,nhregister.com,English,United States,False,unclassified
https://www.msn.com/en-us/news/politics/liberal-school-board-gets-a-lesson-in-pandemic-politics/ar-AATUjMU,Liberal school board gets a lesson in pandemic politics,20220216T004500Z,msn.com,English,United States,False,unclassified
http://www.msn.com/en-us/news/politics/liberal-school-board-gets-a-lesson-in-pandemic-politics/ar-AATUjMU,Liberal school board gets a lesson in pandemic politics,20220216T004500Z,msn.com,English,United States,False,unclassified
https://www.cnn.com/2022/02/15/politics/school-boards-covid-mask-mandates-what-matters/,Liberal school board gets a lesson in pandemic politics,20220216T031500Z,cnn.com,English,United States,False,national
https://www.newstimes.com/news/article/Use-of-rape-kit-DNA-to-probe-other-crimes-shocks-16924737.php,Use of rape - kit DNA to probe other crimes shocks prosecutors,20220217T054500Z,newstimes.com,English,United States,False,unclassified
https://www.theepochtimes.com/what-the-mainstream-media-wont-report-about-the-san-francisco-election_4287631.html,What the Mainstream Media Wont Report About the San Francisco Election,20220218T231500Z,theepochtimes.com,English,United States,False,unclassified
https://www.foxla.com/news/use-of-rape-kit-dna-in-san-francisco-to-probe-other-crimes-shocks-prosecutors,Use of rape - kit DNA in San Francisco to probe other crimes shocks prosecutors,20220217T170000Z,foxla.com,English,United States,False,unclassified
https://www.fox26houston.com/news/use-of-rape-kit-dna-in-san-francisco-to-probe-other-crimes-shocks-prosecutors,Use of rape - kit DNA in San Francisco to probe other crimes shocks prosecutors,20220217T151500Z,fox26houston.com,English,United States,False,unclassified
https://www.latimes.com/politics/story/2022-02-17/san-francisco-recall-democrats,Are San Francisco school recalls a bellwether for Democrats ? ,20220217T134500Z,latimes.com,English,United States,True,national
https://www.sandiegouniontribune.com/news/politics/story/2022-02-17/san-francisco-recall-democrats,Are San Francisco school recalls a bellwether for Democrats ? - The San Diego Union - Tribune,20220217T180000Z,sandiegouniontribune.com,English,United States,True,unclassified
https://www.bakersfield.com/ap/national/use-of-rape-kit-dna-to-probe-other-crimes-shocks-prosecutors/article_ef752027-fc04-5970-926f-a13b2fad5963.html,Use of rape - kit DNA to probe other crimes shocks prosecutors,20220217T013000Z,bakersfield.com,English,United States,False,unclassified
https://www.bakersfield.com/ap/state/use-of-rape-kit-dna-to-probe-other-crimes-shocks-prosecutors/article_ef752027-fc04-5970-926f-a13b2fad5963.html,Use of rape - kit DNA to probe other crimes shocks prosecutors,20220217T061500Z,bakersfield.com,English,United States,False,unclassified
https://www.unionleader.com/news/education/san-francisco-is-usually-seen-as-a-lefty-outlier-the-school-board-recalls-may-make/article_da44ffd9-ff7d-52d6-916d-7aefe6c79597.html,San Francisco is usually seen as a lefty outlier . The school board recalls may make it a bellwether,20220217T191500Z,unionleader.com,English,United States,True,unclassified
https://www.wvnews.com/statejournal/newsfeed/us/use-of-rape-kit-dna-to-probe-other-crimes-shocks-prosecutors/article_1607a228-ac8a-5ff9-87e7-de697c3a4c3d.html,Use of rape - kit DNA to probe other crimes shocks prosecutors,20220217T083000Z,wvnews.com,English,United States,False,unclassified
https://www.wvnews.com/theet/newsfeed/us/use-of-rape-kit-dna-to-probe-other-crimes-shocks-prosecutors/article_1607a228-ac8a-5ff9-87e7-de697c3a4c3d.html,Use of rape - kit DNA to probe other crimes shocks prosecutors,20220217T071500Z,wvnews.com,English,United States,False,unclassified
https://www.smdailyjournal.com/news/national/use-of-rape-kit-dna-to-probe-other-crimes-shocks-prosecutors/article_4b605b14-4a7c-51ec-9e69-eefd8cba1c42.html,Use of rape - kit DNA to probe other crimes shocks prosecutors,20220217T011500Z,smdailyjournal.com,English,United States,False,local
https://www.henryherald.com/news/san-francisco-police-will-review-its-policies-after-da-claims-it-used-sexual-assault-victims/article_d4a9e3e8-a604-55cd-af88-156d213abd2f.html,"San Francisco Police will review its policies after DA claims it used sexual assault victim DNA in unrelated investigations , chief says",20220215T200000Z,henryherald.com,English,United States,False,unclassified
https://www.news-daily.com/news/san-francisco-police-will-review-its-policies-after-da-claims-it-used-sexual-assault-victims/article_455fd6e3-342a-5455-a91a-9b678bba6a56.html,"San Francisco Police will review its policies after DA claims it used sexual assault victim DNA in unrelated investigations , chief says",20220215T200000Z,news-daily.com,English,United States,False,unclassified
https://isp.netscape.com/news/story/0001/20220216/3dcd00bf0522ce7c39bb2a7ec53cf7d3,Use of rape - kit DNA to probe other crimes shocks prosecutors,20220217T000000Z,isp.netscape.com,English,United States,False,unclassified
https://www.idahopress.com/news/national/use-of-rape-kit-dna-to-probe-other-crimes-shocks-prosecutors/article_7053d791-946c-557b-ab7c-62580b0dfd4f.html,Use of rape - kit DNA to probe other crimes shocks prosecutors,20220217T061500Z,idahopress.com,English,United States,False,unclassified
https://www.wicz.com/story/45885350/san-francisco-voters-oust-three-school-board-members-in-recall-vote-cnn-projects,"San Francisco voters oust three school board members in recall vote , CNN projects",20220216T121500Z,wicz.com,English,United States,True,unclassified
https://www.kpbs.org/news/national/2022/02/16/use-of-rape-kit-dna-to-probe-other-crimes-shocks-prosecutors,Use of rape - kit DNA to probe other crimes shocks prosecutors,20220217T043000Z,kpbs.org,English,United States,False,unclassified
https://www.dailyadvance.com/news/national/use-of-rape-kit-dna-to-probe-other-crimes-shocks-prosecutors/article_5ae26ec7-c39b-5436-bc45-dc7b3087e339.html,Use of rape - kit DNA to probe other crimes shocks prosecutors,20220217T060000Z,dailyadvance.com,English,United States,False,unclassified
https://www.wfmj.com/story/45889912/use-of-rape-kit-dna-to-probe-other-crimes-shocks-prosecutors,Use of rape - kit DNA to probe other crimes shocks prosecutors,20220217T014500Z,wfmj.com,English,United States,False,unclassified
https://www.berkshireeagle.com/ap/national/use-of-rape-kit-dna-to-probe-other-crimes-shocks-prosecutors/article_e6279bc1-2a37-5c27-85fc-c75366011769.html,Use of rape - kit DNA to probe other crimes shocks prosecutors,20220217T081500Z,berkshireeagle.com,English,United States,False,unclassified
https://sfist.com/2022/02/15/low-turnout-seemingly-minor-school-board-and-state-assembly-election-today-has-high-stakes/,"Low - Turnout , Seemingly Minor School Board and State Assembly Elections Today Have High Stakes",20220216T003000Z,sfist.com,English,United States,False,local
https://www.mrt.com/news/article/Use-of-rape-kit-DNA-to-probe-other-crimes-shocks-16924737.php,Use of rape - kit DNA to probe other crimes shocks prosecutors,20220217T010000Z,mrt.com,English,United States,False,unclassified
https://www.lmtonline.com/news/article/Use-of-rape-kit-DNA-to-probe-other-crimes-shocks-16924737.php,Use of rape - kit DNA to probe other crimes shocks prosecutors,20220217T000000Z,lmtonline.com,English,United States,False,unclassified
https://abc17news.com/news/national-world/cnn-national/2022/02/15/san-francisco-police-will-review-its-policies-after-da-claims-it-used-sexual-assault-victims-dna-in-unrelated-investigations-chief-says/,"San Francisco Police will review its policies after DA claims it used sexual assault victim DNA in unrelated investigations , chief says",20220215T224500Z,abc17news.com,English,United States,False,unclassified
https://www.kdrv.com/news/national/san-francisco-police-will-review-its-policies-after-da-claims-it-used-sexual-assault-victims/article_ff725c49-da5d-5fa2-8644-bd6a7807c7a6.html,"San Francisco Police will review its policies after DA claims it used sexual assault victim DNA in unrelated investigations , chief says",20220216T033000Z,kdrv.com,English,United States,False,unclassified
https://www.hjnews.com/nation/use-of-rape-kit-dna-to-probe-other-crimes-shocks-prosecutors/article_79efa6f3-1b40-5705-8899-b3cf98dd16b4.html,Use of rape - kit DNA to probe other crimes shocks prosecutors,20220217T083000Z,hjnews.com,English,United States,False,unclassified
https://www.albanyherald.com/news/san-francisco-police-will-review-its-policies-after-da-claims-it-used-sexual-assault-victims/article_d9590945-c5ed-5181-8082-ddb64e02e631.html,"San Francisco Police will review its policies after DA claims it used sexual assault victim DNA in unrelated investigations , chief says",20220215T230000Z,albanyherald.com,English,United States,False,unclassified
https://www.rockdalenewtoncitizen.com/news/san-francisco-police-will-review-its-policies-after-da-claims-it-used-sexual-assault-victims/article_fcc5dd15-e0f5-548d-8dd4-c3c6cfeca542.html,"San Francisco Police will review its policies after DA claims it used sexual assault victim DNA in unrelated investigations , chief says",20220216T010000Z,rockdalenewtoncitizen.com,English,United States,False,unclassified
https://www.kake.com/story/45909385/san-franciscos-wake-up-call,San Francisco wake up call,20220221T003000Z,kake.com,English,United States,False,unclassified
https://sfist.com/2022/02/16/haney-has-slight-edge-but-assembly-seat-will-go-to-april-runoff-election/,"Haney Has Slight Edge , But Assembly Seat Will Go to April Runoff Election",20220216T213000Z,sfist.com,English,United States,False,local
https://www.visaliatimesdelta.com/story/news/nation/2022/02/16/rape-kit-dna-used-charge-san-francisco-woman-unrelated-crime-da-says/6821718001/,"Rape kit DNA used to charge San Francisco woman in an unrelated crime , DA says",20220217T203000Z,visaliatimesdelta.com,English,United States,False,unclassified
https://abc17news.com/news/2022/02/16/san-francisco-voters-oust-three-school-board-members-in-recall-vote-cnn-projects/,"San Francisco voters oust three school board members in recall vote , CNN projects",20220216T120000Z,abc17news.com,English,United States,True,unclassified
https://kion546.com/news/2022/02/16/san-francisco-voters-oust-three-school-board-members-in-recall-vote-cnn-projects/,"San Francisco voters oust three school board members in recall vote , CNN projects – KION546",20220216T114500Z,kion546.com,English,United States,True,unclassified
https://abc17news.com/politics/national-politics/cnn-us-politics/2022/02/16/san-francisco-voters-oust-three-school-board-members-in-recall-vote-cnn-projects-2/,"San Francisco voters oust three school board members in recall vote , CNN projects",20220216T174500Z,abc17news.com,English,United States,True,unclassified
https://sfist.com/2022/02/16/all-three-school-board-members-recalled-in-landslide/,All Three School Board Members Recalled In Landslide,20220216T213000Z,sfist.com,English,United States,True,local
https://www.ebar.com/index.php?id=313037,Bay Area Reporter :: Voters recall San Francisco school leaders,20220216T054500Z,ebar.com,English,United States,True,unclassified
https://www.ebar.com/news/latest_news/313037,Bay Area Reporter :: Voters recall San Francisco school leaders,20220217T003000Z,ebar.com,English,United States,True,unclassified
https://www.kaaltv.com/national-news/use-of-rape-kit-dna-to-probe-other-crimes-shocks-prosecutors/6395682/?cat=10159,Use of rape - kit DNA to probe other crimes shocks prosecutors,20220217T070000Z,kaaltv.com,English,United States,False,unclassified
https://www.milfordmirror.com/news/article/Use-of-rape-kit-DNA-to-probe-other-crimes-shocks-16924737.php,Use of rape - kit DNA to probe other crimes shocks prosecutors,20220217T000000Z,milfordmirror.com,English,United States,False,unclassified
https://www.sheltonherald.com/news/article/Use-of-rape-kit-DNA-to-probe-other-crimes-shocks-16924737.php,Use of rape - kit DNA to probe other crimes shocks prosecutors,20220217T000000Z,sheltonherald.com,English,United States,False,unclassified
https://www.myjournalcourier.com/news/article/Use-of-rape-kit-DNA-to-probe-other-crimes-shocks-16924737.php,Use of rape - kit DNA to probe other crimes shocks prosecutors,20220216T234500Z,myjournalcourier.com,English,United States,False,unclassified
https://www.mtshastanews.com/story/news/nation/2022/02/16/rape-kit-dna-used-charge-san-francisco-woman-unrelated-crime-da-says/6821718001/,"Rape kit DNA used to charge San Francisco woman in an unrelated crime , DA says",20220220T161500Z,mtshastanews.com,English,United States,False,unclassified
https://www.wuwf.org/2022-02-17/san-francisco-da-drops-charges-against-woman-linked-to-crime-through-rape-victim-dna,San Francisco DA drops charges against woman linked to crime through rape victim DNA,20220218T101500Z,wuwf.org,English,United States,False,unclassified
https://www.ualrpublicradio.org/npr-news/2022-02-17/san-francisco-da-drops-charges-against-woman-linked-to-crime-through-rape-victim-dna,San Francisco DA drops charges against woman linked to crime through rape victim DNA,20220218T093000Z,ualrpublicradio.org,English,United States,False,unclassified
https://www.wbaa.org/2022-02-17/san-francisco-da-drops-charges-against-woman-linked-to-crime-through-rape-victim-dna,San Francisco DA drops charges against woman linked to crime through rape victim DNA,20220218T040000Z,wbaa.org,English,United States,False,unclassified
https://www.northernpublicradio.org/2022-02-17/san-francisco-da-drops-charges-against-woman-linked-to-crime-through-rape-victim-dna,San Francisco DA drops charges against woman linked to crime through rape victim DNA,20220218T040000Z,northernpublicradio.org,English,United States,False,unclassified
https://www.kunm.org/npr-news/2022-02-17/san-francisco-da-drops-charges-against-woman-linked-to-crime-through-rape-victim-dna,San Francisco DA drops charges against woman linked to crime through rape victim DNA,20220218T054500Z,kunm.org,English,United States,False,unclassified
https://www.kedm.org/npr-news/2022-02-17/san-francisco-da-drops-charges-against-woman-linked-to-crime-through-rape-victim-dna,San Francisco DA drops charges against woman linked to crime through rape victim DNA,20220218T050000Z,kedm.org,English,United States,False,unclassified
https://www.wcsufm.org/latest-from-npr/2022-02-17/san-francisco-da-drops-charges-against-woman-linked-to-crime-through-rape-victim-dna,San Francisco DA drops charges against woman linked to crime through rape victim DNA,20220218T050000Z,wcsufm.org,English,United States,False,unclassified
https://www.kios.org/2022-02-17/san-francisco-da-drops-charges-against-woman-linked-to-crime-through-rape-victim-dna,San Francisco DA drops charges against woman linked to crime through rape victim DNA,20220218T051500Z,kios.org,English,United States,False,unclassified
https://www.wdiy.org/npr-news/2022-02-17/san-francisco-da-drops-charges-against-woman-linked-to-crime-through-rape-victim-dna,San Francisco DA drops charges against woman linked to crime through rape victim DNA,20220218T051500Z,wdiy.org,English,United States,False,unclassified
https://www.delawarepublic.org/npr-headlines/2022-02-17/san-francisco-da-drops-charges-against-woman-linked-to-crime-through-rape-victim-dna,San Francisco DA drops charges against woman linked to crime through rape victim DNA,20220218T060000Z,delawarepublic.org,English,United States,False,unclassified
https://www.southcarolinapublicradio.org/2022-02-17/san-francisco-da-drops-charges-against-woman-linked-to-crime-through-rape-victim-dna,San Francisco DA drops charges against woman linked to crime through rape victim DNA,20220218T060000Z,southcarolinapublicradio.org,English,United States,False,unclassified
https://www.kazu.org/npr-news/2022-02-17/san-francisco-da-drops-charges-against-woman-linked-to-crime-through-rape-victim-dna,San Francisco DA drops charges against woman linked to crime through rape victim DNA,20220218T060000Z,kazu.org,English,United States,False,unclassified
https://www.wkms.org/npr-news/2022-02-17/san-francisco-da-drops-charges-against-woman-linked-to-crime-through-rape-victim-dna,San Francisco DA drops charges against woman linked to crime through rape victim DNA,20220218T060000Z,wkms.org,English,United States,False,unclassified
https://www.wwno.org/npr-news/2022-02-17/san-francisco-da-drops-charges-against-woman-linked-to-crime-through-rape-victim-dna,San Francisco DA drops charges against woman linked to crime through rape victim DNA,20220218T053000Z,wwno.org,English,United States,False,unclassified
https://www.weaa.org/2022-02-17/san-francisco-da-drops-charges-against-woman-linked-to-crime-through-rape-victim-dna,San Francisco DA drops charges against woman linked to crime through rape victim DNA,20220218T044500Z,weaa.org,English,United States,False,unclassified
https://www.kunr.org/npr-news/2022-02-17/san-francisco-da-drops-charges-against-woman-linked-to-crime-through-rape-victim-dna,San Francisco DA drops charges against woman linked to crime through rape victim DNA,20220218T043000Z,kunr.org,English,United States,False,unclassified
https://www.kunc.org/npr-news/2022-02-17/san-francisco-da-drops-charges-against-woman-linked-to-crime-through-rape-victim-dna,San Francisco DA drops charges against woman linked to crime through rape victim DNA,20220218T031500Z,kunc.org,English,United States,False,unclassified
https://www.wxxinews.org/2022-02-17/san-francisco-da-drops-charges-against-woman-linked-to-crime-through-rape-victim-dna,San Francisco DA drops charges against woman linked to crime through rape victim DNA,20220218T031500Z,wxxinews.org,English,United States,False,unclassified
https://www.wshu.org/npr-news/2022-02-17/san-francisco-da-drops-charges-against-woman-linked-to-crime-through-rape-victim-dna,San Francisco DA drops charges against woman linked to crime through rape victim DNA,20220218T031500Z,wshu.org,English,United States,False,unclassified
https://www.kwbu.org/latest-from-npr/2022-02-17/san-francisco-da-drops-charges-against-woman-linked-to-crime-through-rape-victim-dna,San Francisco DA drops charges against woman linked to crime through rape victim DNA,20220218T031500Z,kwbu.org,English,United States,False,unclassified
https://www.kvnf.org/npr-news/2022-02-17/san-francisco-da-drops-charges-against-woman-linked-to-crime-through-rape-victim-dna,San Francisco DA drops charges against woman linked to crime through rape victim DNA,20220218T031500Z,kvnf.org,English,United States,False,unclassified
https://www.knau.org/npr-news/2022-02-17/san-francisco-da-drops-charges-against-woman-linked-to-crime-through-rape-victim-dna,San Francisco DA drops charges against woman linked to crime through rape victim DNA,20220218T033000Z,knau.org,English,United States,False,unclassified
https://www.mtpr.org/2022-02-17/san-francisco-da-drops-charges-against-woman-linked-to-crime-through-rape-victim-dna,San Francisco DA drops charges against woman linked to crime through rape victim DNA,20220218T033000Z,mtpr.org,English,United States,False,unclassified
https://www.kasu.org/2022-02-17/san-francisco-da-drops-charges-against-woman-linked-to-crime-through-rape-victim-dna,San Francisco DA drops charges against woman linked to crime through rape victim DNA,20220218T034500Z,kasu.org,English,United States,False,unclassified
https://www.kvpr.org/npr-news/2022-02-17/san-francisco-da-drops-charges-against-woman-linked-to-crime-through-rape-victim-dna,San Francisco DA drops charges against woman linked to crime through rape victim DNA,20220218T034500Z,kvpr.org,English,United States,False,unclassified
https://news.wfsu.org/all-npr-news/2022-02-17/san-francisco-da-drops-charges-against-woman-linked-to-crime-through-rape-victim-dna,San Francisco DA drops charges against woman linked to crime through rape victim DNA,20220218T074500Z,news.wfsu.org,English,United States,False,unclassified
https://www.ksut.org/2022-02-17/san-francisco-da-drops-charges-against-woman-linked-to-crime-through-rape-victim-dna,San Francisco DA drops charges against woman linked to crime through rape victim DNA,20220218T064500Z,ksut.org,English,United States,False,unclassified
https://www.wkyufm.org/npr-news/2022-02-17/san-francisco-da-drops-charges-against-woman-linked-to-crime-through-rape-victim-dna,San Francisco DA drops charges against woman linked to crime through rape victim DNA,20220218T064500Z,wkyufm.org,English,United States,False,unclassified
https://www.capradio.org/news/npr/story?storyid=1081634509,San Francisco DA drops charges against woman linked to crime through rape victim DNA,20220218T080000Z,capradio.org,English,United States,False,unclassified
https://www.wprl.org/npr-news/2022-02-17/san-francisco-da-drops-charges-against-woman-linked-to-crime-through-rape-victim-dna,San Francisco DA drops charges against woman linked to crime through rape victim DNA,20220218T063000Z,wprl.org,English,United States,False,unclassified
https://www.kgou.org/politics-and-government/2022-02-17/san-francisco-da-drops-charges-against-woman-linked-to-crime-through-rape-victim-dna,San Francisco DA drops charges against woman linked to crime through rape victim DNA,20220218T073000Z,kgou.org,English,United States,False,unclassified
https://www.wglt.org/2022-02-17/san-francisco-da-drops-charges-against-woman-linked-to-crime-through-rape-victim-dna,San Francisco DA drops charges against woman linked to crime through rape victim DNA,20220218T041500Z,wglt.org,English,United States,False,unclassified
https://www.kacu.org/2022-02-17/san-francisco-da-drops-charges-against-woman-linked-to-crime-through-rape-victim-dna,San Francisco DA drops charges against woman linked to crime through rape victim DNA,20220218T061500Z,kacu.org,English,United States,False,unclassified
https://www.publicradiotulsa.org/npr-national-news/2022-02-17/san-francisco-da-drops-charges-against-woman-linked-to-crime-through-rape-victim-dna,San Francisco DA drops charges against woman linked to crime through rape victim DNA,20220218T061500Z,publicradiotulsa.org,English,United States,False,unclassified
https://www.ketr.org/2022-02-17/san-francisco-da-drops-charges-against-woman-linked-to-crime-through-rape-victim-dna,San Francisco DA drops charges against woman linked to crime through rape victim DNA,20220218T071500Z,ketr.org,English,United States,False,unclassified
https://www.wcbe.org/npr-news/2022-02-17/san-francisco-da-drops-charges-against-woman-linked-to-crime-through-rape-victim-dna,San Francisco DA drops charges against woman linked to crime through rape victim DNA,20220218T070000Z,wcbe.org,English,United States,False,unclassified
https://www.kdlg.org/as-heard-on-npr/2022-02-17/san-francisco-da-drops-charges-against-woman-linked-to-crime-through-rape-victim-dna,San Francisco DA drops charges against woman linked to crime through rape victim DNA,20220218T070000Z,kdlg.org,English,United States,False,unclassified
https://www.wksu.org/npr-news/2022-02-17/san-francisco-da-drops-charges-against-woman-linked-to-crime-through-rape-victim-dna,San Francisco DA drops charges against woman linked to crime through rape victim DNA,20220218T070000Z,wksu.org,English,United States,False,unclassified
https://www.kpcw.org/npr-news/2022-02-17/san-francisco-da-drops-charges-against-woman-linked-to-crime-through-rape-victim-dna,San Francisco DA drops charges against woman linked to crime through rape victim DNA,20220218T064500Z,kpcw.org,English,United States,False,unclassified
https://www.wypr.org/2022-02-17/san-francisco-da-drops-charges-against-woman-linked-to-crime-through-rape-victim-dna,San Francisco DA drops charges against woman linked to crime through rape victim DNA,20220218T143000Z,wypr.org,English,United States,False,unclassified
https://www.kzyx.org/npr-news/2022-02-17/san-francisco-da-drops-charges-against-woman-linked-to-crime-through-rape-victim-dna,San Francisco DA drops charges against woman linked to crime through rape victim DNA,20220218T133000Z,kzyx.org,English,United States,False,unclassified
https://www.apr.org/2022-02-17/san-francisco-da-drops-charges-against-woman-linked-to-crime-through-rape-victim-dna,San Francisco DA drops charges against woman linked to crime through rape victim DNA,20220218T120000Z,apr.org,English,United States,False,unclassified
https://www.hppr.org/2022-02-17/san-francisco-da-drops-charges-against-woman-linked-to-crime-through-rape-victim-dna,San Francisco DA drops charges against woman linked to crime through rape victim DNA,20220218T120000Z,hppr.org,English,United States,False,unclassified
https://www.wyomingpublicmedia.org/2022-02-17/san-francisco-da-drops-charges-against-woman-linked-to-crime-through-rape-victim-dna,San Francisco DA drops charges against woman linked to crime through rape victim DNA,20220218T120000Z,wyomingpublicmedia.org,English,United States,False,unclassified
https://www.wvik.org/2022-02-17/san-francisco-da-drops-charges-against-woman-linked-to-crime-through-rape-victim-dna,San Francisco DA drops charges against woman linked to crime through rape victim DNA,20220218T124500Z,wvik.org,English,United States,False,unclassified
https://www.wbfo.org/2022-02-17/san-francisco-da-drops-charges-against-woman-linked-to-crime-through-rape-victim-dna,San Francisco DA drops charges against woman linked to crime through rape victim DNA,20220218T121500Z,wbfo.org,English,United States,False,unclassified
https://www.wutc.org/2022-02-17/san-francisco-da-drops-charges-against-woman-linked-to-crime-through-rape-victim-dna,San Francisco DA drops charges against woman linked to crime through rape victim DNA,20220218T123000Z,wutc.org,English,United States,False,unclassified
https://www.wrvo.org/2022-02-17/san-francisco-da-drops-charges-against-woman-linked-to-crime-through-rape-victim-dna,San Francisco DA drops charges against woman linked to crime through rape victim DNA,20220218T123000Z,wrvo.org,English,United States,False,unclassified
https://www.upr.org/npr-news/2022-02-17/san-francisco-da-drops-charges-against-woman-linked-to-crime-through-rape-victim-dna,San Francisco DA drops charges against woman linked to crime through rape victim DNA,20220218T123000Z,upr.org,English,United States,False,unclassified
https://www.wclk.com/2022-02-17/san-francisco-da-drops-charges-against-woman-linked-to-crime-through-rape-victim-dna,San Francisco DA drops charges against woman linked to crime through rape victim DNA,20220218T154500Z,wclk.com,English,United States,False,unclassified
https://www.middletownpress.com/news/article/Use-of-rape-kit-DNA-to-probe-other-crimes-shocks-16924737.php,Use of rape - kit DNA to probe other crimes shocks prosecutors,20220217T013000Z,middletownpress.com,English,United States,False,unclassified
https://www.registercitizen.com/news/article/Use-of-rape-kit-DNA-to-probe-other-crimes-shocks-16924737.php,Use of rape - kit DNA to probe other crimes shocks prosecutors,20220217T060000Z,registercitizen.com,English,United States,False,unclassified
https://www.theridgefieldpress.com/news/article/Use-of-rape-kit-DNA-to-probe-other-crimes-shocks-16924737.php,Use of rape - kit DNA to probe other crimes shocks prosecutors,20220217T063000Z,theridgefieldpress.com,English,United States,False,unclassified
https://www.trumbulltimes.com/news/article/Use-of-rape-kit-DNA-to-probe-other-crimes-shocks-16924737.php,Use of rape - kit DNA to probe other crimes shocks prosecutors,20220217T063000Z,trumbulltimes.com,English,United States,False,unclassified
https://www.theintelligencer.com/news/article/Use-of-rape-kit-DNA-to-probe-other-crimes-shocks-16924737.php,Use of rape - kit DNA to probe other crimes shocks prosecutors,20220217T054500Z,theintelligencer.com,English,United States,False,unclassified
https://www.reflector.com/news/national/use-of-rape-kit-dna-to-probe-other-crimes-shocks-prosecutors/article_575b9720-e2c8-5295-8b37-162cd01a66ff.html,Use of rape - kit DNA to probe other crimes shocks prosecutors,20220217T073000Z,reflector.com,English,United States,False,unclassified
https://www.meridianstar.com/news/nation_and_world/use-of-rape-kit-dna-to-probe-other-crimes-shocks-prosecutors/article_273bd124-837e-51a9-ab27-67fb3e03352c.html,Use of rape - kit DNA to probe other crimes shocks prosecutors,20220217T093000Z,meridianstar.com,English,United States,False,unclassified
https://www.fox35orlando.com/news/use-of-rape-kit-dna-in-san-francisco-to-probe-other-crimes-shocks-prosecutors,Use of rape - kit DNA in San Francisco to probe other crimes shocks prosecutors,20220217T173000Z,fox35orlando.com,English,United States,False,unclassified
https://www.gillettenewsrecord.com/news/national_world/article_3c50394b-e047-53a3-ba3b-8f16dfd69c9f.html,Use of rape - kit DNA to probe other crimes shocks prosecutors,20220217T171500Z,gillettenewsrecord.com,English,United States,False,unclassified
https://elkodaily.com/news/national/rape-kit-dna-used-in-other-crime-inquiries/article_553438e3-db9e-58d0-bc07-e6dc6eaa65ca.html,Rape - kit DNA used in other crime inquiries,20220217T210000Z,elkodaily.com,English,United States,False,unclassified
https://www.hngnews.com/nation_world/article_7d73aecd-7ae6-5b61-a806-1829638f70c1.html,Use of rape - kit DNA to probe other crimes shocks prosecutors,20220217T071500Z,hngnews.com,English,United States,False,unclassified
https://www.washtimesherald.com/news/national_news/use-of-rape-kit-dna-to-probe-other-crimes-shocks-prosecutors/article_dff87d60-9087-5583-9a4d-58d04747b952.html,Use of rape - kit DNA to probe other crimes shocks prosecutors,20220217T070000Z,washtimesherald.com,English,United States,False,unclassified
https://www.standard-journal.com/news/news_ap/article_114b4610-afdd-5140-8e99-73ed2b7ec820.html,Use of rape - kit DNA to probe other crimes shocks prosecutors,20220217T064500Z,standard-journal.com,English,United States,False,unclassified
https://www.benningtonbanner.com/ap/national/use-of-rape-kit-dna-to-probe-other-crimes-shocks-prosecutors/article_d4839a41-e2ad-57ba-ad76-4d88a0453c76.html,Use of rape - kit DNA to probe other crimes shocks prosecutors,20220217T064500Z,benningtonbanner.com,English,United States,False,unclassified
https://www.kokomotribune.com/news/nation_world_news/use-of-rape-kit-dna-to-probe-other-crimes-shocks-prosecutors/article_74c7b094-243e-5786-ab58-f1e1c689116b.html,Use of rape - kit DNA to probe other crimes shocks prosecutors,20220217T080000Z,kokomotribune.com,English,United States,False,unclassified
https://thedailyrecord.com/2022/02/17/use-of-rape-kit-dna-to-investigate-other-crimes-shocks-prosecutors/,Use of rape - kit DNA to investigate other crimes shocks prosecutors,20220218T000000Z,thedailyrecord.com,English,United States,False,unclassified
https://www.couriernews.com/news/national/use-of-rape-kit-dna-to-probe-other-crimes-shocks-prosecutors/article_dfab6d4b-efa0-5c29-ba60-98a5b42a5438.html,Use of rape - kit DNA to probe other crimes shocks prosecutors,20220217T080000Z,couriernews.com,English,United States,False,unclassified
https://www.bozemandailychronicle.com/ap_news/us/use-of-rape-kit-dna-to-probe-other-crimes-shocks-prosecutors/article_4492af34-0f7c-59be-ba89-59a2682f59fe.html,Use of rape - kit DNA to probe other crimes shocks prosecutors,20220217T013000Z,bozemandailychronicle.com,English,United States,False,unclassified
https://www.heraldbulletin.com/news/nation_world/use-of-rape-kit-dna-to-probe-other-crimes-shocks-prosecutors/article_cff81ece-aaec-5111-b30b-e00bccfc9495.html,Use of rape - kit DNA to probe other crimes shocks prosecutors,20220217T013000Z,heraldbulletin.com,English,United States,False,unclassified
https://www.bgdailynews.com/news/national/use-of-rape-kit-dna-to-probe-other-crimes-shocks-prosecutors/article_104453b4-fcca-541f-a862-1d22762afc1c.html,Use of rape - kit DNA to probe other crimes shocks prosecutors,20220217T003000Z,bgdailynews.com,English,United States,False,unclassified
https://www.klkntv.com/i/use-of-rape-kit-dna-to-probe-other-crimes-shocks-prosecutors/,Use of rape - kit DNA to probe other crimes shocks prosecutors,20220217T011500Z,klkntv.com,English,United States,False,unclassified
https://www.mymotherlode.com/news/state/2347245/use-of-rape-kit-dna-to-probe-other-crimes-shocks-prosecutors.html,Use of rape - kit DNA to probe other crimes shocks prosecutors,20220217T011500Z,mymotherlode.com,English,United States,False,unclassified
https://www.yankton.net/news/national_ap/article_e72415e3-2e59-5acb-b69a-9278aee3682c.html,Use of rape - kit DNA to probe other crimes shocks prosecutors,20220217T021500Z,yankton.net,English,United States,False,unclassified
https://www.ivpressonline.com/news/nation/use-of-rape-kit-dna-to-probe-other-crimes-shocks-prosecutors/article_19852cb1-09ea-5de0-b02c-57360da8a94c.html,Use of rape - kit DNA to probe other crimes shocks prosecutors,20220217T014500Z,ivpressonline.com,English,United States,False,unclassified
https://santamariatimes.com/news/state-and-regional/use-of-rape-kit-dna-to-probe-other-crimes-shocks-prosecutors/article_f8a776b3-8302-5e18-87ef-a8a684338a78.html,Use of rape - kit DNA to probe other crimes shocks prosecutors,20220217T040000Z,santamariatimes.com,English,United States,False,unclassified
https://www.tahlequahdailypress.com/natlnewsap/use-of-rape-kit-dna-to-probe-other-crimes-shocks-prosecutors/article_e4c1c398-1791-52c0-8cc4-ce395cf18413.html,Use of rape - kit DNA to probe other crimes shocks prosecutors,20220217T043000Z,tahlequahdailypress.com,English,United States,False,unclassified
https://www.caledonianrecord.com/news/national/use-of-rape-kit-dna-to-probe-other-crimes-shocks-prosecutors/article_da6ab56d-dbcf-52e1-b171-c322c7ce5bec.html,Use of rape - kit DNA to probe other crimes shocks prosecutors,20220217T041500Z,caledonianrecord.com,English,United States,False,unclassified
http://www.morningjournalnews.com/wire/?category=5266&ID=166317,"Use of rape - kit DNA to probe other crimes shocks prosecutors | News , Sports , Jobs",20220217T061500Z,morningjournalnews.com,English,United States,False,unclassified
https://www.reformer.com/ap/national/use-of-rape-kit-dna-to-probe-other-crimes-shocks-prosecutors/article_4cc03a94-d548-5bf3-962a-5a38c141fc59.html,Use of rape - kit DNA to probe other crimes shocks prosecutors,20220217T061500Z,reformer.com,English,United States,False,unclassified
https://www.greensburgdailynews.com/news/nation_world/use-of-rape-kit-dna-to-probe-other-crimes-shocks-prosecutors/article_d9fbb0dd-23ec-5c27-bff2-c7b2333e0d6f.html,Use of rape - kit DNA to probe other crimes shocks prosecutors,20220217T063000Z,greensburgdailynews.com,English,United States,False,unclassified
https://www.crossville-chronicle.com/news/ap_news/use-of-rape-kit-dna-to-probe-other-crimes-shocks-prosecutors/article_99dbceda-1e2a-5c18-8b5e-aba1dd26f7a1.html,Use of rape - kit DNA to probe other crimes shocks prosecutors,20220217T053000Z,crossville-chronicle.com,English,United States,False,unclassified
https://www.mankatofreepress.com/news/state_national_news/use-of-rape-kit-dna-to-probe-other-crimes-shocks-prosecutors/article_dc89069d-1a1a-5633-b43f-ff09326e172f.html,Use of rape - kit DNA to probe other crimes shocks prosecutors,20220217T000000Z,mankatofreepress.com,English,United States,False,unclassified
https://www.recorderonline.com/news/state_news/use-of-rape-kit-dna-to-probe-other-crimes-shocks-prosecutors/article_0c5cff37-70a8-5ad5-89d0-a9f05775633e.html,Use of rape - kit DNA to probe other crimes shocks prosecutors,20220217T000000Z,recorderonline.com,English,United States,False,unclassified
https://www.northcountrypublicradio.org/news/npr/1081634509/san-francisco-da-drops-charges-against-woman-linked-to-crime-through-rape-victim-dna,San Francisco DA drops charges against woman linked to crime through rape victim DNA,20220218T061500Z,northcountrypublicradio.org,English,United States,False,unclassified
https://www.recordnet.com/story/news/nation/2022/02/16/rape-kit-dna-used-charge-san-francisco-woman-unrelated-crime-da-says/6821718001/,"Rape kit DNA used to charge San Francisco woman in an unrelated crime , DA says",20220217T210000Z,recordnet.com,English,United States,False,unclassified
https://www.siskiyoudaily.com/story/news/nation/2022/02/16/rape-kit-dna-used-charge-san-francisco-woman-unrelated-crime-da-says/6821718001/,"Rape kit DNA used to charge San Francisco woman in an unrelated crime , DA says",20220217T234500Z,siskiyoudaily.com,English,United States,False,unclassified
https://muscatinejournal.com/news/national/use-of-rape-kit-dna-to-probe-other-crimes-shocks-prosecutors/article_d4e1587f-b8f3-5bfd-9e73-06c49c1552f4.html,Use of rape - kit DNA to probe other crimes shocks prosecutors,20220217T033000Z,muscatinejournal.com,English,United States,False,unclassified
https://www.vvdailypress.com/story/news/nation/2022/02/16/rape-kit-dna-used-charge-san-francisco-woman-unrelated-crime-da-says/6821718001/,"Rape kit DNA used to charge San Francisco woman in an unrelated crime , DA says",20220218T011500Z,vvdailypress.com,English,United States,False,unclassified
https://www.prnewswire.com/news-releases/greenberg-demands-sf-mayor-act-on-da-recall-301487192.html,Greenberg Demands SF Mayor Act on DA Recall,20220222T124500Z,prnewswire.com,English,United States,True,unclassified
https://www.prnewswire.com:443/news-releases/greenberg-demands-sf-mayor-act-on-da-recall-301487192.html,Greenberg Demands SF Mayor Act on DA Recall,20220222T124500Z,prnewswire.com,English,United States,True,unclassified
https://hotair.com/john-s-2/2022/02/22/16-year-old-girl-found-dead-on-the-street-just-blocks-from-san-franciscos-linkage-center-n450388,16 - year - old girl found dead on the street just blocks from San Francisco linkage center,20220223T000000Z,hotair.com,English,United States,False,unclassified
https://hanfordsentinel.com/opinion/columnists/newest-california-trend-recalling-officeholders-dan-walters/article_fce66b75-30f4-540d-82ad-4bdb0e41e374.html,Newest California trend : Recalling officeholders | Dan Walters,20220222T154500Z,hanfordsentinel.com,English,United States,True,unclassified
https://www.politico.com/news/2022/02/22/los-angeles-prosecutors-progressive-da-gascon-00010798,Los Angeles prosecutors overwhelmingly want to oust their progressive boss,20220223T023000Z,politico.com,English,United States,False,national
https://redstate.com/jeffc/2022/02/23/california-prosecutors-are-sick-and-tired-of-george-gascons-woke-crime-policies-n526786,California Prosecutors Are Sick and Tired of George Gascon Woke Crime Policies – RedState,20220223T204500Z,redstate.com,English,United States,False,unclassified
https://thehill.com/opinion/white-house/595424-the-other-war-happening-right-under-joe-bidens-nose,The  other war  happening right under Joe Biden nose,20220224T153000Z,thehill.com,English,United States,False,national
http://www.msn.com/en-us/news/politics/the-other-war-happening-right-under-joe-biden-s-nose/ar-AAUfWgf,The  other war  happening right under Joe Biden nose,20220224T154500Z,msn.com,English,United States,False,unclassified
https://www.msn.com/en-us/news/politics/the-other-war-happening-right-under-joe-biden-s-nose/ar-AAUfWgf,The  other war  happening right under Joe Biden nose,20220224T153000Z,msn.com,English,United States,False,unclassified
https://sfist.com/2022/02/21/chesa-boudin-booed-rather-roundly-followed-by-handful-of-hecklers-at-lunar-new-year-parade/,"Chesa Boudin Booed Rather Roundly , Followed By Handful of Hecklers at Lunar New Year Parade",20220222T033000Z,sfist.com,English,United States,True,local
https://santamariatimes.com/news/local/state-and-regional/newest-california-trend-recalling-officeholders-dan-walters/article_2f170490-4086-5b47-855d-31ecf937f262.html,Newest California trend : Recalling officeholders | Dan Walters,20220222T161500Z,santamariatimes.com,English,United States,True,unclassified
https://lompocrecord.com/opinion/columnists/newest-california-trend-recalling-officeholders-dan-walters/article_e7b58853-2ced-5b7a-b8af-60c2908f12c3.html,Newest California trend : Recalling officeholders | Dan Walters,20220222T170000Z,lompocrecord.com,English,United States,True,unclassified
https://www.washingtonpost.com/nation/2022/02/22/san-francisco-tenderloin-london-breed/,San Francisco Tenderloin a Liberal Challenge - The Washington Post,20220222T143000Z,washingtonpost.com,English,United States,False,national
https://www.sfgate.com/news/article/Inside-the-Tenderloin-can-a-city-fix-a-16937711.php,"Inside the Tenderloin , can a city fix a neighborhood while staying true to its values ? ",20220224T163000Z,sfgate.com,English,United States,False,local
https://www.msn.com/en-us/news/us/inside-the-tenderloin-can-a-city-fix-a-neighborhood-while-staying-true-to-its-values/ar-AAUa9nS,"Inside the Tenderloin , can a city fix a neighborhood while staying true to its values ? ",20220222T133000Z,msn.com,English,United States,False,unclassified
https://www.politico.com/newsletters/california-playbook/2022/02/23/the-uproar-that-could-unseat-gascon-00010904,The uproar that could unseat Gascón,20220223T181500Z,politico.com,English,United States,False,national
https://www.foxnews.com/transcript/the-five-russia-ukraine-rise-in-violent-crime,"  The Five  on Russia - Ukraine , rise in violent crime",20220222T190000Z,foxnews.com,English,United States,False,national
https://beyondchron.org/mayor-breed-must-replace-chief-scott/,Mayor Breed Must Replace Chief Scott,20220228T163000Z,beyondchron.org,English,United States,False,unclassified
https://www.ebar.com/news/news/313288,Bay Area Reporter :: Editorial : SF recall proposal is undemocratic,20220223T224500Z,ebar.com,English,United States,True,unclassified
https://www.nationalmemo.com/progressive-prosecutors,Hard Truths About The Power Of  Progressive  Prosecutors,20220227T074500Z,nationalmemo.com,English,United States,False,unclassified
https://www.prnewswire.com/news-releases/one-hundred-days-until-sf-district-attorney-recall-301492613.html,One Hundred Days Until SF District Attorney Recall,20220301T124500Z,prnewswire.com,English,United States,True,unclassified
https://www.prnewswire.com:443/news-releases/one-hundred-days-until-sf-district-attorney-recall-301492613.html,One Hundred Days Until SF District Attorney Recall,20220301T124500Z,prnewswire.com,English,United States,True,unclassified
https://freebeacon.com/democrats/chesa-boudins-unlikely-backer/,California Most Radical Prosecutor Bankrolled by Scandal - Plagued Bitcoin Billionaire,20220307T150000Z,freebeacon.com,English,United States,False,unclassified
https://www.sfgate.com/bay-area-politics/article/Chesa-Boudin-London-Breed-San-Francisco-crime-SFPD-16967992.php,Chesa Boudin takes swipes at San Francisco Mayor London Breed in New York Times interview,20220301T173000Z,sfgate.com,English,United States,True,local
https://sfist.com/2022/03/01/chinatown-plastic-bat-attack-victim-drops-lawsuit-against-chesa-boudin/,Chinatown Plastic Bat Attack Victim Drops Lawsuit Against Chesa Boudin,20220302T003000Z,sfist.com,English,United States,True,local
https://hotair.com/john-s-2/2022/03/04/under-da-chesa-boudin-convictions-are-down-and-down-charging-of-felonies-is-up-n453060,Under DA Chesa Boudin convictions are down and more felonies are  charged down  ,20220304T231500Z,hotair.com,English,United States,True,unclassified
https://sfist.com/2022/03/01/key-takeaways-from-chesa-boudins-new-york-times-interview/,Key Takeaways From Chesa Boudin New York Times Interview,20220302T003000Z,sfist.com,English,United States,True,local
https://sfist.com/2022/03/04/boudins-office-releases-2021-prosecution-and-conviction-data-both-his-opponents-and-supporters-say-see-i-told-you-so/,"Boudin Office Releases 2021 Prosecution and Conviction Data , Opponents and Supporters Both Say  I Told You So  ",20220305T041500Z,sfist.com,English,United States,True,local
https://www.sfchronicle.com/crime/article/Chesa-Boudin-s-office-just-released-new-data-on-16973247.php,Chesa Boudin office just released new data on the S . F . district attorney charging rates and case outcomes . Here what it shows,20220304T174500Z,sfchronicle.com,English,United States,True,local
https://www.latimes.com/opinion/story/2022-03-03/progressive-prosecutors-george-gascon-recall,Nicholas Goldberg : Were swinging back to  tough - on - crime  before reforms have had a chance,20220303T120000Z,latimes.com,English,United States,False,national
https://www.sfchronicle.com/bayarea/article/Campos-can-t-use-civil-rights-attorney-on-16969813.php,Campos cant use  civil rights attorney  on ballot as Assembly special election grows increasingly bitter,20220302T034500Z,sfchronicle.com,English,United States,False,local
https://bearingarms.com/camedwards/2022/03/01/san-fran-da-get-tough-on-gun-makers-not-violent-offenders-n55977,"San Fran DA : Get tough on gun makers , not violent offenders",20220302T000000Z,bearingarms.com,English,United States,False,unclassified
https://www.msn.com/en-us/news/us/people-are-reading-too-much-into-the-california-recalls/ar-AAUyrZC,People are reading too much into the California recalls,20220303T124500Z,msn.com,English,United States,True,unclassified
https://www.ammoland.com/2022/03/gun-hating-moms-blame-stand-your-ground-laws-murder-rates/,Gun Hating Moms Blame Common  Stand Your Ground  Laws for Skyrocketing Murder Rates,20220301T183000Z,ammoland.com,English,United States,False,unclassified
https://www.nytimes.com/interactive/2022/03/01/magazine/chesa-boudin-interview.html,San Francisco D . A . Says Angry Elites Want Him Out of Office,20220301T120000Z,nytimes.com,English,United States,False,national
https://hotair.com/john-s-2/2022/03/01/san-francisco-da-chesa-boudin-on-rampant-theft-it-has-nothing-to-do-with-my-policies-n452095,San Francisco DA Chesa Boudin on rampant theft :  It has nothing to do with my policies  ,20220301T201500Z,hotair.com,English,United States,True,unclassified
https://www.theepochtimes.com/san-francisco-homeowners-beware_4315158.html,"San Francisco Homeowners , Beware",20220303T231500Z,theepochtimes.com,English,United States,False,unclassified
https://www.chron.com/politics-op-eds/article/People-read-too-much-into-California-recalls-16967911.php,People are reading too much into the California recalls,20220303T124500Z,chron.com,English,United States,True,unclassified
https://www.sfgate.com/politics-op-eds/article/People-read-too-much-into-California-recalls-16967911.php,People are reading too much into the California recalls,20220303T124500Z,sfgate.com,English,United States,True,local
http://www.msn.com/en-us/news/politics/why-crime-is-at-the-center-of-california-elections-this-year/ar-AAUvJDi,Why crime is at the center of California elections this year,20220302T134500Z,msn.com,English,United States,False,unclassified
https://www.latimes.com/california/story/2022-03-02/crime-debate-center-california-election-season,Why crime is at the center of California elections this year,20220302T134500Z,latimes.com,English,United States,False,national
https://www.sandiegouniontribune.com/news/california/story/2022-03-02/crime-debate-center-california-election-season,Why crime is at the center of California elections this year,20220302T150000Z,sandiegouniontribune.com,English,United States,False,unclassified
https://www.chron.com/bay-area-politics/article/London-Breed-shifts-on-Boudin-recall-16986908.php,London Breed stance on Chesa Boudin recall seems to shift,20220309T000000Z,chron.com,English,United States,True,unclassified
https://www.sfgate.com/bay-area-politics/article/London-Breed-shifts-on-Boudin-recall-16986908.php,London Breed stance on Chesa Boudin recall seems to shift,20220309T003000Z,sfgate.com,English,United States,True,local
https://www.sfchronicle.com/bayarea/article/San-Francisco-is-coming-back-Mayor-Breed-16989846.php,"  San Francisco is coming back . Mayor Breed hits optimistic note in annual address , but says work still needed in housing , public safety",20220309T221500Z,sfchronicle.com,English,United States,False,local
https://www.breitbart.com/law-and-order/2022/03/11/san-francisco-police-officer-acquitted-of-assault-after-d-a-s-office-accused-of-withholding-evidence/,San Francisco Police Officer Acquitted of Assault After D . A . Office Accused of Withholding Evidence,20220313T233000Z,breitbart.com,English,United States,False,national
https://www.startribune.com/dont-rush-to-restart-the-war-on-crime/600153857/,Dont rush to restart the war on crime - StarTribune . com,20220309T163000Z,startribune.com,English,United States,False,unclassified
https://www.politico.com/newsletters/california-playbook/2022/03/11/whos-running-and-who-isnt-00016450,"Who running , and who isnt - POLITICO",20220311T180000Z,politico.com,English,United States,False,national
https://www.latimes.com/california/story/2022-03-07/san-francisco-police-officer-terrance-stangel-not-guilty-in-beating-of-dacari-spiers,San Francisco cop found not guilty in beating of Black man,20220308T054500Z,latimes.com,English,United States,False,national
https://www.politico.com/news/2022/03/13/california-attorney-general-race-bonta-00011434,Prosecutor races test California patience for crime policies,20220313T120000Z,politico.com,English,United States,False,national
https://hotair.com/john-s-2/2022/03/09/chesa-boudin-talking-tough-on-crime-as-recall-approaches-n454111,Chesa Boudin talking tough on crime as recall approaches,20220309T214500Z,hotair.com,English,United States,True,unclassified
https://sfist.com/2022/03/09/chesa-boudin-speaks-after-high-profile-defeat-in-prosecution-of-officer-for-police-beating/,Chesa Boudin Speaks After High - Profile Defeat in Prosecution of Officer for Police Beating,20220310T030000Z,sfist.com,English,United States,True,local
https://www.breitbart.com/politics/2022/03/11/ann-coulter-do-these-black-lives-matter-to-l-a-s-idiot-d-a/,Ann Coulter : Do These Black Lives Matter to L . A . Idiot D . A .? ,20220312T000000Z,breitbart.com,English,United States,False,national
https://www.davisvanguard.org/2022/03/justice-reform-groups-look-at-six-critical-da-races-for-2022-in-california/,Justice Reform Groups Look At Six Critical DA Races for 2022 in California,20220311T180000Z,davisvanguard.org,English,United States,False,unclassified
https://townhall.com/columnists/anncoulter/2022/03/09/do-these-black-lives-matter-to-las-idiot-da-n2604354,Do These Black Lives Matter to L . A . Idiot D . A .? ,20220309T234500Z,townhall.com,English,United States,False,unclassified
https://www.takimag.com/article/do-these-black-lives-matter-to-l-a-s-idiot-d-a/,Do These Black Lives Matter to L . A . Idiot D . A .? - Taki Magazine,20220310T130000Z,takimag.com,English,United States,False,unclassified
https://www.nytimes.com/2022/03/12/opinion/california-democrats-liberals-progressives.html,Opinion | Just How Liberal Is California ? The Answer Matters to Democrats Everywhere . ,20220312T180000Z,nytimes.com,English,United States,False,national
https://www.politico.com/newsletters/california-playbook/2022/03/14/as-goes-bonta-so-goes-the-state-00016934,"As goes Bonta , so goes the state",20220314T144500Z,politico.com,English,United States,False,national
https://sfist.com/2022/03/08/judge-in-sfpd-use-of-force-trial-balks-at-prosecutions-request-for-new-court-date-sends-clear-message-to-da/,"Judge In SFPD Use - of - Force Trial Balks at Prosecution Request for New Court Date , Sends Clear Message to DA",20220308T231500Z,sfist.com,English,United States,False,local
https://uptownmessenger.com/2022/03/viewpoint-progressive-prosecutors-like-da-jason-williams-are-often-on-the-hot-seat/,Viewpoint : Progressive prosecutors like DA Jason Williams are often on the hot seat,20220310T181500Z,uptownmessenger.com,English,United States,False,unclassified
https://www.havasunews.com/opinion/ann-coulter-do-these-black-lives-matter-to-l-a-s-idiot-da/article_df635d80-a366-11ec-8b5b-dfa2d959a9ab.html,Ann Coulter : Do these black lives matter to L . A . idiot DA ? | Opinion,20220314T080000Z,havasunews.com,English,United States,False,unclassified
https://patriotpost.us/opinion/86815-do-these-black-lives-matter-to-las-idiot-da-2022-03-10,Ann Coulter : Do These Black Lives Matter to LA Idiot DA ? ,20220310T161500Z,patriotpost.us,English,United States,False,unclassified
https://www.fbherald.com/opinion/do-these-black-lives-matter-to-l-a-s-idiot-d-a/article_110ea3bb-771f-5fa1-a805-a7bfd6b8b95f.html,DO THESE BLACK LIVES MATTER TO L . A . IDIOT D . A .? ,20220310T231500Z,fbherald.com,English,United States,False,unclassified
https://www.ktvu.com/news/close-to-70-of-respondents-say-yes-to-recall-boudin-recent-poll-shows,Chesa Boudin poll shows recall effort has strong support,20220316T231500Z,ktvu.com,English,United States,True,local
https://www.lawofficer.com/san-francisco-voters-recall-district-attorney-chesa-boudin/,San Francisco voters on track to recall District Attorney Chesa Boudin,20220320T231500Z,lawofficer.com,English,United States,True,unclassified
https://www.sfchronicle.com/politics/joegarofoli/article/Attorney-General-Rob-Bonta-s-opponents-want-to-17012883.php,Attorney General Rob Bonta opponents want to talk about crime . He wants to talk about the guns driving it,20220320T113000Z,sfchronicle.com,English,United States,False,local
https://www.ebar.com/index.php?id=313887,Bay Area Reporter :: Poll shows support for recall of DA Boudin,20220316T213000Z,ebar.com,English,United States,True,unclassified
https://www.ebar.com/news/latest_news/313887,Bay Area Reporter :: Poll shows support for recall of DA Boudin,20220316T190000Z,ebar.com,English,United States,True,unclassified
https://www.sfchronicle.com/sf/bayarea/heatherknight/article/D-A-Chesa-Boudin-recall-New-poll-of-S-F-voters-17005027.php,D . A . Chesa Boudin recall : New poll of S . F . voters suggests he might be in trouble,20220316T121500Z,sfchronicle.com,English,United States,True,local
https://www.city-journal.org:443/chesa-boudin-facing-uphill-battle-in-recall-election,Chesa Boudin Facing Uphill Battle in Recall Election,20220317T221500Z,city-journal.org,English,United States,True,unclassified
https://www.americanthinker.com/blog/2022/03/the_reign_of_west_coast_sorosfunded_prosecutors_may_be_ending.html,The reign of West coast Soros - funded prosecutors may be ending,20220317T123000Z,americanthinker.com,English,United States,False,unclassified
https://dailycaller.com/2022/03/17/chesa-boudin-recall-san-francisco-crime/,New Poll Is Bad News For A Left - Wing DA Facing Recall,20220317T211500Z,dailycaller.com,English,United States,True,national
https://hotair.com/john-s-2/2022/03/16/recall-new-poll-shows-da-chesa-boudin-is-in-trouble-n455740,Recall : New poll shows DA Chesa Boudin is in trouble,20220316T201500Z,hotair.com,English,United States,True,unclassified
https://www.washingtonexaminer.com/news/vast-majority-favor-recalling-da-chesa-boudin-as-crime-sweeps-san-francisco-poll,Vast majority favor recalling DA Chesa Boudin as crime sweeps San Francisco : Poll,20220317T030000Z,washingtonexaminer.com,English,United States,True,unclassified
https://bearingarms.com/camedwards/2022/03/20/california-ag-race-could-hinge-on-gun-control-n56588,California AG race could hinge on gun control,20220320T210000Z,bearingarms.com,English,United States,False,unclassified
https://www.newsweek.com/most-san-francisco-dems-favor-ousting-progressive-da-over-crime-spike-poll-1688756,Most San Francisco Dems Favor Ousting Progressive DA Over Crime Spike : Poll,20220316T220000Z,newsweek.com,English,United States,False,national
https://sfist.com/2022/03/16/new-poll-by-recall-boudin-campaign-suggests-dems-in-favor-pro-boudin-camp-fires-back-with-more-police-data/,New Poll By Recall Boudin Campaign Suggests Dems In Favor ; Pro - Boudin Camp Fires Back With More Police Data,20220316T194500Z,sfist.com,English,United States,True,local
https://redstate.com/jeffc/2022/03/17/woke-california-district-attorney-finds-himself-in-hot-water-n537284,Woke California District Attorney Finds Himself in Hot Water,20220317T220000Z,redstate.com,English,United States,False,unclassified
https://www.sfchronicle.com/sf/article/Are-S-F-residents-getting-their-money-s-worth-17004777.php,Are S . F . residents getting their money worth from police ? ,20220316T020000Z,sfchronicle.com,English,United States,False,local
https://www.latimes.com/california/newsletter/2022-03-17/essential-california-shasta-county-recall-essential-california,Essential California : The former filmmaker who bankrolled a militia - backed recall,20220317T130000Z,latimes.com,English,United States,True,national
https://datebook.sfchronicle.com/movies-tv/legendary-documentarian-stanley-nelson-up-for-his-first-oscar-for-powerful-attica,Legendary documentarian Stanley Nelson up for his first Oscar for powerful  Attica  ,20220318T161500Z,datebook.sfchronicle.com,English,United States,False,unclassified
https://www.theepochtimes.com/soros-mindset-invades-nashville_4351486.html,Soros Mindset Invades Nashville,20220321T180000Z,theepochtimes.com,English,United States,False,unclassified
https://www.chron.com/politics/article/Chesa-Boudin-recall-San-Francisco-poll-crime-17006018.php,"We finally have a Chesa Boudin recall election poll , and it bad news for him",20220316T161500Z,chron.com,English,United States,True,unclassified
https://www.sfgate.com/politics/article/Chesa-Boudin-recall-San-Francisco-poll-crime-17006018.php,"We finally have a Chesa Boudin recall election poll , and it bad news for him",20220316T151500Z,sfgate.com,English,United States,True,local
https://www.politico.com/newsletters/california-playbook/2022/03/17/a-brutal-new-poll-for-boudin-00018061,A brutal new poll for Boudin,20220317T144500Z,politico.com,English,United States,True,national
https://www.wgbh.org/news/politics/2022/03/15/if-elected-da-will-kevin-hayden-keep-rachael-rollins-progressive-policies-in-place,"If elected DA , will Kevin Hayden keep Rachael Rollin progressive policies in place ? ",20220315T144500Z,wgbh.org,English,United States,False,unclassified
https://freerepublic.com/tag/*/index?more=4047950,Latest Articles,20220319T043000Z,freerepublic.com,English,United States,False,national
https://freerepublic.com/tag/*/index?more=4047941,Latest Articles,20220319T033000Z,freerepublic.com,English,United States,False,national
https://www.ebar.com/index.php?id=313867,Bay Area Reporter :: Campos gets Selby backing in Assembly race,20220315T220000Z,ebar.com,English,United States,False,unclassified
https://48hills.org/2022/03/twice-in-50-years-sf-cops-beat-charges-of-racist-violence/,"Twice in 54 years , SF cops beat charges of racist violence",20220316T111500Z,48hills.org,English,United States,False,unclassified
https://www.marshallnewsmessenger.com/opinion/ann-coulter-do-these-black-lives-matter-to-las-idiot-da/article_c777e6be-a4ba-11ec-9fc4-53a27691aacc.html,Ann Coulter : Do these Black lives matter to LA idiot DA ? ,20220316T091500Z,marshallnewsmessenger.com,English,United States,False,unclassified
https://sfist.com/2022/03/25/yimby-tech-pac-going-after-supervors-mar-and-chan-hopes-to-raise-300k-to-recall-boudin/,"YIMBY / Tech PAC Going After Supervisors Mar and Chan , Hopes to Raise $300k to Recall Boudin",20220326T171500Z,sfist.com,English,United States,True,local
https://slate.com/news-and-politics/2022/03/progressive-prosecutors-kim-foxx-chesa-boudin-and-george-cascon-recall.html,"Progressive prosecutors Kim Foxx , Chesa Boudin , and George Cascon face recalls . ",20220325T101500Z,slate.com,English,United States,True,national
https://www.sfchronicle.com/projects/2022/chesa-boudin-charts/,These charts show what makes Chesa Boudin different from past District Attorneys,20220325T170000Z,sfchronicle.com,English,United States,True,local
https://www.powerlineblog.com/archives/2022/03/how-to-make-crime-vanish.php,How to Make Crime Vanish,20220322T204500Z,powerlineblog.com,English,United States,False,national
https://www.kgoradio.com/2022/03/23/sf-da-chesa-boudin-addresses-upcoming-recall-with-mark-thompson/,SF DA Chesa Boudin Addresses Upcoming Recall with Mark Thompson,20220323T220000Z,kgoradio.com,English,United States,True,unclassified
https://www.bizpacreview.com/2022/03/25/new-poll-signals-trouble-for-california-gov-gavin-newsom-1217136/,New poll signals trouble for California Gov . Gavin Newsom,20220325T171500Z,bizpacreview.com,English,United States,False,unclassified
http://www.ruthfullyyours.com/2022/03/22/crime-tourism-is-now-a-thing-in-california-voters-just-might-be-ready-to-reject-lawlessness-and-disorder-by-james-freeman/,  Crime Tourism  Is Now a Thing in California ? Voters just might be ready to reject lawlessness and disorder . By James Freeman,20220322T083000Z,ruthfullyyours.com,English,United States,False,unclassified
https://www.sfchronicle.com/opinion/openforum/article/Criminal-justice-reform-isn-t-just-falling-17030269.php,"Criminal justice reform isnt just falling apart in San Francisco , it exploding",20220328T123000Z,sfchronicle.com,English,United States,False,local
https://www.politico.com/newsletters/california-playbook/2022/03/23/prop-47s-still-going-strong-00019566,Batman vs . Prop 47 - POLITICO,20220323T160000Z,politico.com,English,United States,False,national
https://www.latimes.com/politics/story/2022-03-22/san-francisco-mayor-london-breed,London Breed is taking on San Francisco far left . Can she prevail ? ,20220322T123000Z,latimes.com,English,United States,False,national
https://www.sandiegouniontribune.com/news/politics/story/2022-03-22/san-francisco-mayor-london-breed,London Breed is taking on San Francisco far left . Can she prevail ? - The San Diego Union - Tribune,20220322T173000Z,sandiegouniontribune.com,English,United States,False,unclassified
https://www.chron.com/politics/article/Is-Chesa-Boudin-most-radical-17018398.php,Is Chesa Boudin really the most  radical  DA in America ? ,20220324T113000Z,chron.com,English,United States,True,unclassified
https://www.sfgate.com/politics/article/Is-Chesa-Boudin-most-radical-17018398.php,Is Chesa Boudin really the most  radical  DA in America ? ,20220324T114500Z,sfgate.com,English,United States,True,local
https://www.ebar.com/news/news/314082,Bay Area Reporter :: Editorial : Campos can deliver for AD 17,20220323T214500Z,ebar.com,English,United States,False,unclassified
https://www.ebar.com/index.php?id=314082,Bay Area Reporter :: Editorial : Campos can deliver for AD 17,20220324T180000Z,ebar.com,English,United States,False,unclassified
https://www.davisvanguard.org/2022/03/commentary-do-chesas-opponents-even-know-what-criminal-justice-reform-is/,Commentary : Do Chesa Opponents Even Know What Criminal Justice Reform Is ? ,20220324T160000Z,davisvanguard.org,English,United States,False,unclassified
https://www.msn.com/en-us/news/politics/chesa-boudin-s-strategy-to-remain-san-francisco-district-attorney-run-against-the-recall/ar-AAVMwEL,Chesa Boudin strategy to remain San Francisco district attorney : Run against the recall,20220402T163000Z,msn.com,English,United States,True,unclassified
https://www.sfchronicle.com/politics/joegarofoli/article/Chesa-Boudin-s-strategy-to-remain-San-Francisco-17052422.php,Chesa Boudin strategy to remain San Francisco district attorney : Run against the recall,20220402T140000Z,sfchronicle.com,English,United States,True,local
https://www.smdailyjournal.com/opinion/guest_perspectives/recall-race-could-signal-shift-in-criminal-justice-approach/article_1fb0cea8-af0c-11ec-b530-0bb1b691d1e4.html,Recall race could signal shift in criminal justice approach,20220329T141500Z,smdailyjournal.com,English,United States,True,local
https://www.sfchronicle.com/sf/article/chesa-boudin-recall-17052312.php,These are the ultra - wealthy donors pouring money into the Chesa Boudin recall battle,20220403T183000Z,sfchronicle.com,English,United States,True,local
https://www.newser.com/story/318330/sf-police-officials-trade-blame-for-ongoing-crime-wave.html,"Smashed Storefronts , Car Windows Still Plague San Fran",20220402T201500Z,newser.com,English,United States,False,unclassified
https://hotair.com/john-s-2/2022/03/30/with-recall-approaching-da-chesa-boudins-media-hits-multiply-n459075,"With recall approaching , DA Chesa Boudin media hits multiply",20220331T041500Z,hotair.com,English,United States,True,unclassified
https://www.sfchronicle.com/sf/article/The-campaign-to-recall-S-F-DA-Boudin-is-months-17049747.php,The campaign to recall S . F . DA Boudin is months away . But the 2023 DA race has begun,20220401T003000Z,sfchronicle.com,English,United States,True,local
https://www.realclearpolitics.com/articles/2022/04/01/turning_a_corner_away_from_excessive_risk_aversion_147413.html,"Turning a Corner , Away from Excessive Risk Aversion",20220401T110000Z,realclearpolitics.com,English,United States,False,national
https://townhall.com/columnists/michaelbarone/2022/04/01/turning-a-corner-away-from-excessive-risk-aversion-n2605334,"Turning a Corner , Away from Excessive Risk Aversion",20220401T043000Z,townhall.com,English,United States,False,unclassified
https://www.washingtonexaminer.com/opinion/columnists/turning-a-corner-away-from-excessive-risk-aversion,"Turning a corner , away from excessive risk aversion",20220330T160000Z,washingtonexaminer.com,English,United States,False,unclassified
https://www.politico.com/newsletters/california-playbook/2022/04/04/after-sacramento-shooting-biden-says-we-must-act-00022645,"After Sacramento shooting , Biden says  we must act - POLITICO",20220404T150000Z,politico.com,English,United States,False,national
https://www.rasmussenreports.com/public_content/political_commentary/commentary_by_michael_barone/turning_a_corner_away_from_excessive_risk_aversion,"Turning a Corner , Away from Excessive Risk Aversion",20220401T133000Z,rasmussenreports.com,English,United States,False,unclassified
https://www.rasmussenreports.com:443/public_content/political_commentary/commentary_by_michael_barone/turning_a_corner_away_from_excessive_risk_aversion,"Turning a Corner , Away from Excessive Risk Aversion",20220401T150000Z,rasmussenreports.com,English,United States,False,unclassified
https://sfbayview.com/2022/03/our-race-depends-on-it-stop-the-recall-of-san-francisco-da-chesa-boudin/,  Our race depends on it : STOP the recall of San Francisco DA Chesa Boudin ! ,20220331T001500Z,sfbayview.com,English,United States,True,local
https://www.prnewswire.com:443/news-releases/greenberg-blasts-san-francisco-mayors-european-junket-301513518.html,Greenberg Blasts San Francisco Mayor European Junket,20220330T124500Z,prnewswire.com,English,United States,False,unclassified
https://www.newsweek.com/san-francisco-may-survive-progressive-police-reform-new-orleans-wont-opinion-1693989,San Francisco May Survive Progressive Police Reform . New Orleans Wont,20220404T153000Z,newsweek.com,English,United States,False,national
https://www.latimes.com/politics/story/2022-03-30/chesa-boudin-san-francisco-recall-profile,How San Francisco D . A . Chesa Boudin ended up facing a recall,20220330T120000Z,latimes.com,English,United States,True,national
https://www.washingtonpost.com/opinions/2022/03/30/americans-fled-cities-during-pandemic-they-went-red-states/,Opinion | Americans fled cities during the pandemic . They went to red states . ,20220330T220000Z,washingtonpost.com,English,United States,False,national
https://www.wonkette.com/tabs-fri-april-1-2022,"Chris Pine Is A Ringer For His Icon Grandma ! Tabs , Fri ., April 1 , 2022",20220401T130000Z,wonkette.com,English,United States,False,unclassified
https://www.latimes.com/california/newsletter/2022-04-02/la-on-the-record-newsletter-garcetti-factor-mayor-race-l-a-on-the-record,L . A . on the Record : The Garcetti factor in the L . A . mayor race,20220402T190000Z,latimes.com,English,United States,False,national
https://www.washingtonexaminer.com/restoring-america/fairness-justice/far-left-district-attorneys-face-a-reckoning,Far - left district attorneys face a reckoning,20220401T110000Z,washingtonexaminer.com,English,United States,False,unclassified
https://www.latimes.com/california/newsletter/2022-03-31/san-diego-bakery-oh-my-cake-ukraine-essential-california,California bakery  Oh My Cake  raises over $10k for Ukraine,20220331T144500Z,latimes.com,English,United States,False,national
https://www.latimes.com/politics/newsletter/2022-04-01/liberal-activists-see-supreme-court-as-a-major-threat-they-havent-convinced-voters-essential-politics,Liberal activists see Supreme Court as a conservative threat ; they havent convinced voters,20220401T161500Z,latimes.com,English,United States,False,national
https://www.politico.com/newsletters/california-playbook/2022/03/30/garcetti-may-not-make-it-to-india-00021603,Garcetti may not make it to India,20220330T140000Z,politico.com,English,United States,False,national
https://www.theepochtimes.com/out-of-state-defense-bar-money-flows-to-fight-recall-of-san-francisco-progressive-prosecutor_4382419.html,Opposition to Recall of San Francisco Progressive Prosecutor Funded With Out of State Donations,20220405T183000Z,theepochtimes.com,English,United States,True,unclassified
https://www.chron.com/bayarea/article/SF-Walgreens-shoplifter-sentenced-16-months-17057233.php,SF Walgreens shoplifter in viral video sentenced to 16 months,20220405T030000Z,chron.com,English,United States,False,unclassified
https://www.sfgate.com/bayarea/article/SF-Walgreens-shoplifter-sentenced-16-months-17057233.php,SF Walgreens shoplifter in viral video sentenced to 16 months,20220405T011500Z,sfgate.com,English,United States,False,local
https://www.chron.com/politics/article/William-Oberndorf-in-Boudin-recall-17059555.php,Who the Republican billionaire backing the Boudin recall ? ,20220408T130000Z,chron.com,English,United States,True,unclassified
https://www.sfgate.com/politics/article/William-Oberndorf-in-Boudin-recall-17059555.php,Who the Republican billionaire backing the Boudin recall ? ,20220408T124500Z,sfgate.com,English,United States,True,local
https://www.msn.com/en-us/news/politics/fundraising-emails-for-and-against-chesa-boudin-push-alternate-views-of-san-francisco/ar-AAVUZ3L,Fundraising emails for and against Chesa Boudin push alternate views of San Francisco,20220406T161500Z,msn.com,English,United States,True,unclassified
https://www.sfchronicle.com/sf/article/Fundraising-emails-for-and-against-Chesa-Boudin-17060123.php,Fundraising emails for and against Chesa Boudin push alternate views of San Francisco,20220406T134500Z,sfchronicle.com,English,United States,True,local
https://www.ktvu.com/news/walgreens-theft-convictions-announced-by-san-francisco-d-a-boudin,Walgreens theft convictions announced by San Francisco D . A . Boudin,20220405T051500Z,ktvu.com,English,United States,True,local
https://www.breitbart.com/crime/2022/04/05/thief-who-hit-walgreens-cvs-in-san-francisco-freed-due-to-minimum-sentence/,"Thief Who Hit Walgreens , CVS in SF Freed Due to Minimum Sentence",20220405T191500Z,breitbart.com,English,United States,False,national
https://www.msn.com/en-us/news/crime/san-francisco-police-da-call-to-end-gun-violence/ar-AAVU6PF,"San Francisco Police , DA Call to End Gun Violence",20220406T064500Z,msn.com,English,United States,False,unclassified
https://hotair.com/jazz-shaw/2022/04/05/walgreens-bicycle-thief-finally-gets-prison-time-n460113,Walgreens bicycle thief finally gets prison time,20220405T170000Z,hotair.com,English,United States,False,unclassified
https://www.sfchronicle.com/california/article/Mass-shooting-adds-to-downtown-Sacramento-s-17062798.php,Mass shooting adds to downtown Sacramento COVID recovery challenges,20220407T040000Z,sfchronicle.com,English,United States,False,local
https://www.kcet.org/news-community/sacramento-mass-shooting-supercharges-crime-debate,Sacramento Mass Shooting Supercharges Crime Debate,20220405T024500Z,kcet.org,English,United States,False,unclassified
https://www.ammoland.com/2022/04/its-the-crime-political-leaders-must-face-reality/,It the Crime . Political Leaders Must Face Reality . ,20220406T171500Z,ammoland.com,English,United States,False,unclassified
https://www.sfchronicle.com/sf/article/S-F-redistricting-drama-political-power-grab-or-17068461.php,S . F . redistricting drama : political power grab or consequence of bad housing policy ? ,20220409T024500Z,sfchronicle.com,English,United States,False,local
https://www.politico.com/newsletters/california-playbook/2022/04/05/bloody-primary-looms-for-blue-seats-00022966,Bloody primary looms for blue seats,20220405T171500Z,politico.com,English,United States,False,national
https://www.politico.com/newsletters/california-playbook/2022/04/07/even-here-change-can-be-slow-00023693,Change can be slow,20220407T163000Z,politico.com,English,United States,False,national
https://www.bozemandailychronicle.com/ap_news/will-bunch-how-sacramento-s-mass-shooting-killed-the-myth-of-tough-on-crime-prosecutors/article_b2a4edb2-01ff-526f-b54f-3c8a6c4227ce.html,Will Bunch : How Sacramento mass shooting killed the myth of  tough - on - crime  prosecutors | Associated Press,20220408T101500Z,bozemandailychronicle.com,English,United States,False,unclassified
https://www.ebar.com/news/news/314465,Bay Area Reporter :: Mother of trans son elected to CA Assembly seat,20220406T220000Z,ebar.com,English,United States,False,unclassified
https://www.ebar.com/index.php?id=314465,Bay Area Reporter :: Mother of trans son elected to CA Assembly seat,20220406T223000Z,ebar.com,English,United States,False,unclassified
https://redstate.com/jenniferoo/2022/04/15/john-legend-sphincter-wrapped-around-his-head-endorses-sf-d-a-chesa-boudin-n550586,John Legend Endorses SF D . A . Chesa Boudin,20220415T070000Z,redstate.com,English,United States,True,unclassified
https://redstate.com/jenniferoo/2022/04/15/john-legend-endorses-sf-d-a-chesa-boudin-n550586,John Legend Endorses SF D . A . Chesa Boudin,20220415T120000Z,redstate.com,English,United States,True,unclassified
https://www.chron.com/politics/article/Ted-Cruz-John-Legend-Twitter-17088849.php,Ted Cruz takes a jab at singer John Legend on Twitter,20220418T223000Z,chron.com,English,United States,False,unclassified
https://www.chron.com/politics/article/Ted-Cruz-sniping-at-John-Legend-17088251.php,Ted Cruz is sniping at John Legend over Chesa Boudin recall,20220418T193000Z,chron.com,English,United States,True,unclassified
https://www.sfgate.com/politics/article/Ted-Cruz-sniping-at-John-Legend-17088251.php,Ted Cruz is sniping at John Legend over Chesa Boudin recall,20220418T183000Z,sfgate.com,English,United States,True,local
https://sfist.com/2022/04/12/boudin-and-george-gascon-take-legal-action-against-serial-ada-lawsuit-firm/,Boudin and Gascón Take Legal Action Against Serial ADA Lawsuit - Filing Firm,20220412T194500Z,sfist.com,English,United States,True,local
https://www.newsweek.com/john-legend-slammed-over-support-controversial-sf-da-not-living-city-1698053,"John Legend Slammed Over Support of Controversial SF DA , Not Living in City",20220414T164500Z,newsweek.com,English,United States,False,national
https://www.sfchronicle.com/sf/article/san-francisco-mayor-tenderloin-17082180.php,Mayor Breed promised to bring tough love to the troubled Tenderloin . Did she deliver ? ,20220415T140000Z,sfchronicle.com,English,United States,False,local
https://www.breitbart.com/entertainment/2022/04/14/john-legend-stumps-for-far-left-soros-backed-da-candidates-as-violent-crime-soars/,"John Legend Stumps for Far - Left , Soros - Backed DA Candidates as Violent Crime Soars",20220414T171500Z,breitbart.com,English,United States,False,national
https://www.breitbart.com/politics/2022/04/14/john-legend-stumps-for-far-left-soros-backed-da-candidates-as-violent-crime-soars/,"John Legend Stumps for Far - Left , Soros - Backed DA Candidates as Violent Crime Soars",20220415T013000Z,breitbart.com,English,United States,False,national
https://www.foxnews.com/entertainment/john-legend-campaigns-for-democratic-da-candidates,John Legend campaigns for Democratic DA candidates,20220415T151500Z,foxnews.com,English,United States,False,national
https://www.kgoradio.com/2022/04/15/crypto-company-closes-sf-headquarters-because-da-chesa-boudin-is-unable-to-keep-the-city-safe/,Crypto Company Closes Headquarters because DA Chesa Boudin is Unable to Keep San Francisco Safe,20220415T203000Z,kgoradio.com,English,United States,True,unclassified
https://sfist.com/2022/04/12/new-mailers-from-pro-haney-pac-attack-campos-for-working-for-chesa-boudin/,New Mailers From Pro - Haney PAC Attack Campos for Working for Boudin,20220413T004500Z,sfist.com,English,United States,True,local
https://www.ebar.com/index.php?id=314668,Bay Area Reporter :: SF DA Boudin fights recall,20220414T110000Z,ebar.com,English,United States,True,unclassified
https://www.ebar.com/news/news/314668,Bay Area Reporter :: SF DA Boudin fights recall,20220413T214500Z,ebar.com,English,United States,True,unclassified
https://gazette.com/news/us-world/see-it-john-legend-weighs-in-on-district-attorney-races-nationwide/article_a208d1f9-4b1a-5925-9dbe-e0632945d1f7.html,SEE IT : John Legend weighs in on district attorney races nationwide,20220415T211500Z,gazette.com,English,United States,False,unclassified
http://www.msn.com/en-us/news/politics/john-legend-issues-endorsements-in-half-a-dozen-da-races-across-the-country/ar-AAWgeUK,John Legend issues endorsements in half a dozen DA races across the country,20220415T170000Z,msn.com,English,United States,False,unclassified
https://beyondchron.org/april-19-election-prediction-campos-v-haney/,April 19 Election Prediction : Campos v . Haney,20220418T164500Z,beyondchron.org,English,United States,False,unclassified
https://thefederalist.com/2022/04/18/democrat-immigrant-from-hong-kong-fights-for-election-integrity-in-san-francisco/,Democrat Immigrant Fights For Election Integrity In San Francisco,20220418T130000Z,thefederalist.com,English,United States,False,national
https://el-observador.com/2022/04/15/the-politics-of-violence-will-sacramento-shootings-influence-attorney-generals-race/,The politics of violence : Will Sacramento shootings influence attorney general race ? – El Observador,20220416T000000Z,el-observador.com,English,United States,False,unclassified
https://www.ijpr.org/law-and-justice/2022-04-14/the-politics-of-violence-will-sacramento-shootings-influence-attorney-generals-race,The politics of violence : Will Sacramento shootings influence California attorney general race ? ,20220414T134500Z,ijpr.org,English,United States,False,unclassified
http://www.msn.com/en-us/news/us/is-california-one-of-the-bluest-states-in-the-us-at-a-turning-point-over-crime-homelessness/ar-AAWdGAw,"Is California , one of the bluest states in the US , at a turning point over crime , homelessness ? ",20220416T150000Z,msn.com,English,United States,False,unclassified
https://www.usatoday.com/story/news/nation/2022/04/14/california-turning-point-crime-homelessness/7214726001/,Is California at a turning point over crime and homelessness ? ,20220414T140000Z,usatoday.com,English,United States,False,national
https://www.governing.com/now/the-incompetence-of-woke-washed-governance,The Incompetence of  Woke - Washed  Governance,20220412T063000Z,governing.com,English,United States,False,unclassified
https://www.sfgate.com/local/article/Kraken-shuts-down-SF-offices-17081933.php,Kraken shuts down HQ because  San Francisco is not safe  ,20220415T010000Z,sfgate.com,English,United States,False,local
https://www.zerohedge.com/political/las-crime-surge-migrates-wealthy-zip-codes,  People Are Afraid  - LA Crime Surge Migrates To Wealthy Zip Codes,20220413T190000Z,zerohedge.com,English,United States,False,unclassified
https://sfbayview.com/2022/04/david-campos-wont-sell-us-out-vote-by-tuesday-april-19/,"David Campos wont sell us out ! Vote by Tuesday , April 19",20220416T063000Z,sfbayview.com,English,United States,False,local
https://www.mtshastanews.com/story/news/nation/2022/04/14/california-turning-point-crime-homelessness/7214726001/,Is California at a turning point over crime and homelessness ? ,20220414T164500Z,mtshastanews.com,English,United States,False,unclassified
https://sfbayview.com/2022/04/99095/,Chesa Boudin dares to wage war against systemic injustice – but will he be struck down before making headway ? ,20220415T160000Z,sfbayview.com,English,United States,True,local
https://www.mysanantonio.com/politics/article/Ted-Cruz-John-Legend-Twitter-17088849.php,Ted Cruz takes a jab at singer John Legend on Twitter,20220419T020000Z,mysanantonio.com,English,United States,False,unclassified
https://www.foxnews.com/politics/san-francisco-voters-duped-by-da-chesa-boudin-bay-area-residents,"San Francisco voters  duped  by DA , Chesa Boudin has  got to go , say Bay Area residents",20220425T150000Z,foxnews.com,English,United States,True,national
https://beyondchron.org/chesa-boudin-is-in-deep-political-trouble/,Chesa Boudin in Deep Political Trouble,20220425T150000Z,beyondchron.org,English,United States,True,unclassified
https://www.nbcbayarea.com/news/local/labor-unions-rally-support-for-sf-district-attorney-chesa-boudin/2872309/,Labor Unions Rally Support for SF District Attorney Chesa Boudin,20220424T024500Z,nbcbayarea.com,English,United States,True,local
https://news.yahoo.com/san-francisco-voters-duped-da-133807031.html,"San Francisco voters  duped  by DA , Chesa Boudin has  got to go , say Bay Area residents",20220425T161500Z,news.yahoo.com,English,United States,True,unclassified
https://www.sfchronicle.com/opinion/editorials/article/Endorsement-Chesa-Boudin-recall-17119923.php,Endorsement : Chesa Boudin is many things . Incompetent isnt one of them . Vote no on recall,20220423T150000Z,sfchronicle.com,English,United States,True,local
https://www.washingtonexaminer.com/restoring-america/fairness-justice/los-angeles-progressives-are-being-mugged-by-reality,Los Angeles progressives are being mugged by reality,20220419T174500Z,washingtonexaminer.com,English,United States,False,unclassified
https://cnsnews.com/commentary/thomas-hogan/more-progressive-prosecutors-way,More Progressive Prosecutors On the Way ? ,20220419T220000Z,cnsnews.com,English,United States,False,unclassified
https://www.cnsnews.com/commentary/thomas-hogan/more-progressive-prosecutors-way,More Progressive Prosecutors On the Way ? ,20220419T214500Z,cnsnews.com,English,United States,False,unclassified
https://cnsnews.com/index.php/commentary/thomas-hogan/more-progressive-prosecutors-way,More Progressive Prosecutors On the Way ? ,20220420T163000Z,cnsnews.com,English,United States,False,unclassified
https://www.city-journal.org:443/another-wave-of-progressive-prosecutors-may-be-coming,Another Wave of Progressive Prosecutors May Be Coming,20220419T173000Z,city-journal.org,English,United States,False,unclassified
http://www.ruthfullyyours.com/2022/04/19/a-new-wave-of-left-wing-advocates-aims-to-take-over-district-attorneys-offices-in-small-cities-thomas-hogan/,A new wave of left - wing advocates aims to take over district attorney offices in small cities . Thomas Hogan,20220419T231500Z,ruthfullyyours.com,English,United States,False,unclassified
https://www.sfchronicle.com/sf/article/chesa-boudin-17120659.php,The online caricature of Chesa Boudin doesnt fit reality,20220424T151500Z,sfchronicle.com,English,United States,True,local
https://www.ktvu.com/news/san-francisco-supervisor-haney-wins-assembly-election,San Francisco Supervisor Haney wins Assembly election,20220420T064500Z,ktvu.com,English,United States,False,local
https://petapixel.com/2022/04/24/how-to-fight-san-franciscos-theft-epidemic/,How to Fight San Francisco Theft Epidemic,20220424T154500Z,petapixel.com,English,United States,False,unclassified
https://www.latimes.com/california/story/2022-04-25/california-attorney-general-election,California attorney general race could be 2022 biggest,20220425T140000Z,latimes.com,English,United States,False,national
https://www.foxnews.com/opinion/tucker-americans-laws-voted-enforced,"Tucker Carlson : When the law is applied on the basis of skin color , people die",20220422T040000Z,foxnews.com,English,United States,False,national
https://www.sfchronicle.com/bayarea/article/Fed-up-nurses-walk-out-at-Sutter-Health-and-17089207.php,Fed - up nurses walk out at Sutter Health and prepare to strike at Stanford hospitals,20220419T024500Z,sfchronicle.com,English,United States,False,local
https://www.sfchronicle.com/politics/article/california-assembly-district-17-17089239.php,Voters will pick new Assembly member in race where housing has loomed large,20220419T173000Z,sfchronicle.com,English,United States,False,local
https://www.latimes.com/world-nation/newsletter/2022-04-25/big-tobacco-black-communities-menthol-todays-headlines-newsletter-todays-headlines,Today Headlines : Big Tobacco stokes fears in Black communities to keep menthol cigarettes,20220425T134500Z,latimes.com,English,United States,False,national
https://theweek.com/democrats/1012788/from-san-francisco-another-sign-of-progressives-burgeoning-discontent-with-urban,"From San Francisco , another sign of progressive burgeoning discontent with urban decay",20220420T201500Z,theweek.com,English,United States,False,unclassified
https://www.sfchronicle.com/sf/bayarea/heatherknight/article/Castro-Theater-vandalism-17120635.php,"Castro Theatre vandalism shows what wrong with S . F . justice system , treatment programs",20220423T150000Z,sfchronicle.com,English,United States,False,local
https://www.theepochtimes.com/las-crime-surge-migrates-to-wealthy-whiter-zip-codes-of-boldface-names_4410644.html,"LA Crime Surge Migrates to Wealthy , Whiter Zip Codes of Boldface Names",20220424T020000Z,theepochtimes.com,English,United States,False,unclassified
https://sfist.com/2022/04/20/matt-haney-claims-victory-in-assembly-race-giving-mayor-breed-a-board-seat-appointment/,"Matt Haney Claims Victory In Assembly Race , Giving Mayor Breed a Board Seat Appointment",20220420T200000Z,sfist.com,English,United States,False,local
https://sfbayview.com/2022/04/chesa-boudin-dares-to-wage-war-against-systemic-injustice/,Chesa Boudin dares to wage war against systemic injustice – but will he be struck down before making headway ? ,20220419T054500Z,sfbayview.com,English,United States,True,local
https://www.fairfieldsuntimes.com/news/investigative_reports/la-s-crime-surge-migrates-to-wealthy-whiter-zip-codes-of-boldface-names/article_b05286a3-7cbe-5526-9287-1f72365b75d0.html,"LA Crime Surge Migrates to Wealthy , Whiter Zip Codes of Boldface Names | Investigative Reports",20220425T193000Z,fairfieldsuntimes.com,English,United States,False,unclassified
https://townhall.com/tipsheet/leahbarkoukis/2022/04/27/chesa-boudin-sf-recall-n2606357,It Looks Like Progressive San Francisco DA Chesa Boudin Is in Political Trouble,20220427T153000Z,townhall.com,English,United States,True,unclassified
https://www.sfchronicle.com/opinion/letterstotheeditor/article/reader-response-chesa-boudin-recall-17126023.php,What readers are saying about The Chronicle editorial opposing the Boudin recall,20220426T140000Z,sfchronicle.com,English,United States,True,local
https://www.sfchronicle.com/opinion/openforum/article/chesa-boudin-asian-violence-17137278.php,Chesa Boudin recallers claim ditching the D . A . will help end anti - Asian violence . Are they right ? ,20220430T124500Z,sfchronicle.com,English,United States,True,local
https://www.foxnews.com/us/san-francisco-activist-says-were-not-going-to-move-were-fighting-as-drugs-and-crime-consume-bay-area,"San Francisco activist says ,  were not going to move , were fighting , as drugs and crime consume Bay Area",20220427T063000Z,foxnews.com,English,United States,False,national
https://www.bizpacreview.com/2022/04/27/desantis-points-to-san-fran-dumpster-fire-worries-dems-will-move-to-fl-and-vote-the-exact-same-way-1230989/,"DeSantis points to San Fran  dumpster fire , worries Dems will move to FL and  vote the exact same way  ",20220427T164500Z,bizpacreview.com,English,United States,False,unclassified
https://hotair.com/jazz-shaw/2022/04/26/chesa-boudins-future-employment-prospects-still-appear-bleak-n465007,Chesa Boudin future employment prospects still appear bleak,20220426T203000Z,hotair.com,English,United States,True,unclassified
https://www.msn.com/en-us/news/crime/criminal-justice-reform-takes-time-california-might-be-out-of-patience/ar-AAWH1HP,Criminal - Justice Reform Takes Time . California Might Be Out of Patience . ,20220428T113000Z,msn.com,English,United States,False,unclassified
https://www.theatlantic.com/politics/archive/2022/04/san-francisco-los-angeles-da-recalls/629701/,The Next Hurdle for Criminal - Justice Reformers,20220428T121500Z,theatlantic.com,English,United States,False,national
https://www.ebar.com/news/news/315052,Bay Area Reporter :: Editorial : Reject the recall of SF DA Boudin,20220427T214500Z,ebar.com,English,United States,True,unclassified
https://www.ebar.com/index.php?id=315052,Bay Area Reporter :: Editorial : Reject the recall of SF DA Boudin,20220428T003000Z,ebar.com,English,United States,True,unclassified
https://www.usatoday.com/story/opinion/columnist/2022/04/28/criminal-justice-broken-progressive-prosecutors/9552238002/,Criminal justice broken : Progressive prosecutors trying to fix system,20220428T101500Z,usatoday.com,English,United States,False,national
https://www.sfchronicle.com/sf/article/Kathy-Boudin-formerly-imprisoned-radical-leftist-17140432.php,"Kathy Boudin , formerly imprisoned radical leftist and mother of San Francisco D . A . Chesa Boudin , dies",20220502T020000Z,sfchronicle.com,English,United States,True,local
https://www.politico.com/newsletters/california-playbook/2022/04/27/newsoms-care-court-proposal-hits-some-snags-00028130,Newsom Care Court proposal hits some snags - POLITICO,20220427T153000Z,politico.com,English,United States,False,national
https://sfbayview.com/2022/04/the-fight-for-the-climate/,The fight for the climate,20220429T180000Z,sfbayview.com,English,United States,False,local
https://48hills.org/2022/04/two-misleading-anti-boudin-ads-are-going-to-hit-local-tv-this-week/,Two misleading anti - Boudin ads are going to hit local TV this week,20220426T224500Z,48hills.org,English,United States,True,unclassified
https://www.ijpr.org/politics-government/2022-04-27/mad-dash-at-california-capitol-as-big-deadline-looms,Mad dash at California Capitol as big deadline looms,20220427T210000Z,ijpr.org,English,United States,False,unclassified
https://www.sfchronicle.com/projects/2022/chesa-boudin-recall-election-timeline/,Here are the key moments leading to the Chesa Boudin recall election,20220503T160000Z,sfchronicle.com,English,United States,True,local
https://www.sfgate.com/politics/article/Chesa-Boudin-recall-ad-branded-lie-17150379.php,New ad blasts Chesa Boudin over drugs . There one problem . ,20220505T191500Z,sfgate.com,English,United States,True,local
https://www.sfchronicle.com/projects/2022/california-voter-guide-june/endorsements/,"California Voter Guide 2022 : SF Bay Area June election , Boudin recall",20220509T000000Z,sfchronicle.com,English,United States,True,local
https://www.sfchronicle.com/politics/article/San-Francisco-propositions-June-2022-17145892.php,San Francisco propositions 2022 : What on the ballot in June election,20220504T160000Z,sfchronicle.com,English,United States,False,local
https://www.ktvu.com/news/boudin-reaffirms-commitment-to-protect-chinatown-businesses-from-frivolous-ada-lawsuits,Boudin reaffirms commitment to protect Chinatown businesses from frivolous ADA lawsuits,20220507T033000Z,ktvu.com,English,United States,True,local
https://www.foxnews.com/media/california-san-francisco-da-drugs-crime-boudin,California county grapping with drug crisis calls on San Francisco DA to take action against offenders,20220506T181500Z,foxnews.com,English,United States,False,national
https://www.foxnews.com/us/san-francisco-thieves-caught-on-camera-walgreens,San Francisco shoplifting : Thieves caught on camera allegedly stuffing stolen goods in bags at Walgreens,20220503T094500Z,foxnews.com,English,United States,False,national
https://www.msn.com/en-us/news/crime/california-county-grapping-with-drug-crisis-calls-on-san-francisco-da-to-take-action-against-offenders/ar-AAWZXVI,California county grapping with drug crisis calls on San Francisco DA to take action against offenders,20220506T183000Z,msn.com,English,United States,False,unclassified
https://www.foxnews.com/politics/shaun-king-group-involved-save-san-francisco-da-boudin-recall-election,Shaun King group heavily involved in efforts to save far - left San Francisco DA Boudin from recall election,20220505T164500Z,foxnews.com,English,United States,True,national
https://www.sfchronicle.com/politics/article/chesa-boudin-recall-17151778.php,Chesa Boudin recall : What to know about S . F . June 7 election,20220506T011500Z,sfchronicle.com,English,United States,True,local
https://www.dailyrepublic.com/all-dr-news/opinion/local-opinion-columnists/mr-nice-guy-sf-da-recall-could-be-harbinger-of-citys-future/,Mr . Nice Guy : SF DA recall could be harbinger of city future,20220506T143000Z,dailyrepublic.com,English,United States,True,unclassified
https://www.sfchronicle.com/politics/joegarofoli/article/If-Chesa-Boudin-is-recalled-London-Breed-will-17155582.php,"If Chesa Boudin is recalled , London Breed will own San Francisco crime concerns",20220508T120000Z,sfchronicle.com,English,United States,True,local
https://www.sfchronicle.com/opinion/letterstotheeditor/article/Letters-If-you-want-to-drive-to-Golden-Gate-17143079.php,"Letters : If you want to drive to Golden Gate Park , you can . Only a small stretch of JFK Drive is car - free",20220503T120000Z,sfchronicle.com,English,United States,False,local
https://napavalleyregister.com/community/star/opinion/vantage-point-anna-anne-and-the-political-alphabet/article_df476d0e-ca4f-11ec-ad81-67f8456f9c03.html,"Vantage Point : Anna , Anne and the political alphabet",20220504T050000Z,napavalleyregister.com,English,United States,False,unclassified
https://lostcoastoutpost.com/2022/may/3/today-supes-board-agrees-send-revised-letter-sf-da/,TODAY in SUPES : Board Agrees to Send Revised Letter to SF DA About City  Open Air Drug Market  ,20220504T044500Z,lostcoastoutpost.com,English,United States,False,unclassified
https://sfist.com/2022/05/05/day-around-the-bay-stork-club-reopening-july-1-john-waters-will-be-there/,"Day Around the Bay : Stork Club Reopening July 1 , John Waters Will Be There",20220506T050000Z,sfist.com,English,United States,False,local
https://lostcoastoutpost.com/2022/may/6/opinion-puff-puff-pass-blame-hypocritical-humboldt/,"OPINION : Puff , Puff , Pass the Blame . Hypocritical Humboldt Hits Chesa Boudin on Drugs ( A View from San Francisco ) ",20220507T003000Z,lostcoastoutpost.com,English,United States,True,unclassified
https://lostcoastoutpost.com/2022/may/3/what-would-anne-marie-schubert-do-as-california-at/,What Would Anne Marie Schubert Do as California Attorney General ? ,20220503T153000Z,lostcoastoutpost.com,English,United States,False,unclassified
https://sfist.com/2022/05/04/your-june-7-ballot-election-ballot-has-taken-shape-with-eight-local-ballot-measures-including-the-boudin-recall/,"Your June 7 Ballot Election Ballot Has Taken Shape , With Eight Local Ballot Measures , Including The Boudin Recall",20220505T003000Z,sfist.com,English,United States,True,local
https://www.sfchronicle.com/sf/article/Mayor-Breed-picks-San-Francisco-police-spokesman-17159232.php,Mayor Breed picks San Francisco police spokesperson Matt Dorsey for District 6 supervisor,20220509T164500Z,sfchronicle.com,English,United States,False,local
https://lostcoastoutpost.com/2022/may/2/bohn-proposes-letter-threatening-sue-san-francisco/,Rex Bohn Proposes Letter Threatening to Sue San Francisco for Allowing  Open Air  Fentanyl Market,20220503T041500Z,lostcoastoutpost.com,English,United States,False,unclassified
https://www.americanthinker.com/blog/2022/05/top_three_stupidest_reactions_from_democrats_after_the_leak_about_roe.html,Top three stupidest reactions from Democrats after the leak about Roe,20220504T141500Z,americanthinker.com,English,United States,False,unclassified
https://www.davisvanguard.org/2022/05/boudin-prosecutes-sac-cop-accused-of-domestic-violence-after-sac-da-initially-declined-to-file-charges/,Boudin Prosecutes Sac Cop Accused of Domestic Violence after Sac DA Initially Declined to File Charges,20220506T120000Z,davisvanguard.org,English,United States,True,unclassified
https://www.city-journal.org:443/five-worst-prosecutors-america,The Five Worst Prosecutors in America,20220509T213000Z,city-journal.org,English,United States,False,unclassified
https://www.city-journal.org/five-worst-prosecutors-america,The Five Worst Prosecutors in America,20220509T211500Z,city-journal.org,English,United States,False,unclassified
https://sfbaytimes.com/june-7-2022-primary-election-overview-and-recommendations/,"June 7 , 2022 Primary Election Overview and Recommendations - San Francisco Bay Times",20220509T184500Z,sfbaytimes.com,English,United States,False,unclassified
http://sfbaytimes.com/june-7-2022-primary-election-overview-and-recommendations/,"June 7 , 2022 Primary Election Overview and Recommendations - San Francisco Bay Times",20220506T010000Z,sfbaytimes.com,English,United States,False,unclassified
https://www.sfchronicle.com/podcasts/article/Listen-How-is-diversion-of-defendants-working-17163448.php,Does Chesa Boudin Controversial Diversion Strategy Work ? ,20220511T094500Z,sfchronicle.com,English,United States,True,local
https://www.sfgate.com/politics/article/Chesa-Boudin-recall-closer-poll-shows-17177181.php,New poll of Chesa Boudin recall shows closer race for SF DA,20220517T001500Z,sfgate.com,English,United States,True,local
https://www.sfchronicle.com/sf/article/Recall-of-Chesa-Boudin-just-got-its-first-17163680.php,Recall of Chesa Boudin just got its first endorsement from an elected S . F . official,20220510T234500Z,sfchronicle.com,English,United States,True,local
https://thefederalist.com/2022/05/16/burned-by-soft-on-crime-leftist-da-chesa-boudin-san-franciscans-are-headed-for-a-recall/,"Burned By Soft - On - Crime DA , San Franciscans Are Headed For A Recall",20220516T124500Z,thefederalist.com,English,United States,True,national
https://freebeacon.com/democrats/people-dont-feel-safe-san-francisco-dem-wants-radical-prosecutor-out/,  People Dont Feel Safe : San Francisco Dem Wants Radical Prosecutor Out,20220511T174500Z,freebeacon.com,English,United States,False,unclassified
https://www.sfchronicle.com/sf/article/Amid-a-police-reform-movement-London-Breed-17160765.php,"Amid a police reform movement , London Breed picked S . F . police spokesperson . It wasnt an accident",20220510T021500Z,sfchronicle.com,English,United States,False,local
https://www.washingtonexaminer.com/opinion/asian-americans-are-leading-the-recall-of-chesa-boudin-in-san-francisco,Asian Americans are leading the recall of Chesa Boudin in San Francisco,20220513T034500Z,washingtonexaminer.com,English,United States,True,unclassified
https://www.kgoradio.com/2022/05/11/chesa-boudins-former-assistant-district-attorneys-quit-to-join-recall-campaign-2/,Chesa Boudin Former Assistant District Attorneys Quit to Join Recall Campaign,20220512T011500Z,kgoradio.com,English,United States,True,unclassified
https://www.sfchronicle.com/opinion/letterstotheeditor/article/Letters-17-retired-judges-oppose-the-recall-of-17166320.php,Letters : 17 retired judges oppose the recall of Boudin . Here why,20220512T113000Z,sfchronicle.com,English,United States,True,local
https://news.yahoo.com/poll-asian-americans-driving-support-212507033.html,Poll : Asian Americans Driving Support for Recall of Progressive DA Chesa Boudin,20220511T221500Z,news.yahoo.com,English,United States,True,unclassified
https://news.yahoo.com/aapis-mostly-likely-support-recall-233231046.html,"AAPIs mostly likely to support recall of San Francisco DA Boudin , poll reveals",20220513T000000Z,news.yahoo.com,English,United States,True,unclassified
https://www.sfchronicle.com/bayarea/article/Chesa-Boudin-recall-17160651.php,What Chesa Boudin could use to survive the recall : An opponent,20220510T114500Z,sfchronicle.com,English,United States,True,local
https://www.chron.com/bayarea/article/San-Francisco-car-burglary-kingpin-used-Quickly-17163518.php,"San Francisco car burglary kingpin used Quickly boba shop as front , DA Boudin says",20220511T003000Z,chron.com,English,United States,True,unclassified
https://www.sfgate.com/bayarea/article/San-Francisco-car-burglary-kingpin-used-Quickly-17163518.php,"San Francisco car burglary kingpin used Quickly boba shop as front , DA Boudin says",20220510T231500Z,sfgate.com,English,United States,True,local
https://www.kgoradio.com/2022/05/11/sf-da-chesa-boudin-touts-his-success-in-defense-of-his-record/,SF DA Chesa Boudin Touts His Successes in Defense of His Record,20220512T054500Z,kgoradio.com,English,United States,True,unclassified
https://hotair.com/john-s-2/2022/05/11/san-francisco-supervisor-endorses-recall-of-da-chesa-boudin-as-new-poll-shows-hes-in-trouble-n468685,San Francisco supervisor endorses recall of DA Chesa Boudin as new poll shows he in trouble,20220511T211500Z,hotair.com,English,United States,True,unclassified
https://www.thenation.com/podcast/politics/amy-littlefield-on-the-abortion-fight-and-chesa-boudin-on-progressive-prosecutors/,Amy Littlefield on the Abortion Fight and Chesa Boudin on Progressive Prosecutors,20220512T171500Z,thenation.com,English,United States,True,unclassified
https://www.sfchronicle.com/bayarea/article/chesa-boudin-recall-17166010.php,Who would replace S . F . District Attorney Chesa Boudin if he recalled ? Here who could be on the short list,20220512T113000Z,sfchronicle.com,English,United States,True,local
https://www.washingtonpost.com/nation/2022/05/11/quickly-boba-car-burglary-arrest/,"Quoc Le , husband of Quickly boba shop owner , arrested in international car burglary scheme",20220511T133000Z,washingtonpost.com,English,United States,False,national
https://www.sfchronicle.com/opinion/letterstotheeditor/article/Letters-Don-t-blame-Chesa-Boudin-I-ve-lived-17169231.php,Letters : Dont blame Chesa Boudin . Ive lived in S . F . for 25 years and there always been a crime problem,20220513T163000Z,sfchronicle.com,English,United States,True,local
https://www.sfchronicle.com/opinion/article/Letters-Don-t-blame-Chesa-Boudin-I-ve-lived-17169231.php,Letters : Dont blame Chesa Boudin . Ive lived in S . F . for 25 years and there always been a crime problem,20220513T001500Z,sfchronicle.com,English,United States,True,local
https://www.sfchronicle.com/sf/bayarea/heatherknight/article/million-police-fund-17163908.php,This S . F . tech billionaire says he backs Chesa Boudin and criminal justice reform . So why is he giving police $1 million ? ,20220511T113000Z,sfchronicle.com,English,United States,True,local
https://www.msn.com/en-us/news/us/boba-tea-shop-was-cover-for-massive-global-theft-operation-da-says/ar-AAX9z30,"Boba tea shop was cover for  massive global  theft operation , DA says",20220511T124500Z,msn.com,English,United States,False,unclassified
https://sfist.com/2022/05/10/matt-dorseys-appointment-to-d6-supervisor-throws-more-gas-on-blazing-debate-over-crime-and-cops/,Matt Dorsey Appointment to D6 Supervisor Throws More Gas On Blazing Debate Over Crime and Cops,20220511T023000Z,sfist.com,English,United States,False,local
https://www.foxnews.com/politics/philadelphia-da-larry-krasners-company-owes-86000-unpaid-taxes,"Far - left Philadelphia DA Larry Krasner company owes $86 , 000 in unpaid taxes",20220512T150000Z,foxnews.com,English,United States,False,national
https://www.sfchronicle.com/crime/article/S-F-boba-shop-was-a-front-for-an-international-17162814.php,"S . F . boba shop was a front for an international car - burglary operation , D . A . Boudin says",20220510T211500Z,sfchronicle.com,English,United States,True,local
https://www.chron.com/news/article/California-Democratic-supremacy-tested-by-crime-17161161.php,"California Democratic supremacy tested by crime , inflation",20220510T061500Z,chron.com,English,United States,False,unclassified
https://www.sfgate.com/news/article/California-Democratic-supremacy-tested-by-crime-17161161.php,"California Democratic supremacy tested by crime , inflation",20220510T054500Z,sfgate.com,English,United States,False,local
https://www.seattlepi.com/news/article/California-Democratic-supremacy-tested-by-crime-17161161.php,"California Democratic supremacy tested by crime , inflation",20220510T054500Z,seattlepi.com,English,United States,False,unclassified
https://www.sfchronicle.com/crime/article/S-F-boba-tea-shop-fencing-suspect-was-charged-17169538.php,Fencing suspect at S . F . boba tea shop was charged with similar crimes three years ago . What happened ? ,20220513T021500Z,sfchronicle.com,English,United States,False,local
https://www.mysanantonio.com/news/article/California-Democratic-supremacy-tested-by-crime-17161161.php,"California Democratic supremacy tested by crime , inflation",20220510T114500Z,mysanantonio.com,English,United States,False,unclassified
https://www.houstonchronicle.com/news/article/California-Democratic-supremacy-tested-by-crime-17161161.php,"California Democratic supremacy tested by crime , inflation",20220510T060000Z,houstonchronicle.com,English,United States,False,unclassified
https://www.timesunion.com/news/article/California-Democratic-supremacy-tested-by-crime-17161161.php,"California Democratic supremacy tested by crime , inflation",20220510T100000Z,timesunion.com,English,United States,False,unclassified
https://www.whec.com/national/california-democratic-supremacy-tested-by-crime-inflation/6466676/?cat=10036,"California Democratic supremacy tested by crime , inflation",20220510T073000Z,whec.com,English,United States,False,unclassified
https://wnyt.com/politics/california-democratic-supremacy-tested-by-crime-inflation/6466681/?cat=661,"California Democratic supremacy tested by crime , inflation",20220510T090000Z,wnyt.com,English,United States,False,unclassified
https://abcnews.go.com/Politics/wireStory/california-democratic-supremacy-tested-crime-inflation-84610069,"California Democratic supremacy tested by crime , inflation",20220510T081500Z,abcnews.go.com,English,United States,False,national
https://apnews.com/5b8c36d3cfdbf379647c82c35c33fdbd,"California Democratic supremacy tested by crime , inflation",20220510T064500Z,apnews.com,English,United States,False,national
https://sfbayview.com/2022/05/sf-state-ethnic-studies-students-oppose-the-recall-of-chesa-boudin/,SF State Ethnic Studies students oppose the recall of Chesa Boudin ! ,20220512T153000Z,sfbayview.com,English,United States,True,local
https://www.ctpost.com/news/article/California-Democratic-supremacy-tested-by-crime-17161161.php,"California Democratic supremacy tested by crime , inflation",20220510T073000Z,ctpost.com,English,United States,False,unclassified
https://www.sandiegouniontribune.com/news/california/story/2022-05-09/california-democratic-supremacy-tested-by-crime-inflation,"California Democratic supremacy tested by crime , inflation",20220510T073000Z,sandiegouniontribune.com,English,United States,False,unclassified
https://www.pressdemocrat.com/article/news/california-democratic-supremacy-tested-by-crime-inflation/,"California Democratic supremacy tested by crime , inflation",20220510T153000Z,pressdemocrat.com,English,United States,False,unclassified
https://www.stamfordadvocate.com/news/article/California-Democratic-supremacy-tested-by-crime-17161161.php,"California Democratic supremacy tested by crime , inflation",20220510T073000Z,stamfordadvocate.com,English,United States,False,unclassified
http://www.msn.com/en-nz/news/world/california-democratic-supremacy-tested-by-crime-inflation/ar-AAX5Yee,"California Democratic supremacy tested by crime , inflation",20220510T064500Z,msn.com,English,United States,False,unclassified
https://www.newstimes.com/news/article/California-Democratic-supremacy-tested-by-crime-17161161.php,"California Democratic supremacy tested by crime , inflation",20220510T073000Z,newstimes.com,English,United States,False,unclassified
https://www.nhregister.com/news/article/California-Democratic-supremacy-tested-by-crime-17161161.php,"California Democratic supremacy tested by crime , inflation",20220510T064500Z,nhregister.com,English,United States,False,unclassified
https://omaha.com/news/national/california-democratic-supremacy-tested-by-crime-inflation/article_43ce1b74-b54b-5e75-9df5-8cdbde9d2803.html,"California Democratic supremacy tested by crime , inflation",20220510T061500Z,omaha.com,English,United States,False,unclassified
https://omaha.com/news/national/govt-and-politics/california-democratic-supremacy-tested-by-crime-inflation/article_43ce1b74-b54b-5e75-9df5-8cdbde9d2803.html,"California Democratic supremacy tested by crime , inflation",20220510T061500Z,omaha.com,English,United States,False,unclassified
https://omaha.com/news/article_43ce1b74-b54b-5e75-9df5-8cdbde9d2803.html,"California Democratic supremacy tested by crime , inflation",20220512T160000Z,omaha.com,English,United States,False,unclassified
https://buffalonews.com/news/national/california-democratic-supremacy-tested-by-crime-inflation/article_3b7a06a9-8187-5a29-8435-8b7c2fd721aa.html,"California Democratic supremacy tested by crime , inflation",20220510T061500Z,buffalonews.com,English,United States,False,unclassified
https://mynorthwest.com/3465722/california-democratic-supremacy-tested-by-crime-inflation/,"California Democratic supremacy tested by crime , inflation",20220510T061500Z,mynorthwest.com,English,United States,False,unclassified
https://www.nbcsandiego.com/news/california/california-democratic-supremacy-tested-by-crime-inflation/2941856/,"California Democratic Supremacy Tested by Crime , Inflation",20220510T204500Z,nbcsandiego.com,English,United States,False,unclassified
https://tulsaworld.com/news/national/california-democratic-supremacy-tested-by-crime-inflation/article_3d38ce4c-eb4b-5d70-8481-a91c5409b31b.html,"California Democratic supremacy tested by crime , inflation",20220510T061500Z,tulsaworld.com,English,United States,False,unclassified
https://tucson.com/news/national/california-democratic-supremacy-tested-by-crime-inflation/article_bdb600ac-7d08-5a06-86f8-b006ae670665.html,"California Democratic supremacy tested by crime , inflation",20220510T070000Z,tucson.com,English,United States,False,unclassified
https://www.nbcbayarea.com/news/national-international/california-democratic-supremacy-tested-by-crime-inflation/2886657/,"California Democratic Supremacy Tested by Crime , Inflation",20220510T224500Z,nbcbayarea.com,English,United States,False,local
https://www.channel3000.com/i/california-democratic-supremacy-tested-by-crime-inflation/,"California Democratic supremacy tested by crime , inflation",20220510T071500Z,channel3000.com,English,United States,False,unclassified
https://www.bakersfield.com/ap/state/california-democratic-supremacy-tested-by-crime-inflation/article_0076ebd4-2d12-5ca2-bec9-187feb758274.html,"California Democratic supremacy tested by crime , inflation",20220510T091500Z,bakersfield.com,English,United States,False,unclassified
https://www.smdailyjournal.com/news/national/california-democratic-supremacy-tested-by-crime-inflation/article_df4f4d8b-f73f-5ef6-8d80-4ff922f0b294.html,"California Democratic supremacy tested by crime , inflation",20220510T073000Z,smdailyjournal.com,English,United States,False,local
https://www.smdailyjournal.com/news/state/california-democratic-supremacy-tested-by-crime-inflation/article_1fab065e-d09e-11ec-b15d-1f55a1fd6fa1.html,"California Democratic supremacy tested by crime , inflation",20220511T070000Z,smdailyjournal.com,English,United States,False,local
https://www.foxla.com/news/california-midterm-elections-democratic-supremacy-tested-by-crime-inflation,"California midterm elections : Democratic supremacy tested by crime , inflation",20220510T214500Z,foxla.com,English,United States,False,unclassified
https://siouxcityjournal.com/news/national/california-democratic-supremacy-tested-by-crime-inflation/article_c7d57f15-d434-51f4-8c9c-657922ee9381.html,"California Democratic supremacy tested by crime , inflation",20220510T061500Z,siouxcityjournal.com,English,United States,False,unclassified
https://www.vcstar.com/story/news/2022/05/10/california-democratic-supremacy-tested-crime-inflation/9720346002/,"California Democratic supremacy tested by crime , inflation",20220511T001500Z,vcstar.com,English,United States,False,unclassified
https://www.desertsun.com/story/news/2022/05/10/california-democratic-supremacy-tested-crime-inflation/9720346002/,"California Democratic supremacy tested by crime , inflation",20220511T003000Z,desertsun.com,English,United States,False,unclassified
https://www.abc10.com/article/news/politics/california-democratic-supremacy-tested-crime-inflation/103-4349e414-dd4e-4456-a311-8a6ec5b4ff6c,"California Democratic supremacy tested by crime , inflation",20220510T074500Z,abc10.com,English,United States,False,unclassified
https://www.politico.com/newsletters/california-playbook/2022/05/11/gop-goes-after-garcetti-00031653,GOP goes after Garcetti,20220511T174500Z,politico.com,English,United States,False,national
https://www.kpbs.org/news/local/2022/05/10/california-democratic-supremacy-tested-by-crime-inflation,"California Democratic supremacy tested by crime , inflation",20220510T171500Z,kpbs.org,English,United States,False,unclassified
https://www.city-journal.org/sizing-up-americas-prosecutors,Sizing Up America Prosecutors : 10 Blocks podcast,20220512T160000Z,city-journal.org,English,United States,False,unclassified
https://www.city-journal.org:443/sizing-up-americas-prosecutors,Sizing Up America Prosecutors : 10 Blocks podcast,20220512T200000Z,city-journal.org,English,United States,False,unclassified
https://www.msn.com/en-us/news/politics/california-democratic-supremacy-tested-by-crime-inflation/ar-AAX5TA7,"California Democratic supremacy tested by crime , inflation",20220510T084500Z,msn.com,English,United States,False,unclassified
https://www.kxly.com/i/california-democratic-supremacy-tested-by-crime-inflation/,"California Democratic supremacy tested by crime , inflation",20220510T063000Z,kxly.com,English,United States,False,unclassified
https://freerepublic.com/tag/*/index?more=4063729,Latest Articles,20220516T201500Z,freerepublic.com,English,United States,False,national
https://freerepublic.com/tag/*/index?more=4063736,Latest Articles,20220516T204500Z,freerepublic.com,English,United States,False,national
https://www.politico.com/newsletters/california-playbook-pm/2022/05/12/a-new-price-tag-on-pain-and-suffering-00032215,A new price tag on pain and suffering,20220513T030000Z,politico.com,English,United States,False,national
https://www.winchesterstar.com/associated_press/washington/california-democratic-supremacy-tested-by-crime-inflation/article_2d3a597a-718e-54c0-93bd-57af0536682f.html,"California Democratic supremacy tested by crime , inflation",20220510T091500Z,winchesterstar.com,English,United States,False,unclassified
https://www.visaliatimesdelta.com/story/news/2022/05/10/california-democratic-supremacy-tested-crime-inflation/9720346002/,"California Democratic supremacy tested by crime , inflation",20220511T081500Z,visaliatimesdelta.com,English,United States,False,unclassified
https://sfist.com/2022/05/10/quickly-boba-shop-on-polk-busted/,"Quickly Boba Shop on Larkin Busted In DA Office Sting , Was Allegedly Helping Front a Car Burglary Ring",20220511T023000Z,sfist.com,English,United States,False,local
https://www.sfchronicle.com/bayarea/article/bay-area-crime-17171526.php,Is the Bay Area progressive ? These key district attorney races will show how voters see crime and policing,20220515T121500Z,sfchronicle.com,English,United States,False,local
https://www.businessinsider.com/meet-the-most-powerful-and-influential-tech-reporters-2021-2,54 Most Influential Reporters Covering Technology,20220514T021500Z,businessinsider.com,English,United States,False,unclassified
https://www.kaaltv.com/national-news/california-democratic-supremacy-tested-by-crime-inflation/6466679/?cat=10159,"California Democratic supremacy tested by crime , inflation",20220510T061500Z,kaaltv.com,English,United States,False,unclassified
https://www.registercitizen.com/news/article/California-Democratic-supremacy-tested-by-crime-17161161.php,"California Democratic supremacy tested by crime , inflation",20220510T071500Z,registercitizen.com,English,United States,False,unclassified
https://www.caledonianrecord.com/news/national/california-democratic-supremacy-tested-by-crime-inflation/article_d96dd232-6262-563b-a1e0-42e5c9f64e76.html,"California Democratic supremacy tested by crime , inflation",20220510T083000Z,caledonianrecord.com,English,United States,False,unclassified
https://www.valdostadailytimes.com/news/national_international/california-democratic-supremacy-tested-by-crime-inflation/article_d46b68fc-5c52-50f4-a015-f3498dd411f1.html,"California Democratic supremacy tested by crime , inflation",20220510T083000Z,valdostadailytimes.com,English,United States,False,unclassified
https://www.bgdailynews.com/news/national/california-democratic-supremacy-tested-by-crime-inflation/article_04618c78-68e1-57e5-8ace-86922834c524.html,"California Democratic supremacy tested by crime , inflation",20220510T081500Z,bgdailynews.com,English,United States,False,unclassified
https://www.titusvilleherald.com/news/article_07436835-d699-5506-8ecc-fefcfc3e3ec9.html,"California Democratic supremacy tested by crime , inflation",20220510T064500Z,titusvilleherald.com,English,United States,False,unclassified
https://www.yankton.net/news/national_ap/article_12845ab4-0e7f-50c4-9751-efadaa9cd313.html,"California Democratic supremacy tested by crime , inflation",20220510T074500Z,yankton.net,English,United States,False,unclassified
https://www.standard-journal.com/news/news_ap/article_6e6eb6e7-a284-5962-8079-a71f0b75f047.html,"California Democratic supremacy tested by crime , inflation",20220514T064500Z,standard-journal.com,English,United States,False,unclassified
https://www.heraldstandard.com/news/national/california-democratic-supremacy-tested-by-crime-inflation/article_2e78b67c-2a97-5c8d-a895-e985e1429365.html,"California Democratic supremacy tested by crime , inflation",20220514T070000Z,heraldstandard.com,English,United States,False,unclassified
https://www.mymotherlode.com/news/national/general-election/2537861/california-democratic-supremacy-tested-by-crime-inflation.html,"California Democratic supremacy tested by crime , inflation",20220510T091500Z,mymotherlode.com,English,United States,False,unclassified
https://www.recordnet.com/story/news/2022/05/10/california-democratic-supremacy-tested-crime-inflation/9720346002/,"California Democratic supremacy tested by crime , inflation",20220511T141500Z,recordnet.com,English,United States,False,unclassified
https://www.gopusa.com/democrats-rule-in-california-through-high-crime-inflation-and-the-biden-administration/,"Democrats rule in California , through high crime , inflation and the Biden administration",20220510T193000Z,gopusa.com,English,United States,False,unclassified
https://www.redding.com/story/news/2022/05/10/california-democratic-supremacy-tested-crime-inflation/9720346002/,"California Democratic supremacy tested by crime , inflation",20220510T200000Z,redding.com,English,United States,False,unclassified
https://www.vvdailypress.com/story/news/2022/05/10/california-democratic-supremacy-tested-crime-inflation/9720346002/,"California Democratic supremacy tested by crime , inflation",20220510T220000Z,vvdailypress.com,English,United States,False,unclassified
https://www.siskiyoudaily.com/story/news/2022/05/10/california-democratic-supremacy-tested-crime-inflation/9720346002/,"California Democratic supremacy tested by crime , inflation",20220510T221500Z,siskiyoudaily.com,English,United States,False,unclassified
https://www.thecalifornian.com/story/news/2022/05/10/california-democratic-supremacy-tested-crime-inflation/9720346002/,"California Democratic supremacy tested by crime , inflation",20220511T041500Z,thecalifornian.com,English,United States,False,unclassified
https://www.news8000.com/i/california-democratic-supremacy-tested-by-crime-inflation/,"California Democratic supremacy tested by crime , inflation",20220510T100000Z,news8000.com,English,United States,False,unclassified
https://www.mtshastanews.com/story/news/2022/05/10/california-democratic-supremacy-tested-crime-inflation/9720346002/,"California Democratic supremacy tested by crime , inflation",20220512T023000Z,mtshastanews.com,English,United States,False,unclassified
https://sfbayview.com/2022/05/letter-to-the-editor/,Letter to the Editor,20220516T043000Z,sfbayview.com,English,United States,False,local
https://www.sfchronicle.com/sf/article/Another-poll-suggests-trouble-for-Chesa-Boudin-in-17182553.php,Chesa Boudin recall : Poll hints at bleak outcome for S . F . District Attorney,20220518T231500Z,sfchronicle.com,English,United States,True,local
https://townhall.com/tipsheet/saraharnold/2022/05/18/san-francisco-da-chesa-boudin-poised-to-go-down-in-recall-election-n2607481,Soft on Crime San Fran DA Chesa Boudin Blames Conservatives for Recall Attempt,20220519T014500Z,townhall.com,English,United States,True,unclassified
https://www.washingtonexaminer.com/restoring-america/fairness-justice/rogue-prosecutors-gascon-and-boudin-panicking-over-recall-elections,Rogue prosecutors Gascon and Boudin panicking over recall elections,20220520T150000Z,washingtonexaminer.com,English,United States,True,unclassified
https://www.heritage.org/crime-and-justice/commentary/rogue-prosecutors-gascon-and-boudin-panicking-over-recall-elections,Rogue Prosecutors Gascon and Boudin Panicking Over Recall Elections,20220519T173000Z,heritage.org,English,United States,True,unclassified
https://www.dailysignal.com/2022/05/18/rogue-prosecutors-gascon-and-boudin-panicking-over-recall-elections/,Rogue Prosecutors Gascon and Boudin Panicking Over Recall Elections,20220519T003000Z,dailysignal.com,English,United States,True,unclassified
https://hotair.com/john-s-2/2022/05/17/three-weeks-before-the-recall-vote-another-poll-shows-bad-news-for-chesa-boudin-n470145,"Three weeks before the recall vote , another poll shows bad news for Chesa Boudin",20220518T034500Z,hotair.com,English,United States,True,unclassified
https://www.smdailyjournal.com/news/bay_area/recall-voting-in-san-francisco-begins/article_403a42b4-6028-515d-934f-8fae20445481.html,RECALL VOTING IN SAN FRANCISCO BEGINS,20220517T124500Z,smdailyjournal.com,English,United States,True,local
https://www.powerlineblog.com/archives/2022/05/dem-midterm-wipeout-watch-6.php,Dem Midterm Wipeout Watch ( 6 )* ,20220520T181500Z,powerlineblog.com,English,United States,False,national
https://www.sfchronicle.com/opinion/letterstotheeditor/article/Letters-This-retired-judge-supports-recalling-17187053.php,Letters : This retired judge supports recalling Chesa Boudin and putting him back where he belongs,20220520T180000Z,sfchronicle.com,English,United States,True,local
https://hotair.com/jazz-shaw/2022/05/18/boudin-only-managed-to-convict-three-drug-dealers-in-all-of-2021-n470187,Boudin only managed to convict three drug dealers in all of 2021,20220518T180000Z,hotair.com,English,United States,True,unclassified
https://www.prnewswire.com:443/news-releases/recall-voting-in-san-francisco-begins-301548401.html,RECALL VOTING IN SAN FRANCISCO BEGINS,20220517T114500Z,prnewswire.com,English,United States,True,unclassified
https://www.postnewsgroup.com/as-san-franciscos-newest-d-a-faces-recall-threat-black-activists-speak-out/,"As San Francisco Newest D . A . Faces Recall Threat , Black Activists Speak Out",20220521T224500Z,postnewsgroup.com,English,United States,True,unclassified
https://sfist.com/2022/05/23/report-sfpd-refused-to-participate-in-quickly-burglary-ring-bust-boudin-had-to-rent-his-own-u-haul/,"Report : SFPD Refused to Participate in Quickly Burglary Ring Bust , Boudin Had to Rent His Own U - Haul",20220523T220000Z,sfist.com,English,United States,True,local
https://twitchy.com/brettt-3136/2022/05/18/san-francisco-examiner-worried-that-fox-news-will-celebrate-if-voters-recall-district-attorney-chesa-boudin/,San Francisco Examiner worried that Fox News will celebrate if voters recall District Attorney Chesa Boudin,20220519T021500Z,twitchy.com,English,United States,True,unclassified
https://www.nbcbayarea.com/news/local/san-francisco/bay-area-leaders-rally-against-gun-violence-in-wake-of-mass-shootings/2894769/,Bay Area Leaders Rally Against Gun Violence in Wake of Mass Shootings – NBC Bay Area,20220519T021500Z,nbcbayarea.com,English,United States,False,local
https://www.politico.com/newsletters/california-playbook/2022/05/18/dem-showdown-in-la-00033344,Dem showdown in LA,20220519T004500Z,politico.com,English,United States,False,national
https://www.foxnews.com/us/progressive-prosecutors-recalls-democrats-reform,"Progressive prosecutors blast recalls , assail Democrats for not supporting reform agenda",20220519T053000Z,foxnews.com,English,United States,True,national
https://www.foxnews.com/us/prosecutors-recalls-democrats,"Progressive prosecutors blast recalls , assail Democrats for not supporting reform agenda",20220518T041500Z,foxnews.com,English,United States,True,national
http://www.msn.com/en-us/news/crime/san-francisco-paper-complains-that-people-want-criminals-put-in-jail/ar-AAXoZyX,San Francisco paper complains that people want criminals put in jail,20220518T031500Z,msn.com,English,United States,False,unclassified
https://www.washingtonexaminer.com/opinion/san-francisco-paper-complains-that-people-want-criminals-put-in-jail,San Francisco paper complains that people want criminals put in jail,20220518T053000Z,washingtonexaminer.com,English,United States,False,unclassified
https://townhall.com/tipsheet/rebeccadowns/2022/05/17/gop-celebrates-apa-month-n2607387,GOP Outreach Efforts During APA Month Look to Grow the Party Like Never Before,20220517T214500Z,townhall.com,English,United States,False,unclassified
https://hotair.com/john-s-2/2022/05/19/another-poll-shows-da-chesa-boudin-in-trouble-and-heres-why-n470665,"Another poll shows DA Chesa Boudin is in trouble , here why",20220519T234500Z,hotair.com,English,United States,True,unclassified
https://www.ktvu.com/news/california-primary-election-what-to-know-about-the-june-7-vote,California primary election : What to know about the June 7 vote,20220523T190000Z,ktvu.com,English,United States,False,local
https://www.nytimes.com/2022/05/19/us/california-election-local-races.html,3 Local Races Were Closely Watching in California,20220519T131500Z,nytimes.com,English,United States,False,national
https://www.nytimes.com/2022/05/19/us/california-election-2022.html,3 Local Races Were Closely Watching in California,20220519T161500Z,nytimes.com,English,United States,False,national
https://www.theatlantic.com/ideas/archive/2022/05/chesa-boudin-recall-san-francisco-crime/629907/,Why San Francisco Prosecutor Chesa Boudin Faces Recall,20220519T114500Z,theatlantic.com,English,United States,True,national
https://www.sfchronicle.com/sf/article/San-Francisco-juvenile-hall-17182867.php,San Francisco juvenile hall was scheduled to close last year . So why are kids still locked up there ? ,20220519T133000Z,sfchronicle.com,English,United States,False,local
https://www.theamericanconservative.com/articles/our-leaders-must-enforce-the-law/,Our Leaders Must Enforce the Law - The American Conservative,20220517T074500Z,theamericanconservative.com,English,United States,False,unclassified
https://bearingarms.com/tomknighton/2022/05/19/gascon-blasts-safety-n58456,"Gascon blasts recall , claims policies improve safety",20220519T213000Z,bearingarms.com,English,United States,True,unclassified
https://www.sfchronicle.com/sf/article/Mayor-London-Breed-vows-to-fight-for-more-police-17182793.php,Mayor London Breed vows to fight for more police officers in upcoming San Francisco budget talks,20220519T023000Z,sfchronicle.com,English,United States,False,local
https://www.politico.com/newsletters/illinois-playbook/2022/05/17/chicagos-new-ward-map-ala-sellout-and-snakes-00032973,Chicago new ward map à la  sellout  and  snake - POLITICO,20220517T140000Z,politico.com,English,United States,False,national
https://www.bizjournals.com/sanfrancisco/news/2022/05/18/mayor-london-breed-crime-chesa-boudin-recall.html,"San Francisco Mayor London Breed calls for more policing , prosecutions as chamber survey highlights angst over public safety",20220519T030000Z,bizjournals.com,English,United States,False,unclassified
https://www.theamericanconservative.com/articles/the-weather-above-ground/,The Weather Above Ground - The American Conservative,20220523T044500Z,theamericanconservative.com,English,United States,False,unclassified
https://www.sfchronicle.com/opinion/letterstotheeditor/article/Letters-I-m-a-crime-victim-shot-and-17179520.php,"Letters : Im a crime victim , shot and paralyzed . Even so , here why I dont support the Boudin recall",20220518T121500Z,sfchronicle.com,English,United States,True,local
https://www.shorenewsnetwork.com/2022/05/19/san-franciscos-liberal-da-fails-to-name-a-single-case-where-he-secured-a-fentanyl-dealing-conviction/,San Francisco Liberal DA Fails To Name A Single Case Where He Secured A Fentanyl Dealing Conviction,20220519T233000Z,shorenewsnetwork.com,English,United States,False,unclassified
https://www.amren.com/news/2022/05/da-boudin-and-fentanyl-court-data-shows-just-3-drug-dealing-convictions-in-2021/,DA Boudin and Fentanyl : Court Data Shows Just 3 Drug Dealing Convictions in 2021,20220518T193000Z,amren.com,English,United States,True,unclassified
https://health.wusf.usf.edu/health-news-florida/2022-05-23/the-new-madd-movement-parents-rise-up-against-drug-dealths,The New MADD movement : Parents rise up against drug dealths,20220523T130000Z,health.wusf.usf.edu,English,United States,False,unclassified
https://www.news-medical.net/news/20220523/The-new-MADD-movement-Parents-rise-up-against-drug-deaths.aspx,The new MADD movement : Parents rise up against drug deaths,20220523T110000Z,news-medical.net,English,United States,False,unclassified
https://www.latimes.com/california/story/2022-05-20/parents-who-lost-kids-fentanyl-want-california-action,Parents who lost kids to fentanyl want California to act,20220520T124500Z,latimes.com,English,United States,False,national
https://www.latimes.com/california/story/2022-05-19/california-attorney-general-election-anne-marie-schubert,Anne Marie Schubert unconventional bid for attorney general,20220519T124500Z,latimes.com,English,United States,False,national
https://www.sandiegouniontribune.com/news/california/story/2022-05-19/california-attorney-general-election-anne-marie-schubert,Anne Marie Schubert unconventional bid for attorney general - The San Diego Union - Tribune,20220519T163000Z,sandiegouniontribune.com,English,United States,False,unclassified
https://www.davisvanguard.org/2022/05/commentary-krasner-offers-a-fiery-defense-of-reform-and-progressive-prosecution-pushing-back-against-the-recall/,"Commentary : Krasner Offers a Fiery Defense of Reform and Progressive Prosecution , Pushing Back against the Recall",20220519T144500Z,davisvanguard.org,English,United States,True,unclassified
https://48hills.org/2022/05/breed-wants-more-cops-the-supes-want-to-see-some-serious-reforms-at-sfpd/,Breed wants more cops ; the supes want to see some serious reforms at SFPD,20220523T090000Z,48hills.org,English,United States,False,unclassified
https://sfbayview.com/2022/05/inaccurate-media-and-activist-judge-jeopardize-sfs-first-prosecution-of-killer-cop/,Inaccurate media and activist judge jeopardize SF first prosecution of killer cop,20220518T040000Z,sfbayview.com,English,United States,False,local
https://www.mdjonline.com/tribune/lifestyles/a-no-party-preference-prosecutor-could-shake-up-california-attorney-generals-race/article_283cc5bc-de29-5436-beda-dfae664580ae.html,A  no party preference  prosecutor could shake up California attorney general race,20220523T131500Z,mdjonline.com,English,United States,False,unclassified
https://www.kalw.org/show/your-call/2022-05-24/san-francisco-da-chesa-boudin-discusses-his-record-the-june-7th-recall-election,San Francisco DA Chesa Boudin discusses his record & the June 7th recall election,20220524T130000Z,kalw.org,English,United States,True,local
https://www.kalw.org/show/your-call/2022-05-24/sf-da-chesa-boudin-discusses-his-record,SF DA Chesa Boudin discusses his record & the June 7 recall,20220524T174500Z,kalw.org,English,United States,True,local
https://www.sfexaminer.com/news/public-safety-or-police-reform-politicians-respond-to-concerns-over-crime/article_430f7246-dd24-11ec-87f2-772b183ca10b.html,Public safety or police reform ? Politicians respond to concerns over crime,20220526T214500Z,sfexaminer.com,English,United States,False,local
https://beyondchron.org/chesa-boudins-desperate-campaign/,Chesa Boudin Desperate Campaign - Beyond Chron,20220530T143000Z,beyondchron.org,English,United States,True,unclassified
https://www.sfchronicle.com/sf/article/DA-Chesa-Boudin-17196456.php,How did D . A . Chesa Boudin get elected in 2019 ? These maps and charts show where his support came from,20220525T114500Z,sfchronicle.com,English,United States,True,local
https://www.sfexaminer.com/news/what-kamala-harris-knows-about-chesa-boudin-s-san-francisco-woes/article_0d7f16ca-dc59-11ec-a450-07348055622b.html,What Kamala Harris knows about Chesa Boudin San Francisco woes | News,20220526T214500Z,sfexaminer.com,English,United States,True,local
https://www.sfexaminer.com/news/what-kamala-harris-knows-about-chesa-boudin-s-san-francisco-crime-woes/article_0d7f16ca-dc59-11ec-a450-07348055622b.html,What Kamala Harris knows about Chesa Boudin San Francisco crime woes | News,20220527T091500Z,sfexaminer.com,English,United States,True,local
https://www.city-journal.org:443/progressive-prosecutors-on-the-run,Progressive Prosecutors On the Run,20220526T200000Z,city-journal.org,English,United States,False,unclassified
https://www.sfchronicle.com/opinion/letterstotheeditor/article/Letters-Why-S-F-school-principal-s-use-of-17204677.php,Letters : Why S . F . school principal use of racial epithet is justified,20220530T141500Z,sfchronicle.com,English,United States,False,local
https://www.sfchronicle.com/bayarea/article/Chesa-Boudin-recall-Asian-voters-17202298.php,Will Chesa Boudin recall  unprecedented  effort courting S . F . Asian voters pay off ? ,20220527T154500Z,sfchronicle.com,English,United States,True,local
https://www.sfchronicle.com/sf/article/Chesa-Boudin-recall-Asian-voters-17202298.php,Chesa Boudin recall : Will  unprecedented  effort courting S . F . Asian voters pay off ? ,20220527T203000Z,sfchronicle.com,English,United States,True,local
https://hotair.com/john-s-2/2022/05/27/people-who-worked-for-da-chesa-boudin-say-he-has-failed-to-put-victims-first-n472568,People who worked for DA Chesa Boudin say he has failed to put victims first,20220528T023000Z,hotair.com,English,United States,True,unclassified
https://sfbayview.com/2022/05/bay-view-voters-guide-7/,Bay View Voters Guide,20220530T233000Z,sfbayview.com,English,United States,False,local
https://www.sfgate.com/politics-op-eds/article/San-Francisco-politicians-running-scared-17200835.php,San Francisco politicians are running scared from voters,20220527T123000Z,sfgate.com,English,United States,False,local
https://www.politico.com/newsletters/california-playbook/2022/05/27/the-energy-industry-is-still-shaping-california-policy-00035653,The energy industry is still shaping California policy,20220527T143000Z,politico.com,English,United States,False,national
https://www.sfchronicle.com/sf/bayarea/heatherknight/article/boudin-recall-victims-rights-17199645.php,"Facing recall , Chesa Boudin says he puts victims first . Advocates in his office dispute that",20220526T114500Z,sfchronicle.com,English,United States,True,local
https://www.sfchronicle.com/opinion/editorials/article/california-election-endorsement-17202020.php,S . F . Chronicle endorsements in the June 2022 California election,20220528T140000Z,sfchronicle.com,English,United States,False,local
https://www.msn.com/en-us/news/us/sf-national-parks-not-safe-us-police-union-says/ar-AAXOJWx,"SF national parks  not safe , US police union says",20220528T053000Z,msn.com,English,United States,False,unclassified
https://www.chron.com/news/article/Liberal-Los-Angeles-could-take-right-turn-in-17202447.php,Liberal Los Angeles could take right turn in mayor race,20220527T050000Z,chron.com,English,United States,False,unclassified
https://www.sfgate.com/news/article/Liberal-Los-Angeles-could-take-right-turn-in-17202447.php,Liberal Los Angeles could take right turn in mayor race,20220527T044500Z,sfgate.com,English,United States,False,local
https://www.seattlepi.com/news/article/Liberal-Los-Angeles-could-take-right-turn-in-17202447.php,Liberal Los Angeles could take right turn in mayor race,20220527T044500Z,seattlepi.com,English,United States,False,unclassified
https://www.mysanantonio.com/news/article/Liberal-Los-Angeles-could-take-right-turn-in-17202447.php,Liberal Los Angeles could take right turn in mayor race,20220527T094500Z,mysanantonio.com,English,United States,False,unclassified
https://www.timesunion.com/news/article/Liberal-Los-Angeles-could-take-right-turn-in-17202447.php,Liberal Los Angeles could take right turn in mayor race,20220528T003000Z,timesunion.com,English,United States,False,unclassified
https://abcnews.go.com/Politics/wireStory/liberal-los-angeles-turn-mayors-race-85013616,Liberal Los Angeles could take right turn in mayor race,20220527T060000Z,abcnews.go.com,English,United States,False,national
https://apnews.com/article/crime-los-angeles-bernie-sanders-homelessness-government-and-politics-6e29700327c829d44f8079ef703d1a78,Liberal Los Angeles could take right turn in mayor race,20220527T133000Z,apnews.com,English,United States,False,national
https://www.startribune.com/liberal-los-angeles-could-take-right-turn-in-mayors-race/600176928/,Liberal Los Angeles could take right turn in mayor race,20220527T173000Z,startribune.com,English,United States,False,unclassified
https://www.washingtontimes.com/news/2022/may/27/liberal-los-angeles-could-take-right-turn-in-mayor/,Liberal Los Angeles could take right turn in mayor race,20220527T143000Z,washingtontimes.com,English,United States,False,national
https://www.stltoday.com/article_c647515d-8b67-517d-8114-e5ed731a7b3f.html,Liberal Los Angeles could take right turn in mayor race,20220527T050000Z,stltoday.com,English,United States,False,unclassified
https://www.sandiegouniontribune.com/news/california/story/2022-05-26/liberal-los-angeles-could-take-right-turn-in-mayors-race,Liberal Los Angeles could take right turn in mayor race,20220527T050000Z,sandiegouniontribune.com,English,United States,False,unclassified
https://www.theatlantic.com/ideas/archive/2022/05/anti-racialism-ibram-kendi-anti-racism/638433/,America Needs Anti - Racialism,20220526T121500Z,theatlantic.com,English,United States,False,national
https://mynorthwest.com/3489627/liberal-los-angeles-could-take-right-turn-in-mayors-race/,Liberal Los Angeles could take right turn in mayor race,20220527T051500Z,mynorthwest.com,English,United States,False,unclassified
https://www.ctpost.com/news/article/Liberal-Los-Angeles-could-take-right-turn-in-17202447.php,Liberal Los Angeles could take right turn in mayor race,20220527T151500Z,ctpost.com,English,United States,False,unclassified
https://www.whec.com/national/liberal-los-angeles-could-take-right-turn-in-mayors-race/6483524/?cat=10036,Liberal Los Angeles could take right turn in mayor race,20220527T081500Z,whec.com,English,United States,False,unclassified
https://www.wfmz.com/news/liberal-los-angeles-could-take-right-turn-in-mayors-race/article_0c4437fd-fa65-5daa-9148-62889a075424.html,Liberal Los Angeles could take right turn in mayor race,20220527T144500Z,wfmz.com,English,United States,False,unclassified
https://tucson.com/news/national/liberal-los-angeles-could-take-right-turn-in-mayors-race/article_9c8bf1eb-5894-56ef-a848-166b950c8e6b.html,Liberal Los Angeles could take right turn in mayor race,20220527T060000Z,tucson.com,English,United States,False,unclassified
https://wnyt.com/politics/liberal-los-angeles-could-take-right-turn-in-mayors-race/6483542/?cat=661,Liberal Los Angeles could take right turn in mayor race,20220527T073000Z,wnyt.com,English,United States,False,unclassified
https://kstp.com/associated-press/ap-us-international/liberal-los-angeles-could-take-right-turn-in-mayors-race/,Liberal Los Angeles could take right turn in mayor race,20220527T084500Z,kstp.com,English,United States,False,unclassified
https://www.channel3000.com/i/liberal-los-angeles-could-take-right-turn-in-mayors-race/,Liberal Los Angeles could take right turn in mayor race,20220527T050000Z,channel3000.com,English,United States,False,unclassified
https://www.greenwichtime.com/news/article/Liberal-Los-Angeles-could-take-right-turn-in-17202447.php,Liberal Los Angeles could take right turn in mayor race,20220527T161500Z,greenwichtime.com,English,United States,False,unclassified
https://www.newstimes.com/news/article/Liberal-Los-Angeles-could-take-right-turn-in-17202447.php,Liberal Los Angeles could take right turn in mayor race,20220527T044500Z,newstimes.com,English,United States,False,unclassified
https://www.nhregister.com/news/article/Liberal-Los-Angeles-could-take-right-turn-in-17202447.php,Liberal Los Angeles could take right turn in mayor race,20220527T051500Z,nhregister.com,English,United States,False,unclassified
https://news.yahoo.com/sf-da-boudin-says-police-182533162.html,"SF DA Boudin says police refused to help in boba shop bust , so he was forced to rent U - Haul",20220524T184500Z,news.yahoo.com,English,United States,True,unclassified
https://siouxcityjournal.com/news/national/liberal-los-angeles-could-take-right-turn-in-mayors-race/article_898c5ed4-2305-57e4-b41f-e0bb6a87f7f2.html,Liberal Los Angeles could take right turn in mayor race,20220527T050000Z,siouxcityjournal.com,English,United States,False,unclassified
https://missoulian.com/news/national/liberal-los-angeles-could-take-right-turn-in-mayors-race/article_ffa9d1b7-c2b6-5ce6-a427-735da93b72f0.html,Liberal Los Angeles could take right turn in mayor race,20220527T063000Z,missoulian.com,English,United States,False,unclassified
https://www.bakersfield.com/ap/national/liberal-los-angeles-could-take-right-turn-in-mayors-race/article_242e9efd-8df1-520b-94dc-c02e89c12de6.html,Liberal Los Angeles could take right turn in mayor race,20220527T053000Z,bakersfield.com,English,United States,False,unclassified
https://www.wvnews.com/jacksonnewsnewsfeed/us/liberal-los-angeles-could-take-right-turn-in-mayors-race/article_f0614c01-53fd-5641-845f-ab39f2f32898.html,Liberal Los Angeles could take right turn in mayor race,20220528T003000Z,wvnews.com,English,United States,False,unclassified
https://www.smdailyjournal.com/news/national/liberal-los-angeles-could-take-right-turn-in-mayors-race/article_6a67803f-477b-587f-9572-0ac9d3f166a8.html,Liberal Los Angeles could take right turn in mayor race,20220527T060000Z,smdailyjournal.com,English,United States,False,local
https://www.turnto23.com/news/state/liberal-los-angeles-could-take-right-turn-in-mayors-race,Liberal Los Angeles could take right turn in mayor race,20220527T201500Z,turnto23.com,English,United States,False,unclassified
https://www.kpbs.org/news/local/2022/05/26/what-would-anne-marie-schubert-do-as-california-attorney-general,What would Anne Marie Schubert do as California attorney general ? ,20220526T211500Z,kpbs.org,English,United States,False,unclassified
https://isp.netscape.com/news/story/0001/20220527/6e29700327c829d44f8079ef703d1a78,Liberal Los Angeles could take right turn in mayor race,20220527T151500Z,isp.netscape.com,English,United States,False,unclassified
https://www.thehour.com/news/article/Liberal-Los-Angeles-could-take-right-turn-in-17202447.php,Liberal Los Angeles could take right turn in mayor race,20220527T144500Z,thehour.com,English,United States,False,unclassified
https://www.wboc.com/news/national/liberal-los-angeles-could-take-right-turn-in-mayors-race/article_a38ddd88-a9a2-581e-a742-3c74d1cbde51.html,Liberal Los Angeles could take right turn in mayor race,20220527T154500Z,wboc.com,English,United States,False,unclassified
https://www.wfmj.com/story/46590418/liberal-los-angeles-could-take-right-turn-in-mayors-race,Liberal Los Angeles could take right turn in mayor race,20220527T163000Z,wfmj.com,English,United States,False,unclassified
https://www.kxly.com/i/liberal-los-angeles-could-take-right-turn-in-mayors-race/,Liberal Los Angeles could take right turn in mayor race,20220527T050000Z,kxly.com,English,United States,False,unclassified
https://www.politico.com/newsletters/california-playbook-pm/2022/05/26/could-supervised-injection-sites-come-to-california-00035544,Could supervised injection sites come to California ?- POLITICO,20220526T233000Z,politico.com,English,United States,False,national
https://www.theatlantic.com/ideas/archive/2022/05/george-floyd-anniversary-police-reform-violent-crime/630174/,How Criminal - Justice Reform Fell Apart,20220526T120000Z,theatlantic.com,English,United States,False,national
https://www.winchesterstar.com/associated_press/washington/liberal-los-angeles-could-take-right-turn-in-mayors-race/article_84cf48db-1d94-52f9-97fd-0e97cf9a9e81.html,Liberal Los Angeles could take right turn in mayor race,20220527T051500Z,winchesterstar.com,English,United States,False,unclassified
https://www.foxnews.com/transcript/will-cain-americans-wondering-how-we-got-here,Will Cain : Americans are wondering how we got here,20220524T014500Z,foxnews.com,English,United States,False,national
https://sfist.com/2022/05/29/only-one-sf-based-media-outlet-has-openly-supported-recalling-da-chesa-boudin/,Only One SF - Based Media Outlet Has Openly Supported Recalling DA Chesa Boudin,20220530T051500Z,sfist.com,English,United States,True,local
https://www.trumbulltimes.com/news/article/Liberal-Los-Angeles-could-take-right-turn-in-17202447.php,Liberal Los Angeles could take right turn in mayor race,20220527T051500Z,trumbulltimes.com,English,United States,False,unclassified
https://www.kaaltv.com/national-news/liberal-los-angeles-could-take-right-turn-in-mayors-race/6483532/?cat=10159,Liberal Los Angeles could take right turn in mayor race,20220527T081500Z,kaaltv.com,English,United States,False,unclassified
https://www.ncadvertiser.com/news/article/Liberal-Los-Angeles-could-take-right-turn-in-17202447.php,Liberal Los Angeles could take right turn in mayor race,20220527T053000Z,ncadvertiser.com,English,United States,False,unclassified
https://www.myplainview.com/news/article/Liberal-Los-Angeles-could-take-right-turn-in-17202447.php,Liberal Los Angeles could take right turn in mayor race,20220527T051500Z,myplainview.com,English,United States,False,unclassified
https://www.michigansthumb.com/news/article/Liberal-Los-Angeles-could-take-right-turn-in-17202447.php,Liberal Los Angeles could take right turn in mayor race,20220527T141500Z,michigansthumb.com,English,United States,False,unclassified
https://www.theridgefieldpress.com/news/article/Liberal-Los-Angeles-could-take-right-turn-in-17202447.php,Liberal Los Angeles could take right turn in mayor race,20220527T153000Z,theridgefieldpress.com,English,United States,False,unclassified
https://www.darientimes.com/news/article/Liberal-Los-Angeles-could-take-right-turn-in-17202447.php,Liberal Los Angeles could take right turn in mayor race,20220527T151500Z,darientimes.com,English,United States,False,unclassified
https://www.sheltonherald.com/news/article/Liberal-Los-Angeles-could-take-right-turn-in-17202447.php,Liberal Los Angeles could take right turn in mayor race,20220527T160000Z,sheltonherald.com,English,United States,False,unclassified
https://www.wiltonbulletin.com/news/article/Liberal-Los-Angeles-could-take-right-turn-in-17202447.php,Liberal Los Angeles could take right turn in mayor race,20220527T160000Z,wiltonbulletin.com,English,United States,False,unclassified
https://www.oskaloosa.com/news/politics/liberal-los-angeles-could-take-right-turn-in-mayors-race/article_7572a6b5-c62c-515e-b80f-a590f855c527.html,Liberal Los Angeles could take right turn in mayor race,20220527T234500Z,oskaloosa.com,English,United States,False,unclassified
https://www.caledonianrecord.com/news/national/liberal-los-angeles-could-take-right-turn-in-mayors-race/article_a9d29050-6b4a-5817-9068-9b183d3dc4ba.html,Liberal Los Angeles could take right turn in mayor race,20220527T071500Z,caledonianrecord.com,English,United States,False,unclassified
https://www.recorderonline.com/news/national_news/liberal-los-angeles-could-take-right-turn-in-mayors-race/article_9696f9d0-43a1-5e09-8f70-059f88dcaf68.html,Liberal Los Angeles could take right turn in mayor race,20220527T091500Z,recorderonline.com,English,United States,False,unclassified
https://www.nvdaily.com/associated_press_national/liberal-los-angeles-could-take-right-turn-in-mayors-race/article_b102f4ce-f1ee-5d86-ad14-9804af0f7bbd.html,Liberal Los Angeles could take right turn in mayor race,20220527T064500Z,nvdaily.com,English,United States,False,unclassified
https://www.valdostadailytimes.com/news/national_international/liberal-los-angeles-could-take-right-turn-in-mayors-race/article_b28d882f-e2cc-580d-8978-0d992a38e12f.html,Liberal Los Angeles could take right turn in mayor race,20220527T093000Z,valdostadailytimes.com,English,United States,False,unclassified
https://santamariatimes.com/news/state-and-regional/liberal-los-angeles-could-take-right-turn-in-mayors-race/article_c1edf60a-4444-5f8e-8a7c-87115b5d3629.html,Liberal Los Angeles could take right turn in mayor race,20220527T150000Z,santamariatimes.com,English,United States,False,unclassified
https://www.mankatofreepress.com/news/state_national_news/liberal-los-angeles-could-take-right-turn-in-mayors-race/article_3e411acd-99cc-5f2c-af4d-df99678fc5c8.html,Liberal Los Angeles could take right turn in mayor race,20220527T144500Z,mankatofreepress.com,English,United States,False,unclassified
https://www.ifiberone.com/news/national_news/liberal-los-angeles-could-take-right-turn-in-mayors-race/article_ddf8b14c-ad69-5068-b1f5-1ff91fd1c0b4.html,Liberal Los Angeles could take right turn in mayor race,20220527T144500Z,ifiberone.com,English,United States,False,unclassified
https://www.chronicleonline.com/news/national/liberal-los-angeles-could-take-right-turn-in-mayors-race/article_ca7c6786-725e-5cf7-ad28-4e2f238a9bf5.html,Liberal Los Angeles could take right turn in mayor race,20220527T143000Z,chronicleonline.com,English,United States,False,unclassified
https://www.bgdailynews.com/news/national/liberal-los-angeles-could-take-right-turn-in-mayors-race/article_379e9ffa-7846-51f0-b368-d0cb640ab359.html,Liberal Los Angeles could take right turn in mayor race,20220527T143000Z,bgdailynews.com,English,United States,False,unclassified
https://www.educationnext.org/school-board-shakeup-san-francisco-arrogance-incompetence-woke-rhetoric-trigger-successful-recall-effort/,School Board Shakeup in San Francisco,20220524T094500Z,educationnext.org,English,United States,False,unclassified
https://sfbayview.com/2022/05/sign-our-reparations-petition-support-pamela-and-chesa-for-da-in-alameda-and-sf-counties/,"Sign our Reparations petition , support Pamela and Chesa for DA in Alameda and SF counties ! ",20220529T191500Z,sfbayview.com,English,United States,False,local
https://www.ourmidland.com/lifestyles/article/The-new-MADD-movement-Parents-rise-up-against-17197821.php,The new MADD movement : Parents rise up against drug deaths,20220528T173000Z,ourmidland.com,English,United States,False,unclassified
https://www.tucsonsentinel.com/nationworld/report/052722_madd_drugs/the-new-madd-movement-parents-rise-up-against-drug-deaths/,The new MADD movement : Parents rise up against drug deaths,20220527T224500Z,tucsonsentinel.com,English,United States,False,unclassified
https://www.foxnews.com/politics/san-francisco-da-recall-netflix-ceo-wife,Group bankrolled by Netflix CEO wife pours six figures into efforts to save far - left San Fran DA from recall,20220531T163000Z,foxnews.com,English,United States,True,national
https://www.sfchronicle.com/opinion/letterstotheeditor/article/Letters-Why-the-S-F-school-principal-who-used-17213278.php,Letters : Why the S . F . school principal who used racial epithet should be fired,20220602T123000Z,sfchronicle.com,English,United States,False,local
https://www.kmjnow.com/news/san-francisco-district-attorney-poised-to-lose-job-in-recall-election/,San Francisco District Attorney Poised to Lose Job in Recall Election,20220601T161500Z,kmjnow.com,English,United States,True,unclassified
https://www.kabc.com/news/san-francisco-district-attorney-poised-to-lose-job-in-recall-election/,San Francisco District Attorney Poised to Lose Job in Recall Election,20220601T170000Z,kabc.com,English,United States,True,unclassified
https://www.kmaj1440.com/news/san-francisco-district-attorney-poised-to-lose-job-in-recall-election/,San Francisco District Attorney Poised to Lose Job in Recall Election,20220601T170000Z,kmaj1440.com,English,United States,True,unclassified
https://www.wfnc640am.com/news/san-francisco-district-attorney-poised-to-lose-job-in-recall-election/,San Francisco District Attorney Poised to Lose Job in Recall Election,20220601T164500Z,wfnc640am.com,English,United States,True,unclassified
https://www.wftw.com/news/san-francisco-district-attorney-poised-to-lose-job-in-recall-election/,San Francisco District Attorney Poised to Lose Job in Recall Election,20220601T164500Z,wftw.com,English,United States,True,unclassified
https://www.wgowam.com/news/san-francisco-district-attorney-poised-to-lose-job-in-recall-election/,San Francisco District Attorney Poised to Lose Job in Recall Election,20220601T171500Z,wgowam.com,English,United States,True,unclassified
https://www.980waav.com/news/san-francisco-district-attorney-poised-to-lose-job-in-recall-election/,San Francisco District Attorney Poised to Lose Job in Recall Election,20220601T174500Z,980waav.com,English,United States,True,unclassified
https://www.washingtontimes.com/news/2022/jun/2/woke-prosecutor-chesa-boudin-ropes-san-francisco-r/,Woke prosecutor Chesa Boudin on the ropes in San Francisco recall,20220602T233000Z,washingtontimes.com,English,United States,True,national
https://www.washingtontimes.com:443/news/2022/jun/2/woke-prosecutor-chesa-boudin-ropes-san-francisco-r/,Woke prosecutor Chesa Boudin on the ropes in San Francisco recall,20220602T231500Z,washingtontimes.com,English,United States,True,national
https://www.sfexaminer.com/news/bay-area-news/examiner-poll-san-francisco-voters-are-unhappy-and-elected-leaders-should-take-note/article_685d8c14-e138-11ec-a88b-e3aa72789f08.html,Examiner poll : San Francisco voters are unhappy and elected leaders should take note,20220602T231500Z,sfexaminer.com,English,United States,False,local
https://www.msn.com/en-us/news/politics/san-francisco-district-attorney-could-lose-his-job-in-blow-to-national-movement/ar-AAXXgRH,San Francisco district attorney could lose his job in blow to national movement,20220601T090000Z,msn.com,English,United States,False,unclassified
https://www.politico.com/news/2022/06/01/san-francisco-district-attorney-could-lose-his-job-in-blow-to-national-movement-00036015,San Francisco district attorney could lose his job in blow to national movement,20220601T114500Z,politico.com,English,United States,False,national
https://www.sfgate.com/news/article/San-Francisco-could-vote-out-progressive-DA-in-17216747.php,San Francisco could vote out progressive DA in heated recall,20220603T053000Z,sfgate.com,English,United States,True,local
https://www.governing.com/now/san-franciscos-recall-highlights-pushback-against-progressive-prosecutors,San Francisco Recall Highlights Pushback Against Progressive Prosecutors,20220601T053000Z,governing.com,English,United States,True,unclassified
https://hotair.com/ed-morrissey/2022/06/01/politico-boudin-a-victim-of-pouncing-republicans-in-san-francisco-or-something-n473291,"Politico : Boudin a victim of pouncing Republicans in San Francisco , or something",20220601T183000Z,hotair.com,English,United States,True,unclassified
https://boxden.com/showthread.php?t=3138794,Jun 1 - San Francisco DA opponents - hit the streets ahead of recall,20220603T003000Z,boxden.com,English,United States,True,unclassified
https://www.thenation.com/article/politics/chesa-boudin-recall-backlash/,Fear & Loathing in San Francisco : How Chesa Boudin Got Blamed,20220601T114500Z,thenation.com,English,United States,True,unclassified
https://www.sfgate.com/politics-op-eds/article/Democratic-official-supports-Boudin-recall-17214953.php,Im a Democratic Party official . Im voting to recall Boudin,20220603T120000Z,sfgate.com,English,United States,True,local
https://www.msn.com/en-us/news/us/ahead-of-u-s-midterms-democrats-struggle-to-find-footing-on-violent-crime/ar-AAY22nm,"Ahead of U . S . midterms , Democrats struggle to find footing on violent crime",20220603T104500Z,msn.com,English,United States,False,unclassified
https://news.yahoo.com/san-francisco-could-vote-progressive-051131578.html,San Francisco could vote out progressive DA in heated recall,20220603T060000Z,news.yahoo.com,English,United States,True,unclassified
https://abcnews.go.com/Politics/wireStory/san-francisco-vote-progressive-da-heated-recall-85153635,San Francisco could vote out progressive DA in heated recall,20220603T071500Z,abcnews.go.com,English,United States,True,national
https://apnews.com/article/crime-government-and-politics-san-francisco-seniors-c865bc8fa7006fb806b6e5b639f64857,San Francisco could vote out progressive DA in heated recall,20220603T054500Z,apnews.com,English,United States,True,national
https://www.sandiegouniontribune.com/news/california/story/2022-06-02/san-francisco-could-vote-out-progressive-da-in-heated-recall,San Francisco could vote out progressive DA in heated recall,20220603T083000Z,sandiegouniontribune.com,English,United States,True,unclassified
https://www.politico.com/newsletters/california-playbook/2022/06/02/progressive-prosecution-goes-on-trial-00036627,Progressive prosecution goes on trial,20220602T173000Z,politico.com,English,United States,False,national
https://buffalonews.com/news/national/san-francisco-could-vote-out-progressive-da-in-heated-recall/article_49ad36db-c9da-53b1-92b3-199bf9cc10c6.html,San Francisco could vote out progressive DA in heated recall,20220603T063000Z,buffalonews.com,English,United States,True,unclassified
https://mynorthwest.com/3503165/san-francisco-could-vote-out-progressive-da-in-heated-recall/,San Francisco could vote out progressive DA in heated recall,20220603T063000Z,mynorthwest.com,English,United States,True,unclassified
https://tucson.com/news/national/san-francisco-could-vote-out-progressive-da-in-heated-recall/article_fedf590e-6a11-514a-a0fe-323054a29494.html,San Francisco could vote out progressive DA in heated recall,20220603T061500Z,tucson.com,English,United States,True,unclassified
https://www.channel3000.com/i/san-francisco-could-vote-out-progressive-da-in-heated-recall/,San Francisco could vote out progressive DA in heated recall,20220603T060000Z,channel3000.com,English,United States,True,unclassified
https://www.ktvu.com/news/san-francisco-da-chesa-boudin-and-opponents-hit-the-streets-ahead-of-recall,San Francisco DA Chesa Boudin - and opponents - hit the streets ahead of recall,20220601T164500Z,ktvu.com,English,United States,True,local
https://www.bakersfield.com/ap/national/san-francisco-could-vote-out-progressive-da-in-heated-recall/article_5bafa279-a060-5dd1-b087-4a82ceba3a4e.html,San Francisco could vote out progressive DA in heated recall,20220603T070000Z,bakersfield.com,English,United States,True,unclassified
https://www.smdailyjournal.com/news/national/san-francisco-could-vote-out-progressive-da-in-heated-recall/article_5a181ae0-d3a5-5421-8f96-87590837ae85.html,San Francisco could vote out progressive DA in heated recall,20220603T080000Z,smdailyjournal.com,English,United States,True,local
https://www.politico.com/newsletters/california-playbook/2022/05/31/rivas-makes-his-move-00035872,Rivas makes his move,20220531T140000Z,politico.com,English,United States,False,national
https://www.washingtonexaminer.com/news/san-francisco-da-left-hanging-after-police-refuse-to-help-with-sting,San Francisco DA left hanging after police refuse to help with sting,20220601T233000Z,washingtonexaminer.com,English,United States,False,unclassified
https://www.kxly.com/i/san-francisco-could-vote-out-progressive-da-in-heated-recall/,San Francisco could vote out progressive DA in heated recall,20220603T070000Z,kxly.com,English,United States,True,unclassified
https://www.sfexaminer.com/the_fs/forum/prop-h-is-a-threat-to-san-francisco-criminal-justice-reform/article_1ad39716-e13a-11ec-9886-7f7bd5dc7dad.html,Prop . H is a threat to San Francisco criminal justice reform,20220601T234500Z,sfexaminer.com,English,United States,False,local
https://freerepublic.com/tag/*/index?more=4067589,Latest Articles,20220531T184500Z,freerepublic.com,English,United States,False,national
https://www.chron.com/news/article/San-Francisco-could-vote-out-progressive-DA-in-17216747.php,San Francisco could vote out progressive DA in heated recall,20220603T053000Z,chron.com,English,United States,True,unclassified
https://www.timesunion.com/news/article/San-Francisco-could-vote-out-progressive-DA-in-17216747.php,San Francisco could vote out progressive DA in heated recall,20220603T094500Z,timesunion.com,English,United States,True,unclassified
https://www.sfchronicle.com/sf/article/S-F-D-A-withdraws-motion-on-potential-release-17216497.php,S . F . D . A . withdraws motion on potential release of man sentenced to life at age 17,20220603T031500Z,sfchronicle.com,English,United States,False,local
https://www.ctpost.com/news/article/San-Francisco-could-vote-out-progressive-DA-in-17216747.php,San Francisco could vote out progressive DA in heated recall,20220603T083000Z,ctpost.com,English,United States,True,unclassified
https://www.whec.com/national/san-francisco-could-vote-out-progressive-da-in-heated-recall/6489839/?cat=10036,San Francisco could vote out progressive DA in heated recall,20220603T091500Z,whec.com,English,United States,True,unclassified
https://wnyt.com/politics/san-francisco-could-vote-out-progressive-da-in-heated-recall/6489847/?cat=661,San Francisco could vote out progressive DA in heated recall,20220603T063000Z,wnyt.com,English,United States,True,unclassified
https://www.greenwichtime.com/news/article/San-Francisco-could-vote-out-progressive-DA-in-17216747.php,San Francisco could vote out progressive DA in heated recall,20220603T054500Z,greenwichtime.com,English,United States,True,unclassified
https://www.lmtonline.com/news/article/San-Francisco-could-vote-out-progressive-DA-in-17216747.php,San Francisco could vote out progressive DA in heated recall,20220603T103000Z,lmtonline.com,English,United States,True,unclassified
https://www.nhregister.com/news/article/San-Francisco-could-vote-out-progressive-DA-in-17216747.php,San Francisco could vote out progressive DA in heated recall,20220603T054500Z,nhregister.com,English,United States,True,unclassified
https://www.winchesterstar.com/associated_press/washington/san-francisco-could-vote-out-progressive-da-in-heated-recall/article_42f637c0-16d0-5248-b4ca-a8f1d01982ee.html,San Francisco could vote out progressive DA in heated recall,20220603T063000Z,winchesterstar.com,English,United States,True,unclassified
https://www.sfexaminer.com/news/inside-chesa-boudin-s-campaign-headquarters/article_f5c3cc48-e2a6-11ec-9007-fbac88708d2b.html,Inside Chesa Boudin campaign headquarters | News,20220603T024500Z,sfexaminer.com,English,United States,True,local
https://www.realclearpolitics.com/2022/06/01/da_chesa_boudin_is_on_the_brink_of_political_oblivion_571331.html,DA Chesa Boudin Is on the Brink of Political Oblivion,20220601T214500Z,realclearpolitics.com,English,United States,True,national
https://www.latimes.com/opinion/story/2022-06-01/chesa-boudin-recall-criminal-justice-reform-san-francisco,"Op - Ed : If criminal justice reform cant survive in San Francisco , can it survive anywhere ? ",20220601T104500Z,latimes.com,English,United States,False,national
https://laist.com/news/gascon-recall-campaign-mails-petitions-to-millions-of-la-households,Gascon Recall Campaign Mails Petitions To Millions of LA Households,20220603T010000Z,laist.com,English,United States,True,unclassified
https://www.nytimes.com/2022/06/01/us/california-election-day.html,How California Voters Can Vote in the 2022 Primary Election,20220601T131500Z,nytimes.com,English,United States,False,national
https://kfgo.com/2022/06/03/ahead-of-u-s-midterms-democrats-struggle-to-find-footing-on-violent-crime/,"Ahead of U . S . midterms , Democrats struggle to find footing on violent crime",20220603T104500Z,kfgo.com,English,United States,False,unclassified
https://hot96.com/2022/06/03/ahead-of-u-s-midterms-democrats-struggle-to-find-footing-on-violent-crime/,"Ahead of U . S . midterms , Democrats struggle to find footing on violent crime",20220603T104500Z,hot96.com,English,United States,False,unclassified
https://wiky.com/2022/06/03/ahead-of-u-s-midterms-democrats-struggle-to-find-footing-on-violent-crime/,"Ahead of U . S . midterms , Democrats struggle to find footing on violent crime",20220603T130000Z,wiky.com,English,United States,False,unclassified
https://wtaq.com/2022/06/03/ahead-of-u-s-midterms-democrats-struggle-to-find-footing-on-violent-crime/,"Ahead of U . S . midterms , Democrats struggle to find footing on violent crime",20220603T124500Z,wtaq.com,English,United States,False,unclassified
https://wdez.com/2022/06/03/ahead-of-u-s-midterms-democrats-struggle-to-find-footing-on-violent-crime/,"Ahead of U . S . midterms , Democrats struggle to find footing on violent crime",20220603T113000Z,wdez.com,English,United States,False,unclassified
https://wsau.com/2022/06/03/ahead-of-u-s-midterms-democrats-struggle-to-find-footing-on-violent-crime/,"Ahead of U . S . midterms , Democrats struggle to find footing on violent crime",20220603T114500Z,wsau.com,English,United States,False,unclassified
https://wabx.net/2022/06/03/ahead-of-u-s-midterms-democrats-struggle-to-find-footing-on-violent-crime/,"Ahead of U . S . midterms , Democrats struggle to find footing on violent crime",20220603T114500Z,wabx.net,English,United States,False,unclassified
https://wkzo.com/2022/06/03/ahead-of-u-s-midterms-democrats-struggle-to-find-footing-on-violent-crime/,"Ahead of U . S . midterms , Democrats struggle to find footing on violent crime",20220603T114500Z,wkzo.com,English,United States,False,unclassified
https://freerepublic.com/tag/*/index?more=4067559,Latest Articles,20220531T170000Z,freerepublic.com,English,United States,False,national
https://www.jdsupra.com/legalnews/the-june-2022-san-francisco-ballot-9187026/,The June 2022 San Francisco Ballot : Measures to Watch | Coblentz Patch Duffy & Bass,20220602T233000Z,jdsupra.com,English,United States,False,unclassified
https://www.latimes.com/california/story/2022-06-02/john-legend-criminal-justice-reform-progressive-prosecutors-local-elections,"John Legend on why reform starts with D . A . s , local elections",20220602T134500Z,latimes.com,English,United States,False,national
https://www.sfchronicle.com/sf/article/S-F-Mayor-Breed-s-14-billion-budget-would-17212579.php,"Mayor Breed $14B budget would pump money into police staffing , law enforcement",20220601T190000Z,sfchronicle.com,English,United States,False,local
https://sfist.com/2022/06/01/in-completely-foregone-conclusion-new-supe-dorsey-endorses-recall-of-da-boudin/,"In Completely Foregone Conclusion , New Supe Dorsey Endorses Recall of DA Boudin",20220601T233000Z,sfist.com,English,United States,True,local
https://sentencing.typepad.com/sentencing_law_and_policy/2022/06/tough-talking-sacramento-district-attorney-presides-over-homicide-and-violence-surge-while-liberal-s.html,Sentencing Law and Policy :  Tough Talking  Sacramento District Attorney Presides Over Homicide And Violence Surge While  Liberal  San Francisco Enjoys Major Decreases  ,20220603T124500Z,sentencing.typepad.com,English,United States,False,unclassified
https://www.nvdaily.com/associated_press_national/san-francisco-could-vote-out-progressive-da-in-heated-recall/article_73759b22-5d28-552c-8235-de04fe76f68d.html,San Francisco could vote out progressive DA in heated recall,20220603T070000Z,nvdaily.com,English,United States,True,unclassified
https://www.yankton.net/news/national_ap/article_becf9cde-2ece-57b2-bfe8-c13c1ef10e94.html,San Francisco could vote out progressive DA in heated recall,20220603T100000Z,yankton.net,English,United States,True,unclassified
https://www.ivpressonline.com/news/nation/san-francisco-could-vote-out-progressive-da-in-heated-recall/article_9edb8921-0e31-5a56-ab67-83753881edb5.html,San Francisco could vote out progressive DA in heated recall,20220603T074500Z,ivpressonline.com,English,United States,True,unclassified
https://santamariatimes.com/news/national/govt-and-politics/san-francisco-could-vote-out-progressive-da-in-heated-recall/article_be9de8e6-f40c-566e-8710-5634ec6e197d.html,San Francisco could vote out progressive DA in heated recall,20220603T074500Z,santamariatimes.com,English,United States,True,unclassified
https://www.caledonianrecord.com/news/national/san-francisco-could-vote-out-progressive-da-in-heated-recall/article_4c81b393-69ed-561c-b6dc-c18dc6026481.html,San Francisco could vote out progressive DA in heated recall,20220603T074500Z,caledonianrecord.com,English,United States,True,unclassified
https://www.recorderonline.com/news/national_news/san-francisco-could-vote-out-progressive-da-in-heated-recall/article_08164c5f-6962-5694-aa96-90c7e2eab295.html,San Francisco could vote out progressive DA in heated recall,20220603T063000Z,recorderonline.com,English,United States,True,unclassified
https://www.news8000.com/i/san-francisco-could-vote-out-progressive-da-in-heated-recall/,San Francisco could vote out progressive DA in heated recall,20220603T063000Z,news8000.com,English,United States,True,unclassified
https://www.mymotherlode.com/news/state/2596495/san-francisco-could-vote-out-progressive-da-in-heated-recall.html,San Francisco could vote out progressive DA in heated recall,20220603T073000Z,mymotherlode.com,English,United States,True,unclassified
https://www.fbherald.com/news/san-francisco-could-vote-out-progressive-da-in-heated-recall/article_81e57bc6-fe26-58ea-87d7-c132a9e7ff13.html,San Francisco could vote out progressive DA in heated recall,20220603T073000Z,fbherald.com,English,United States,True,unclassified
https://www.ktvu.com/news/defendants-in-sf-on-ankle-monitors-commit-violations-with-little-consequence-critics-say,"Defendants on ankle monitors in SF commit violations with little consequence , critics say",20220603T081500Z,ktvu.com,English,United States,False,local
https://www.chronicleonline.com/news/national/san-francisco-could-vote-out-progressive-da-in-heated-recall/article_ac9c4a89-b337-573c-b17b-349a7a623832.html,San Francisco could vote out progressive DA in heated recall,20220603T130000Z,chronicleonline.com,English,United States,True,unclassified
https://www.sfchronicle.com/sf/article/Honey-Mahogany-supervisor-17216100.php,"Honey Mahogany is running for San Francisco supervisor , hoping to unseat Mayor Breed appointee",20220603T000000Z,sfchronicle.com,English,United States,False,local
http://www.ruthfullyyours.com/2022/06/01/what-primary-season-has-taught-us-so-far-few-reasons-for-trump-to-be-cheerful-progressives-make-progress-and-moreoliver-wiseman/,"What primary season has taught us so far Few reasons for Trump to be cheerful , progressives make progress , and more : Oliver Wiseman",20220601T203000Z,ruthfullyyours.com,English,United States,False,unclassified
https://prospect.org/justice/why-are-police-so-bad-at-their-jobs/,Why Are Police So Bad at Their Jobs ? ,20220602T094500Z,prospect.org,English,United States,False,unclassified
https://www.politico.com/newsletters/playbook-pm/2022/06/01/infant-formula-crisis-worsens-before-biden-meeting-00036365,POLITICO Playbook PM : Infant formula crisis worsens before Biden meeting,20220601T184500Z,politico.com,English,United States,False,national
https://www.washingtonpost.com/politics/2022/05/31/trailer-nine-summer-days-that-will-define-2022-midterms/,The Trailer : Nine summer days that will define the 2022 midterms,20220601T014500Z,washingtonpost.com,English,United States,False,national
https://www.kaaltv.com/national-news/san-francisco-could-vote-out-progressive-da-in-heated-recall/6489842/?cat=10159,San Francisco could vote out progressive DA in heated recall,20220603T063000Z,kaaltv.com,English,United States,True,unclassified
https://www.nytimes.com/2022/06/03/us/democrats-crime-gun-violence.html,Democrats Face Pressure on Crime from Their Own Base,20220603T110000Z,nytimes.com,English,United States,False,national
https://www.darientimes.com/news/article/San-Francisco-could-vote-out-progressive-DA-in-17216747.php,San Francisco could vote out progressive DA in heated recall,20220603T061500Z,darientimes.com,English,United States,True,unclassified
https://www.milfordmirror.com/news/article/San-Francisco-could-vote-out-progressive-DA-in-17216747.php,San Francisco could vote out progressive DA in heated recall,20220603T061500Z,milfordmirror.com,English,United States,True,unclassified
https://www.nytimes.com/2022/06/01/opinion/woke-culture-backlash-movement.html,Opinion | The Age of  Too Far  - The New York Times,20220602T004500Z,nytimes.com,English,United States,False,national
https://www.startribune.com/will-the-politics-of-too-far-go-too-far/600178728/,Will the politics of  too far  go too far ? ,20220602T231500Z,startribune.com,English,United States,False,unclassified
https://www.sfchronicle.com/election/article/Listen-Chesa-Boudin-interview-17213056.php,The Chesa Boudin interview : Recall is  scapegoating  ,20220602T141500Z,sfchronicle.com,English,United States,True,local
http://www.msn.com/en-us/news/us/the-revolt-against-homelessness/ar-AAY0F5A,The Revolt Against Homelessness,20220602T163000Z,msn.com,English,United States,False,unclassified
https://www.theatlantic.com/politics/archive/2022/06/california-governor-race-shellenberger-homelessness-san-francisco/661164/,The Other Guy Running for Governor in California,20220602T170000Z,theatlantic.com,English,United States,False,national
https://sfist.com/2022/05/31/why-is-this-prop-a-ballot-measure-asking-for-another-400-million-for-muni-an-explainer/,Why Is This Prop A Ballot Measure Asking for Another $400 Million for Muni ? An Explainer,20220601T001500Z,sfist.com,English,United States,False,local
https://www.leadertelegram.com/country-today/opinions/guest-opinions/the-new-madd-movement-parents-rise-up-against-drug-deaths/article_4140a249-7fb9-53cf-935b-a5b523a9774e.html,The new MADD movement : Parents rise up against drug deaths,20220602T160000Z,leadertelegram.com,English,United States,False,unclassified
https://www.foxnews.com/media/san-francisco-da-recall-ny-mag-blaming-republicans-liberalism,"San Francisco DA recall effort : NY Mag blasted for blaming Republicans ,  limits of liberalism  ",20220606T210000Z,foxnews.com,English,United States,True,national
https://www.streetinsider.com/PRNewswire/Greenberg+Confident+of+DA+Chesa+Boudin+Recall+Success/20180860.html,Greenberg Confident of DA Chesa Boudin Recall Success,20220606T210000Z,streetinsider.com,English,United States,True,national
https://dailycaller.com/2022/06/06/san-fran-prosecutor-defund-police-advocate-recall/,Liberal San Fran Prosecutor And  Defund The Police  Advocate May Be Taken Out In Recall,20220606T220000Z,dailycaller.com,English,United States,True,national
https://www.cbsnews.com/news/chesa-boudin-recall-election-san-francisco/,San Francisco voters to decide Tuesday if they will recall DA Chesa Boudin,20220606T103000Z,cbsnews.com,English,United States,True,national
https://www.cbsnews.com/news/chesa-boudin-recall-election-san-francisco-district-attorney/,San Francisco DA Chesa Boudin faces recall amid Tuesday primary elections,20220606T121500Z,cbsnews.com,English,United States,True,national
https://www.washingtonpost.com/opinions/2022/06/06/chesa-boudin-san-francisco-recall/,Opinion | What Chesa Boudin likely recall will mean,20220606T191500Z,washingtonpost.com,English,United States,True,national
https://www.sfchronicle.com/politics/joegarofoli/article/chesa-boudin-recall-media-17218862.php,What national media will get wrong if Chesa Boudin is recalled,20220605T113000Z,sfchronicle.com,English,United States,True,local
https://www.kalw.org/kalw-news/2022-06-06/poll-says-boudin-recall-vote-is-a-dead-heat,Poll says Boudin recall vote is a  dead heat  ,20220606T190000Z,kalw.org,English,United States,True,local
https://www.sfchronicle.com/politics/article/sf-voters-chesa-boudin-17218751.php,"SF voters will decide Chesa Boudin fate , make a national statement",20220605T113000Z,sfchronicle.com,English,United States,True,local
https://www.wfnc640am.com/news/san-francisco-moves-to-recall-far-left-district-attorney/,San Francisco Moves to Recall Far Left District Attorney,20220606T003000Z,wfnc640am.com,English,United States,True,unclassified
https://www.wtma.com/news/san-francisco-moves-to-recall-far-left-district-attorney/,San Francisco Moves to Recall Far Left District Attorney,20220605T233000Z,wtma.com,English,United States,True,unclassified
https://www.kvor.com/news/san-francisco-moves-to-recall-far-left-district-attorney/,San Francisco Moves to Recall Far Left District Attorney,20220605T213000Z,kvor.com,English,United States,True,unclassified
https://www.klif.com/news/san-francisco-moves-to-recall-far-left-district-attorney/,San Francisco Moves to Recall Far Left District Attorney,20220605T234500Z,klif.com,English,United States,True,unclassified
https://www.kmjnow.com/news/san-francisco-moves-to-recall-far-left-district-attorney/,San Francisco Moves to Recall Far Left District Attorney,20220606T004500Z,kmjnow.com,English,United States,True,unclassified
https://www.kmaj1440.com/news/san-francisco-moves-to-recall-far-left-district-attorney/,San Francisco Moves to Recall Far Left District Attorney,20220605T231500Z,kmaj1440.com,English,United States,True,unclassified
https://www.newsradio1029.com/news/san-francisco-moves-to-recall-far-left-district-attorney/,San Francisco Moves to Recall Far Left District Attorney,20220605T231500Z,newsradio1029.com,English,United States,True,unclassified
https://www.wvlkam.com/news/san-francisco-moves-to-recall-far-left-district-attorney/,San Francisco Moves to Recall Far Left District Attorney,20220605T231500Z,wvlkam.com,English,United States,True,unclassified
https://www.790wpic.com/news/san-francisco-moves-to-recall-far-left-district-attorney/,San Francisco Moves to Recall Far Left District Attorney,20220605T231500Z,790wpic.com,English,United States,True,unclassified
https://www.kkoh.com/news/san-francisco-moves-to-recall-far-left-district-attorney/,San Francisco Moves to Recall Far Left District Attorney,20220605T231500Z,kkoh.com,English,United States,True,unclassified
https://www.980waav.com/news/san-francisco-moves-to-recall-far-left-district-attorney/,San Francisco Moves to Recall Far Left District Attorney,20220605T204500Z,980waav.com,English,United States,True,unclassified
https://www.wgowam.com/news/san-francisco-moves-to-recall-far-left-district-attorney/,San Francisco Moves to Recall Far Left District Attorney,20220605T211500Z,wgowam.com,English,United States,True,unclassified
https://www.1490wosh.com/news/san-francisco-moves-to-recall-far-left-district-attorney/,San Francisco Moves to Recall Far Left District Attorney,20220605T223000Z,1490wosh.com,English,United States,True,unclassified
https://www.wbap.com/news/san-francisco-moves-to-recall-far-left-district-attorney/,San Francisco Moves to Recall Far Left District Attorney,20220605T210000Z,wbap.com,English,United States,True,unclassified
https://www.wftw.com/news/san-francisco-moves-to-recall-far-left-district-attorney/,San Francisco Moves to Recall Far Left District Attorney,20220605T210000Z,wftw.com,English,United States,True,unclassified
https://www.kabc.com/news/san-francisco-moves-to-recall-far-left-district-attorney/,San Francisco Moves to Recall Far Left District Attorney,20220605T210000Z,kabc.com,English,United States,True,unclassified
https://www.997wtn.com/news/san-francisco-moves-to-recall-far-left-district-attorney/,San Francisco Moves to Recall Far Left District Attorney,20220605T224500Z,997wtn.com,English,United States,True,unclassified
https://www.kugn.com/news/san-francisco-moves-to-recall-far-left-district-attorney/,San Francisco Moves to Recall Far Left District Attorney,20220605T220000Z,kugn.com,English,United States,True,unclassified
https://www.wjr.com/news/san-francisco-moves-to-recall-far-left-district-attorney/,San Francisco Moves to Recall Far Left District Attorney,20220605T220000Z,wjr.com,English,United States,True,unclassified
https://www.msn.com/en-us/news/us/chesa-boudin-s-recall-is-in-the-national-spotlight-s-f-voters-could-decide-much-more-than-his-fate/ar-AAY6m0s,Chesa Boudin recall is in the national spotlight . S . F . voters could decide much more than his fate,20220605T121500Z,msn.com,English,United States,True,unclassified
https://www.foxnews.com/politics/young-san-franciscans-rally-embattled-da-recall-election,Young San Franciscans rally for embattled DA facing recall election :  Fighting for the soul of San Francisco  ,20220606T201500Z,foxnews.com,English,United States,True,national
https://www.sfchronicle.com/bayarea/justinphillips/article/democrats-republican-playbook-recall-17218804.php,SF  Democrat gathered Chesa Boudin recall support with GOP tactics,20220605T113000Z,sfchronicle.com,English,United States,True,local
https://www.infowars.com/posts/ceaseless-crime-in-san-francisco-has-started-a-civil-war-among-liberals/,Ceaseless Crime in San Francisco has Started a Civil War Among Liberals,20220606T101500Z,infowars.com,English,United States,False,unclassified
https://www.aol.com/news/san-franciscos-bitter-d-recall-220040477.html,San Francisco bitter D . A . recall could set back national justice reform movement,20220604T230000Z,aol.com,English,United States,True,unclassified
https://hotair.com/john-s-2/2022/06/03/more-voices-in-support-of-chesa-boudins-recall-plus-another-poll-showing-hes-in-trouble-n473844,"More voices in support of Chesa Boudin recall , plus another poll showing he in trouble",20220604T003000Z,hotair.com,English,United States,True,unclassified
https://www.sfchronicle.com/politics/article/What-Chesa-Boudin-is-telling-San-Francisco-voters-17222891.php,What Chesa Boudin is telling SF voters before recall vote,20220606T223000Z,sfchronicle.com,English,United States,True,local
https://www.foxnews.com/media/mcenany-san-francisco-chesa-boudin-recall,McEnany on  Outnumbered : A  political earthquake  could be coming in California,20220606T184500Z,foxnews.com,English,United States,False,national
https://beyondchron.org/election-predictions-june-7-2022/,"Election Predictions : June 7 , 2022 - Beyond Chron",20220606T151500Z,beyondchron.org,English,United States,False,unclassified
https://www.latimes.com/california/story/2022-06-04/boudin-recall,San Francisco bitter D . A . recall could set back national justice reform movement,20220604T223000Z,latimes.com,English,United States,True,national
https://news.yahoo.com/san-franciscos-bitter-d-recall-220040606.html,San Francisco bitter D . A . recall could set back national justice reform movement,20220604T224500Z,news.yahoo.com,English,United States,True,unclassified
https://chicago.suntimes.com/politics/2022/6/3/23153330/chesa-boudin-san-francisco-district-attorney-prosecutor-recall-hyde-park-bill-ayers-bernardine-dohrn,"Chesa Boudin , San Francisco prosecutor raised in Hyde Park , facing recall vote Tuesday",20220604T003000Z,chicago.suntimes.com,English,United States,True,unclassified
https://www.sfchronicle.com/opinion/letterstotheeditor/article/Letters-Killers-like-Texas-school-shooter-want-17219207.php,Letters : Killers like Texas school shooter want their 15 minutes of fame . Dont give it to them,20220606T124500Z,sfchronicle.com,English,United States,False,local
https://www.sfchronicle.com/opinion/openforum/article/sf-democrats-asian-americans-17218618.php,San Francisco Democrats squandering gains with Asian Americans,20220605T124500Z,sfchronicle.com,English,United States,False,local
https://www.sfgate.com/elections/article/When-are-California-primary-results-17216204.php,When can Calif . voters expect primary elections results ? ,20220603T203000Z,sfgate.com,English,United States,False,local
https://www.foxnews.com/media/san-francisco-district-attorney-recall-democrats-ramaswamy,San Francisco DA recall effort a  lose - lose for Democrat : Ramaswamy,20220606T164500Z,foxnews.com,English,United States,True,national
https://www.sfgate.com/politics-op-eds/article/Chesa-Boudin-recall-has-no-merit-17218192.php,I worked with 6 SF DAs . The Boudin recall has no merit . ,20220606T113000Z,sfgate.com,English,United States,True,local
https://www.sfchronicle.com/politics/article/Groups-wanting-Chesa-Boudin-recalled-raise-more-17221264.php,Chesa Boudin recall supporters raised more than twice as much as anti - recall groups . See who the biggest donors were,20220606T124500Z,sfchronicle.com,English,United States,True,local
https://twitchy.com/sarahd-313035/2022/06/06/ny-magazine-san-francisco-is-a-disaster-area-because-republicans-have-kept-it-from-reaching-its-true-progressive-potential/,NY Magazine : San Francisco is a disaster area because Republicans have kept it from reaching its true progressive potential,20220606T160000Z,twitchy.com,English,United States,False,unclassified
https://www.msn.com/en-us/news/world/a-liberal-d-a-finds-voters-moods-have-changed-even-in-san-francisco/ar-AAY7R6r,A liberal D . A . finds voter moods have changed even in San Francisco,20220606T094500Z,msn.com,English,United States,False,unclassified
https://www.msn.com/en-us/news/other/a-liberal-da-finds-voters-moods-have-changed-even-in-san-francisco/ar-AAY7R6r,A liberal D . A . finds voter moods have changed even in San Francisco,20220606T093000Z,msn.com,English,United States,False,unclassified
https://www.msn.com/en-us/news/world/a-liberal-da-finds-voters-moods-have-changed-even-in-san-francisco/ar-AAY7R6r,A liberal D . A . finds voter moods have changed even in San Francisco,20220606T151500Z,msn.com,English,United States,False,unclassified
https://www.sfexaminer.com/news/politics/san-francisco-examiner-endorsements-for-june-primary-election/article_68f0f2a0-dd4c-11ec-897a-af96d2db16e5.html,San Francisco Examiner Endorsements for June primary election,20220604T033000Z,sfexaminer.com,English,United States,False,local
http://www.msn.com/en-us/news/us/in-san-francisco-democrats-are-at-war-with-themselves-over-crime/ar-AAY6erj,"In San Francisco , Democrats Are at War With Themselves Over Crime",20220605T210000Z,msn.com,English,United States,False,unclassified
https://www.economist.com/united-states/2022/06/05/why-san-franciscos-clash-with-its-district-attorney-matters-across-america,Why San Francisco clash with its district attorney matters across America,20220605T181500Z,economist.com,English,United States,False,unclassified
https://www.economist.com/united-states/2022/06/05/why-san-franciscos-clash-with-its-district-attorney-matters,Why San Francisco clash with its district attorney matters,20220606T144500Z,economist.com,English,United States,False,unclassified
https://www.towleroad.com/2022/06/ahead-of-u-s-midterms-democrats-struggle-to-find-footing-on-violent-crime/,"Ahead Of U . S . Midterms , Democrats Struggle To Find Footing On Violent Crime",20220603T180000Z,towleroad.com,English,United States,False,unclassified
https://www.theepochtimes.com/progressive-prosecutor-movement-goes-on-trial-in-california-primary_4514077.html,Progressive Prosecutor Movement Goes on Trial in California Primary,20220606T070000Z,theepochtimes.com,English,United States,False,unclassified
https://www.cbsnews.com/sanfrancisco/news/san-francisco-da-chesa-boudin-recall-effort-polarizes-june-election/,San Francisco DA Chesa Boudin recall effort polarizes June election,20220603T160000Z,cbsnews.com,English,United States,True,national
https://www.inforum.com/news/national/ahead-of-midterms-democrats-struggle-to-find-footing-on-violent-crime,"Ahead of midterms , Democrats struggle to find footing on violent crime",20220603T143000Z,inforum.com,English,United States,False,unclassified
https://www.grandforksherald.com/news/national/ahead-of-midterms-democrats-struggle-to-find-footing-on-violent-crime,"Ahead of midterms , Democrats struggle to find footing on violent crime",20220603T141500Z,grandforksherald.com,English,United States,False,unclassified
https://www.duluthnewstribune.com/news/national/ahead-of-midterms-democrats-struggle-to-find-footing-on-violent-crime,"Ahead of midterms , Democrats struggle to find footing on violent crime",20220603T173000Z,duluthnewstribune.com,English,United States,False,unclassified
https://www.foxnews.com/media/california-crime-boudin-gascon-left-da-angry,"California crime surge : Former candidate rips far - left DAs Boudin , Gascon , says  people are angry  ",20220606T114500Z,foxnews.com,English,United States,True,national
https://www.postbulletin.com/news/national/ahead-of-midterms-democrats-struggle-to-find-footing-on-violent-crime,"Ahead of midterms , Democrats struggle to find footing on violent crime",20220603T150000Z,postbulletin.com,English,United States,False,unclassified
https://www.nytimes.com/2022/06/05/us/chesa-boudin-recall-san-francisco.html,"In San Francisco , Democrats Are at War With Themselves Over Crime",20220605T101500Z,nytimes.com,English,United States,False,national
https://www.liberationnews.org/no-to-the-recall-of-san-francisco-d-a-chesa-boudin/,NO to the recall of San Francisco D . A . Chesa Boudin ! ,20220603T164500Z,liberationnews.org,English,United States,True,unclassified
https://www.startribune.com/san-francisco-could-vote-out-progressive-da-in-heated-recall/600178814/,San Francisco could vote out progressive DA in heated recall,20220603T150000Z,startribune.com,English,United States,True,unclassified
https://siouxcityjournal.com/news/national/san-francisco-could-vote-out-progressive-da-in-heated-recall/article_891e3c49-4b00-51b4-a8ed-90caba6f7a79.html,San Francisco could vote out progressive DA in heated recall,20220603T131500Z,siouxcityjournal.com,English,United States,True,unclassified
https://www.wfmz.com/news/san-francisco-could-vote-out-progressive-da-in-heated-recall/article_80762284-d8a3-5f45-bc73-faa934390d48.html,San Francisco could vote out progressive DA in heated recall,20220603T131500Z,wfmz.com,English,United States,True,unclassified
https://www.nbcbayarea.com/decision-2022/san-francisco-could-vote-out-progressive-da-chesa-boudin-in-heated-recall/2909428/,San Francisco Could Vote Out Progressive DA Chesa Boudin in Heated Recall,20220603T201500Z,nbcbayarea.com,English,United States,True,local
https://www.kcra.com/article/san-francisco-could-vote-out-progressive-da-in-heated-recall/40188393,San Francisco could vote out progressive DA in heated recall,20220603T171500Z,kcra.com,English,United States,True,unclassified
https://www.ktvu.com/news/california-primary-election-live-blog,California primary election : live blog,20220606T233000Z,ktvu.com,English,United States,False,local
https://www.wdrb.com/news/national/san-francisco-could-vote-out-progressive-da-in-heated-recall/article_5ac8519a-bc78-5825-a9e9-6a7584f399ea.html,San Francisco could vote out progressive DA in heated recall,20220603T214500Z,wdrb.com,English,United States,True,unclassified
https://www.santafenewmexican.com/ap/san-francisco-could-vote-out-progressive-da-in-heated-recall/article_5a742beb-46e3-58cd-83a4-f13a41226710.html,San Francisco could vote out progressive DA in heated recall,20220604T073000Z,santafenewmexican.com,English,United States,True,unclassified
https://www.msn.com/en-us/news/us/chesa-boudin-and-the-limits-of-san-francisco-liberalism/ar-AAY8A2i,Chesa Boudin and the Limits of San Francisco Liberalism,20220606T134500Z,msn.com,English,United States,True,unclassified
https://www.turnto23.com/news/election-2022/san-francisco-could-vote-out-progressive-da-in-heated-recall,San Francisco could vote out progressive DA in heated recall,20220603T183000Z,turnto23.com,English,United States,True,unclassified
https://isp.netscape.com/news/story/0001/20220603/c865bc8fa7006fb806b6e5b639f64857,San Francisco could vote out progressive DA in heated recall,20220603T164500Z,isp.netscape.com,English,United States,True,unclassified
https://www.wboc.com/news/national/san-francisco-could-vote-out-progressive-da-in-heated-recall/article_5bd57513-9f0e-5386-80ac-dc7c06553ec3.html,San Francisco could vote out progressive DA in heated recall,20220603T150000Z,wboc.com,English,United States,True,unclassified
https://www.washingtonpost.com/nation/2022/06/06/cehsa-boudin-recall/,Chesa Boudin faces uphill battle in San Francisco D . A . recall,20220606T101500Z,washingtonpost.com,English,United States,True,national
https://www.wfmj.com/story/46622438/san-francisco-could-vote-out-progressive-da-in-heated-recall,San Francisco could vote out progressive DA in heated recall,20220603T131500Z,wfmj.com,English,United States,True,unclassified
https://www.washingtonpost.com/opinions/2022/06/06/crime-economy-republicans-dictate-media-narrative/,"Opinion | On crime and the economy , Republicans dictate the media narrative",20220606T191500Z,washingtonpost.com,English,United States,False,national
https://www.stamfordadvocate.com/news/article/San-Francisco-could-vote-out-progressive-DA-in-17216747.php,San Francisco could vote out progressive DA in heated recall,20220603T140000Z,stamfordadvocate.com,English,United States,True,unclassified
https://www.newstimes.com/news/article/San-Francisco-could-vote-out-progressive-DA-in-17216747.php,San Francisco could vote out progressive DA in heated recall,20220603T141500Z,newstimes.com,English,United States,True,unclassified
https://www.thehour.com/news/article/San-Francisco-could-vote-out-progressive-DA-in-17216747.php,San Francisco could vote out progressive DA in heated recall,20220603T153000Z,thehour.com,English,United States,True,unclassified
https://www.pbs.org/newshour/politics/2022-california-primary-election-results,2022 California Primary Election Results,20220606T234500Z,pbs.org,English,United States,False,unclassified
https://www.csmonitor.com/USA/Politics/2022/0606/Criminal-justice-reform-on-trial-in-San-Francisco-recall-vote,Chesa Boudin : Criminal justice reform on trial in San Francisco,20220606T220000Z,csmonitor.com,English,United States,True,unclassified
https://www.sfexaminer.com/news/breeds-approval-ratings-reflect-voter-anger/article_423b0890-e368-11ec-a797-43b8f2805f69.html,Breed approval ratings reflect voter anger,20220603T223000Z,sfexaminer.com,English,United States,False,local
https://www.nbcbayarea.com/news/politics/california-primary-voter-turnout-bay-area/2911815/,California Primary Election : Voter Turnout in 9 Bay Area Counties – NBC Bay Area,20220606T213000Z,nbcbayarea.com,English,United States,False,local
https://www.sfexaminer.com/our_sections/forum/examiner-poll-finds-voters-will-recall-chesa-boudin-despite-strong-support-for-reform/article_592409fe-e20e-11ec-b10d-a34ba260b65f.html,Examiner poll finds voters will recall Chesa Boudin despite strong support for reform,20220604T080000Z,sfexaminer.com,English,United States,True,local
https://www.newsbusters.org/blogs/nb/clay-waters/2022/06/06/finally-ny-times-notices-soft-crime-hurting-dems-big-cities,Finally : NY Times Notices Soft - on - Crime Hurting Dems in Big Cities,20220607T001500Z,newsbusters.org,English,United States,False,unclassified
https://www.nytimes.com/2022/06/06/us/cargo-ship-covid.html,Cargo Ship Crew Stuck in China Due to Covid Delays and Quarantine,20220606T141500Z,nytimes.com,English,United States,False,national
https://www.newstribune.com/news/2022/jun/04/san-francisco-could-vote-out-progressive-da-in/,San Francisco could vote out progressive DA in heated recall,20220604T104500Z,newstribune.com,English,United States,True,unclassified
https://www.startribune.com/if-criminal-justice-reform-cant-survive-in-san-francisco-can-it-anywhere/600179694/,"If criminal justice reform cant survive in San Francisco , can it anywhere ? ",20220606T171500Z,startribune.com,English,United States,False,unclassified
https://kelo.com/2022/06/03/ahead-of-u-s-midterms-democrats-struggle-to-find-footing-on-violent-crime/,"Ahead of U . S . midterms , Democrats struggle to find footing on violent crime",20220603T144500Z,kelo.com,English,United States,False,unclassified
https://mymixfm.com/2022/06/03/ahead-of-u-s-midterms-democrats-struggle-to-find-footing-on-violent-crime/,"Ahead of U . S . midterms , Democrats struggle to find footing on violent crime",20220603T131500Z,mymixfm.com,English,United States,False,unclassified
https://wibqam.com/2022/06/03/ahead-of-u-s-midterms-democrats-struggle-to-find-footing-on-violent-crime/,"Ahead of U . S . midterms , Democrats struggle to find footing on violent crime",20220603T140000Z,wibqam.com,English,United States,False,unclassified
https://kstp.com/associated-press/ap-regional/2022-midterms-what-to-watch-in-primaries-in-7-states/,2022 midterms : What to watch in primaries in 7 states,20220606T084500Z,kstp.com,English,United States,False,unclassified
https://www.wctrib.com/news/national/ahead-of-midterms-democrats-struggle-to-find-footing-on-violent-crime,"Ahead of midterms , Democrats struggle to find footing on violent crime",20220603T144500Z,wctrib.com,English,United States,False,unclassified
https://www.pineandlakes.com/news/national/ahead-of-midterms-democrats-struggle-to-find-footing-on-violent-crime,"Ahead of midterms , Democrats struggle to find footing on violent crime",20220603T153000Z,pineandlakes.com,English,United States,False,unclassified
https://www.dl-online.com/news/national/ahead-of-midterms-democrats-struggle-to-find-footing-on-violent-crime,"Ahead of midterms , Democrats struggle to find footing on violent crime",20220603T153000Z,dl-online.com,English,United States,False,unclassified
https://www.thedickinsonpress.com/news/national/ahead-of-midterms-democrats-struggle-to-find-footing-on-violent-crime,"Ahead of midterms , Democrats struggle to find footing on violent crime",20220603T143000Z,thedickinsonpress.com,English,United States,False,unclassified
https://www.echopress.com/news/national/ahead-of-midterms-democrats-struggle-to-find-footing-on-violent-crime,"Ahead of midterms , Democrats struggle to find footing on violent crime",20220603T143000Z,echopress.com,English,United States,False,unclassified
https://www.perhamfocus.com/news/national/ahead-of-midterms-democrats-struggle-to-find-footing-on-violent-crime,"Ahead of midterms , Democrats struggle to find footing on violent crime",20220603T151500Z,perhamfocus.com,English,United States,False,unclassified
https://www.bemidjipioneer.com/news/national/ahead-of-midterms-democrats-struggle-to-find-footing-on-violent-crime,"Ahead of midterms , Democrats struggle to find footing on violent crime",20220603T154500Z,bemidjipioneer.com,English,United States,False,unclassified
https://www.jamestownsun.com/news/national/ahead-of-midterms-democrats-struggle-to-find-footing-on-violent-crime,"Ahead of midterms , Democrats struggle to find footing on violent crime",20220603T173000Z,jamestownsun.com,English,United States,False,unclassified
https://www.wadenapj.com/news/national/ahead-of-midterms-democrats-struggle-to-find-footing-on-violent-crime,"Ahead of midterms , Democrats struggle to find footing on violent crime",20220603T173000Z,wadenapj.com,English,United States,False,unclassified
https://www.superiortelegram.com/news/national/ahead-of-midterms-democrats-struggle-to-find-footing-on-violent-crime,"Ahead of midterms , Democrats struggle to find footing on violent crime",20220603T164500Z,superiortelegram.com,English,United States,False,unclassified
https://www.dglobe.com/news/national/ahead-of-midterms-democrats-struggle-to-find-footing-on-violent-crime,"Ahead of midterms , Democrats struggle to find footing on violent crime",20220603T170000Z,dglobe.com,English,United States,False,unclassified
https://www.parkrapidsenterprise.com/news/national/ahead-of-midterms-democrats-struggle-to-find-footing-on-violent-crime,"Ahead of midterms , Democrats struggle to find footing on violent crime",20220603T170000Z,parkrapidsenterprise.com,English,United States,False,unclassified
https://www.brainerddispatch.com/news/national/ahead-of-midterms-democrats-struggle-to-find-footing-on-violent-crime,"Ahead of midterms , Democrats struggle to find footing on violent crime",20220603T180000Z,brainerddispatch.com,English,United States,False,unclassified
https://www.mitchellrepublic.com/news/national/ahead-of-midterms-democrats-struggle-to-find-footing-on-violent-crime,"Ahead of midterms , Democrats struggle to find footing on violent crime",20220603T180000Z,mitchellrepublic.com,English,United States,False,unclassified
https://www.sfchronicle.com/politics/article/How-does-The-Chronicle-decide-when-to-call-San-17223590.php,How does The Chronicle decide when to call San Francisco elections ? ,20220607T004500Z,sfchronicle.com,English,United States,False,local
https://www.mvariety.com/news/ahead-of-us-midterms-democrats-struggle-to-find-footing-on-violent-crime/article_e8e8de3a-e55f-11ec-8265-97d18473d43c.html,"Ahead of US midterms , Democrats struggle to find footing on violent crime",20220606T164500Z,mvariety.com,English,United States,False,unclassified
https://www.washingtontimes.com/news/2022/jun/6/democrats-feeling-folly-george-soros-tied-district/,Democrats feeling the folly of George Soros - tied district attorneys,20220606T144500Z,washingtontimes.com,English,United States,False,national
https://www.washingtontimes.com:443/news/2022/jun/6/democrats-feeling-folly-george-soros-tied-district/,Democrats feeling the folly of George Soros - tied district attorneys,20220606T161500Z,washingtontimes.com,English,United States,False,national
https://48hills.org/2022/06/breaking-new-poll-shows-boudin-recall-is-a-dead-heat/,BREAKING : New poll shows Boudin recall is a dead heat,20220604T034500Z,48hills.org,English,United States,True,unclassified
https://nymag.com/intelligencer/2022/06/california-republicans-downplay-their-toxic-brand-to-survive.html,California Republicans Downplay Their Toxic Brand to Survive,20220605T194500Z,nymag.com,English,United States,False,national
https://www.ktvu.com/news/california-primary-election-races-to-watch,California primary election : races to watch,20220603T223000Z,ktvu.com,English,United States,False,local
https://www.vox.com/23156820/californias-primary-crime-homelessness-voter-enthusiasm-anger,What to watch in the California primaries,20220606T200000Z,vox.com,English,United States,False,national
https://www.bizjournals.com/sanfrancisco/news/2022/06/06/sfbt-digest-monday-cybersecurity-rsa-conference-sf.html,Monday Digest : Elon Musk threatens to end Twitter deal ; Free cybersecurity education,20220606T164500Z,bizjournals.com,English,United States,False,unclassified
https://kvia.com/news/2022/06/05/2022-midterms-what-to-watch-in-primaries-in-7-states/,2022 midterms : What to watch in primaries in 7 states,20220606T084500Z,kvia.com,English,United States,False,unclassified
https://www.sfchronicle.com/bayarea/article/Exclusive-Chesa-Boudin-investigating-2016-17218957.php,Exclusive : Chesa Boudin investigating 2016 killing by officers who S . F . former D . A . had cleared,20220604T024500Z,sfchronicle.com,English,United States,True,local
https://accesswdun.com/article/2022/6/1107243,San Francisco could vote out progressive DA in heated r ... ,20220603T144500Z,accesswdun.com,English,United States,False,unclassified
https://www.swoknews.com/ap/national/san-francisco-could-vote-out-progressive-da-in-heated-recall/article_f5308562-6b7b-5c2d-a3c9-d5bfdc18bf11.html,San Francisco could vote out progressive DA in heated recall,20220603T141500Z,swoknews.com,English,United States,True,unclassified
https://santamariatimes.com/news/state-and-regional/san-francisco-could-vote-out-progressive-da-in-heated-recall/article_be9de8e6-f40c-566e-8710-5634ec6e197d.html,San Francisco could vote out progressive DA in heated recall,20220603T173000Z,santamariatimes.com,English,United States,True,unclassified
https://www.mankatofreepress.com/news/state_national_news/san-francisco-could-vote-out-progressive-da-in-heated-recall/article_428185b5-7ef9-5f50-a601-0601fac3b88e.html,San Francisco could vote out progressive DA in heated recall,20220603T174500Z,mankatofreepress.com,English,United States,True,unclassified
https://www.heraldbulletin.com/news/nation_world/san-francisco-could-vote-out-progressive-da-in-heated-recall/article_c1110b0c-7bbd-5547-adbd-e207c9a1e709.html,San Francisco could vote out progressive DA in heated recall,20220603T174500Z,heraldbulletin.com,English,United States,True,unclassified
http://www.msn.com/en-us/news/politics/what-democrats-can-learn-from-tuesday-s-california-primaries/ar-AAY9mXX,What Democrats can learn from Tuesday California primaries,20220606T203000Z,msn.com,English,United States,False,unclassified
https://www.latimes.com/california/newsletter/2022-06-03/california-politics-newsletter-millions-are-skipping-this-election-ca-politics,California Politics : Millions of voters are skipping this election,20220603T170000Z,latimes.com,English,United States,False,national
https://www.usatoday.com/story/news/nation/2022/06/06/los-angeles-mayor-election-karen-bass-rick-caruso/7470127001/,"Los Angeles mayoral race favors Karen Bass , Rick Caruso : What to know",20220606T150000Z,usatoday.com,English,United States,False,national
https://www.foxla.com/the-issue-is/the-issue-is-rick-caruso-makes-his-final-pitch-to-voters,  The Issue Is : Rick Caruso makes his final pitch to voters,20220604T170000Z,foxla.com,English,United States,False,unclassified
https://www.washingtonpost.com/opinions/2022/06/06/anne-marie-schubert-2022-california-primary-politics/,"Opinion | If Anne Marie Schubert cant survive the 2022 California primary , does our politics have a chance ? ",20220606T203000Z,washingtonpost.com,English,United States,False,national
https://www.chron.com/news/article/2022-midterms-What-to-watch-in-primaries-in-7-17221549.php,2022 midterms : What to watch in primaries in 7 states,20220606T054500Z,chron.com,English,United States,False,unclassified
https://www.sfgate.com/news/article/2022-midterms-What-to-watch-in-primaries-in-7-17221549.php,2022 midterms : What to watch in primaries in 7 states,20220606T050000Z,sfgate.com,English,United States,False,local
https://www.seattlepi.com/news/article/2022-midterms-What-to-watch-in-primaries-in-7-17221549.php,2022 midterms : What to watch in primaries in 7 states,20220606T051500Z,seattlepi.com,English,United States,False,unclassified
https://www.houstonchronicle.com/news/article/2022-midterms-What-to-watch-in-primaries-in-7-17221549.php,2022 midterms : What to watch in primaries in 7 states,20220606T044500Z,houstonchronicle.com,English,United States,False,unclassified
https://kvia.com/your-voice-your-vote/politics/cnn-us-politics/2022/06/04/20-state-and-local-elections-to-watch-this-year/,20 state and local elections to watch this year,20220604T144500Z,kvia.com,English,United States,False,unclassified
https://news.yahoo.com/2022-midterms-watch-primaries-7-041033271.html,2022 midterms : What to watch in primaries in 7 states,20220606T044500Z,news.yahoo.com,English,United States,False,unclassified
https://abcnews.go.com/Politics/wireStory/2022-midterms-watch-primaries-states-85206384,2022 midterms : What to watch in primaries in 7 states,20220606T051500Z,abcnews.go.com,English,United States,False,national
https://www.wral.com/2022-midterms-what-to-watch-in-primaries-in-7-states/20317513/,2022 midterms : What to watch in primaries in 7 states :: WRAL . com,20220606T164500Z,wral.com,English,United States,False,unclassified
https://apnews.com/a08dd4f80eb996f79f99a97afb925551,2022 midterms : What to watch in primaries in 7 states,20220606T064500Z,apnews.com,English,United States,False,national
https://apnews.com/article/2022-midterm-elections-biden-politics-donald-trump-congress-a08dd4f80eb996f79f99a97afb925551,2022 midterms : What to watch in primaries in 7 states,20220606T044500Z,apnews.com,English,United States,False,national
https://www.boston.com/news/politics/2022/06/06/2022-midterms-what-to-watch-in-primaries-in-7-states/,2022 midterms : What to watch in primaries in 7 states,20220606T121500Z,boston.com,English,United States,False,unclassified
https://www.stltoday.com/news/national/govt-and-politics/2022-midterms-what-to-watch-in-primaries-in-7-states/article_9ed3499f-fe1b-53d8-81ec-d283881224d9.html,2022 midterms : What to watch in primaries in 7 states,20220606T053000Z,stltoday.com,English,United States,False,unclassified
https://www.stltoday.com/news/article_9ed3499f-fe1b-53d8-81ec-d283881224d9.html,2022 midterms : What to watch in primaries in 7 states,20220606T053000Z,stltoday.com,English,United States,False,unclassified
https://www.stltoday.com/article_9ed3499f-fe1b-53d8-81ec-d283881224d9.html,2022 midterms : What to watch in primaries in 7 states,20220606T053000Z,stltoday.com,English,United States,False,unclassified
https://www.stltoday.com/news/national/govt-and-politics/article_9ed3499f-fe1b-53d8-81ec-d283881224d9.html,2022 midterms : What to watch in primaries in 7 states,20220606T074500Z,stltoday.com,English,United States,False,unclassified
https://www.sandiegouniontribune.com/news/california/story/2022-06-05/2022-midterms-what-to-watch-in-primaries-in-7-states,2022 midterms : What to watch in primaries in 7 states,20220606T043000Z,sandiegouniontribune.com,English,United States,False,unclassified
https://www.newdelhitimes.com/2022-midterms-what-to-watch-in-primaries-in-7-states/,2022 midterms : What to watch in primaries in 7 states - New Delhi Times - India Only International Newspaper,20220607T010000Z,newdelhitimes.com,English,United States,False,unclassified
https://triblive.com/news/politics-election/2022-midterms-what-to-watch-in-primaries-in-7-states/,2022 midterms : What to watch in primaries in 7 states,20220606T141500Z,triblive.com,English,United States,False,unclassified
https://www.wyff4.com/article/what-to-watch-in-primaries-in-7-states-tuesday/40203411,2022 midterms : What to watch in primaries in 7 states on Tuesday,20220606T144500Z,wyff4.com,English,United States,False,unclassified
https://mynorthwest.com/3505695/2022-midterms-what-to-watch-in-primaries-in-7-states/,2022 midterms : What to watch in primaries in 7 states,20220606T064500Z,mynorthwest.com,English,United States,False,unclassified
https://www.dailyherald.com/article/20220606/news/306069994/,2022 midterms : What to watch in primaries in 7 states,20220606T053000Z,dailyherald.com,English,United States,False,unclassified
https://www.ctpost.com/news/article/2022-midterms-What-to-watch-in-primaries-in-7-17221549.php,2022 midterms : What to watch in primaries in 7 states,20220606T071500Z,ctpost.com,English,United States,False,unclassified
https://www.wmur.com/article/what-to-watch-in-primaries-in-7-states-tuesday/40203411,2022 midterms : What to watch in primaries in 7 states on Tuesday,20220606T114500Z,wmur.com,English,United States,False,unclassified
http://www.nydailynews.com/news/politics/us-elections-government/ny-election-2022-primary-latest-20220606-2wsrylw2rvarvp5zknasurfdfi-story.html,"A look at Tuesday primaries in California , Iowa , Mississippi , Montana , New Jersey , New Mexico and South Dakota : ",20220606T170000Z,nydailynews.com,English,United States,False,unclassified
https://www.kob.com/news/us-and-world-news/2022-midterms-what-to-watch-in-primaries-in-7-states/,2022 midterms : What to watch in primaries in 7 states,20220606T190000Z,kob.com,English,United States,False,unclassified
https://www.wbaltv.com/article/what-to-watch-in-primaries-in-7-states-tuesday/40203411,2022 midterms : What to watch in primaries in 7 states on Tuesday,20220606T114500Z,wbaltv.com,English,United States,False,unclassified
https://www.fox10phoenix.com/news/2022-midterms-primaries-shift-focus-to-control-of-us-house,2022 midterms : Primaries shift focus to control of US House,20220606T170000Z,fox10phoenix.com,English,United States,False,unclassified
https://www.q13fox.com/news/2022-midterms-primaries-shift-focus-to-control-of-us-house,2022 midterms : Primaries shift focus to control of US House,20220606T190000Z,q13fox.com,English,United States,False,unclassified
https://www.fox6now.com/news/2022-midterms-primaries-shift-focus-to-control-of-us-house,2022 midterms : Primaries shift focus to control of US House,20220606T174500Z,fox6now.com,English,United States,False,unclassified
https://www.fox2detroit.com/news/2022-midterms-primaries-shift-focus-to-control-of-us-house,2022 midterms : Primaries shift focus to control of US House,20220606T203000Z,fox2detroit.com,English,United States,False,unclassified
https://www.fox5ny.com/news/2022-midterms-primaries-shift-focus-to-control-of-us-house,2022 midterms : Primaries shift focus to control of US House,20220606T193000Z,fox5ny.com,English,United States,False,unclassified
https://www.stamfordadvocate.com/news/article/2022-midterms-What-to-watch-in-primaries-in-7-17221549.php,2022 midterms : What to watch in primaries in 7 states,20220606T051500Z,stamfordadvocate.com,English,United States,False,unclassified
https://www.channel3000.com/i/2022-midterms-what-to-watch-in-primaries-in-7-states/,2022 midterms : What to watch in primaries in 7 states,20220606T074500Z,channel3000.com,English,United States,False,unclassified
https://krdo.com/politics/cnn-us-politics/2022/06/04/20-state-and-local-elections-to-watch-this-year/,20 state and local elections to watch this year,20220604T173000Z,krdo.com,English,United States,False,unclassified
https://www.wgal.com/article/what-to-watch-in-primaries-in-7-states-tuesday/40203411,2022 midterms : What to watch in primaries in 7 states on Tuesday,20220606T151500Z,wgal.com,English,United States,False,unclassified
https://www.newstimes.com/news/article/2022-midterms-What-to-watch-in-primaries-in-7-17221549.php,2022 midterms : What to watch in primaries in 7 states,20220606T083000Z,newstimes.com,English,United States,False,unclassified
https://www.nhregister.com/news/article/2022-midterms-What-to-watch-in-primaries-in-7-17221549.php,2022 midterms : What to watch in primaries in 7 states,20220606T044500Z,nhregister.com,English,United States,False,unclassified
https://www.cbsnews.com/news/primary-elections-2022-house-representatives-control-districts/,Primary elections for seats that could decide House control take place Tuesday,20220606T201500Z,cbsnews.com,English,United States,False,national
https://www.wlwt.com/article/what-to-watch-in-primaries-in-7-states-tuesday/40203411,2022 midterms : What to watch in primaries in 7 states on Tuesday,20220606T114500Z,wlwt.com,English,United States,False,unclassified
https://classichits1390.iheart.com/featured/the-clay-travis-and-buck-sexton-show/content/2022-06-06-clay-travis-and-buck-sexton-democrat-social-justice-policies-led-to-skyrocketing-violent-crime/,Democrat Social Justice Policies Led to Skyrocketing Violent Crime | 1390 KRRZ | The Clay Travis and Buck Sexton Show,20220606T213000Z,classichits1390.iheart.com,English,United States,False,unclassified
https://www.fox9.com/news/2022-midterms-primaries-shift-focus-to-control-of-us-house,2022 midterms : Primaries shift focus to control of US House,20220606T200000Z,fox9.com,English,United States,False,unclassified
https://www.wdsu.com/article/what-to-watch-in-primaries-in-7-states-tuesday/40203411,2022 midterms : What to watch in primaries in 7 states on Tuesday,20220606T121500Z,wdsu.com,English,United States,False,unclassified
https://siouxcityjournal.com/news/national/govt-and-politics/2022-midterms-what-to-watch-in-primaries-in-7-states/article_d205227f-11f0-5aab-a340-11ea83170969.html,2022 midterms : What to watch in primaries in 7 states,20220606T050000Z,siouxcityjournal.com,English,United States,False,unclassified
https://www.washingtonpost.com/politics/2022/06/06/primaries-california-iowa-mississippi/,"Tuesday primaries test Democrats on crime , GOP on electability , Trump",20220607T001500Z,washingtonpost.com,English,United States,False,national
https://www.latimes.com/world-nation/newsletter/2022-06-06/summit-americas-opens-la-todays-headlines-newsletter-todays-headlines,"Today Headlines : Summit of the Americas opens in L . A ., despite tensions",20220606T150000Z,latimes.com,English,United States,False,national
https://www.fox5dc.com/news/2022-midterms-primaries-shift-focus-to-control-of-us-house,2022 midterms : Primaries shift focus to control of US House,20220606T184500Z,fox5dc.com,English,United States,False,unclassified
https://www.theridgefieldpress.com/news/article/San-Francisco-could-vote-out-progressive-DA-in-17216747.php,San Francisco could vote out progressive DA in heated recall,20220603T153000Z,theridgefieldpress.com,English,United States,True,unclassified
https://www.registercitizen.com/news/article/San-Francisco-could-vote-out-progressive-DA-in-17216747.php,San Francisco could vote out progressive DA in heated recall,20220603T150000Z,registercitizen.com,English,United States,True,unclassified
https://www.middletownpress.com/news/article/San-Francisco-could-vote-out-progressive-DA-in-17216747.php,San Francisco could vote out progressive DA in heated recall,20220603T131500Z,middletownpress.com,English,United States,True,unclassified
https://www.trumbulltimes.com/news/article/San-Francisco-could-vote-out-progressive-DA-in-17216747.php,San Francisco could vote out progressive DA in heated recall,20220603T131500Z,trumbulltimes.com,English,United States,True,unclassified
https://www.wiltonbulletin.com/news/article/San-Francisco-could-vote-out-progressive-DA-in-17216747.php,San Francisco could vote out progressive DA in heated recall,20220603T133000Z,wiltonbulletin.com,English,United States,True,unclassified
https://www.ncadvertiser.com/news/article/San-Francisco-could-vote-out-progressive-DA-in-17216747.php,San Francisco could vote out progressive DA in heated recall,20220603T161500Z,ncadvertiser.com,English,United States,True,unclassified
https://www.sheltonherald.com/news/article/San-Francisco-could-vote-out-progressive-DA-in-17216747.php,San Francisco could vote out progressive DA in heated recall,20220603T163000Z,sheltonherald.com,English,United States,True,unclassified
https://www.kmbc.com/article/what-to-watch-in-primaries-in-7-states-tuesday/40203411,2022 midterms : What to watch in primaries in 7 states on Tuesday,20220606T110000Z,kmbc.com,English,United States,False,unclassified
https://www.democracynow.org/2022/6/3/cariol_horne_buffalo_massacre_gun_control,  This Is Racist Terrorism : Ex - Buffalo Cop Says Gun Violence & White Supremacy Must Both Be Addressed,20220603T150000Z,democracynow.org,English,United States,False,unclassified
https://wnyt.com/politics/2022-midterms-what-to-watch-in-primaries-in-7-states/6492669/?cat=661,2022 midterms : What to watch in primaries in 7 states,20220606T093000Z,wnyt.com,English,United States,False,unclassified
http://www.msn.com/en-us/news/politics/democrats-face-pressure-on-crime-from-a-new-front-their-base/ar-AAY1XhI,Democrats Face Pressure on Crime From a New Front : Their Base,20220603T163000Z,msn.com,English,United States,False,unclassified
https://www.thehour.com/news/article/2022-midterms-What-to-watch-in-primaries-in-7-17221549.php,2022 midterms : What to watch in primaries in 7 states,20220606T081500Z,thehour.com,English,United States,False,unclassified
https://www.fox7austin.com/news/2022-midterms-primaries-shift-focus-to-control-of-us-house,2022 midterms : Primaries shift focus to control of US House,20220606T193000Z,fox7austin.com,English,United States,False,unclassified
https://www.politico.com/newsletters/california-playbook/2022/06/03/what-is-and-isnt-included-in-the-latest-budget-plan-00036960,What is ( and isnt ) in the latest CA budget plan - POLITICO,20220603T160000Z,politico.com,English,United States,False,national
https://www.sfchronicle.com/opinion/openforum/article/chesa-boudin-recall-17216520.php,My team set an innocent man free under Chesa Boudin guidance . Let us keep working,20220604T120000Z,sfchronicle.com,English,United States,True,local
https://www.latimes.com/california/newsletter/2022-06-06/teen-tries-to-recruit-high-school-students-for-mass-shooting-bombing-at-berkeley-high-school-essential-california,Berkeley High School mass shooting plot : Questions remain,20220606T150000Z,latimes.com,English,United States,False,national
https://localnews8.com/politics/cnn-us-politics/2022/06/04/20-state-and-local-elections-to-watch-this-year/,20 state and local elections to watch this year,20220604T161500Z,localnews8.com,English,United States,False,unclassified
https://www.politico.com/newsletters/playbook/2022/06/05/democracy-week-in-washington-00037266,POLITICO Playbook : Democracy week in Washington,20220605T170000Z,politico.com,English,United States,False,national
https://www.sandiegouniontribune.com/news/politics/story/2022-06-06/early-voter-turnout-low-california-june-primary,Early turnout in California primary election is dismal so far - The San Diego Union - Tribune,20220606T223000Z,sandiegouniontribune.com,English,United States,False,unclassified
https://lasvegassun.com/news/2022/jun/05/the-age-of-too-far/,The age of  Too Far  - Las Vegas Sun Newspaper,20220605T100000Z,lasvegassun.com,English,United States,False,unclassified
https://www.latimes.com/politics/story/2022-06-06/early-voter-turnout-low-california-june-primary,  Election fatigue ? Early turnout in California primary is dismal,20220606T141500Z,latimes.com,English,United States,False,national
https://krdo.com/politics/cnn-us-politics/2022/06/06/a-guide-to-californias-competitive-house-races/,A guide to California competitive House races,20220606T161500Z,krdo.com,English,United States,False,unclassified
https://slate.com/business/2022/06/los-angeles-mayor-election-san-francisco-boudin-recall-progressives-crime-homelessness.html,"Los Angeles mayoral primary , San Francisco Boudin recall , and the great pushback against progressive city politicians . ",20220606T181500Z,slate.com,English,United States,True,national
https://ktvz.com/politics/cnn-us-politics/2022/06/04/20-state-and-local-elections-to-watch-this-year/,20 state and local elections to watch this year,20220604T180000Z,ktvz.com,English,United States,False,unclassified
https://www.mykxlg.com/news/national/san-francisco-could-vote-out-progressive-da-in-heated-recall/article_46efde4d-85da-5a70-9399-e0f6dd42b4b4.html,San Francisco could vote out progressive DA in heated recall,20220603T141500Z,mykxlg.com,English,United States,True,unclassified
https://www.hometownstations.com/news/national/san-francisco-could-vote-out-progressive-da-in-heated-recall/article_c0c4a5c7-f4de-5143-8d44-14b47c621f7f.html,San Francisco could vote out progressive DA in heated recall,20220603T133000Z,hometownstations.com,English,United States,True,unclassified
https://www.wicz.com/story/46625864/20-state-and-local-elections-to-watch-this-year,20 State and local elections to watch this year,20220604T151500Z,wicz.com,English,United States,False,unclassified
https://ktvz.com/politics/cnn-us-politics/2022/06/06/a-guide-to-californias-competitive-house-races/,A guide to California competitive House races,20220606T164500Z,ktvz.com,English,United States,False,unclassified
https://48hills.org/2022/06/will-the-citys-climate-plan-ever-happen-plus-election-day-tech-worker-dorms/,"Will the city Climate Plan ever happen ? Plus : Election Day , tech - worker dorms ... ",20220606T023000Z,48hills.org,English,United States,False,unclassified
https://www.phillytrib.com/news/elections/20-state-and-local-elections-to-watch-this-year/article_8c29b09c-e411-11ec-8a39-b7e4407c9075.html,20 state and local elections to watch this year,20220604T150000Z,phillytrib.com,English,United States,False,unclassified
https://www.milfordmirror.com/news/article/2022-midterms-What-to-watch-in-primaries-in-7-17221549.php,2022 midterms : What to watch in primaries in 7 states,20220606T090000Z,milfordmirror.com,English,United States,False,unclassified
https://www.wiltonbulletin.com/news/article/2022-midterms-What-to-watch-in-primaries-in-7-17221549.php,2022 midterms : What to watch in primaries in 7 states,20220606T081500Z,wiltonbulletin.com,English,United States,False,unclassified
https://www.middletownpress.com/news/article/2022-midterms-What-to-watch-in-primaries-in-7-17221549.php,2022 midterms : What to watch in primaries in 7 states,20220606T081500Z,middletownpress.com,English,United States,False,unclassified
https://www.registercitizen.com/news/article/2022-midterms-What-to-watch-in-primaries-in-7-17221549.php,2022 midterms : What to watch in primaries in 7 states,20220606T083000Z,registercitizen.com,English,United States,False,unclassified
https://www.darientimes.com/news/article/2022-midterms-What-to-watch-in-primaries-in-7-17221549.php,2022 midterms : What to watch in primaries in 7 states,20220606T074500Z,darientimes.com,English,United States,False,unclassified
https://www.trumbulltimes.com/news/article/2022-midterms-What-to-watch-in-primaries-in-7-17221549.php,2022 midterms : What to watch in primaries in 7 states,20220606T073000Z,trumbulltimes.com,English,United States,False,unclassified
https://www.sheltonherald.com/news/article/2022-midterms-What-to-watch-in-primaries-in-7-17221549.php,2022 midterms : What to watch in primaries in 7 states,20220606T061500Z,sheltonherald.com,English,United States,False,unclassified
https://www.ncadvertiser.com/news/article/2022-midterms-What-to-watch-in-primaries-in-7-17221549.php,2022 midterms : What to watch in primaries in 7 states,20220606T051500Z,ncadvertiser.com,English,United States,False,unclassified
https://www.theridgefieldpress.com/news/article/2022-midterms-What-to-watch-in-primaries-in-7-17221549.php,2022 midterms : What to watch in primaries in 7 states,20220606T090000Z,theridgefieldpress.com,English,United States,False,unclassified
https://abc17news.com/politics/national-politics/cnn-us-politics/2022/06/04/20-state-and-local-elections-to-watch-this-year/,20 state and local elections to watch this year,20220604T154500Z,abc17news.com,English,United States,False,unclassified
https://www.caledonianrecord.com/news/national/2022-midterms-what-to-watch-in-primaries-in-7-states/article_1078ae05-a8bd-52d7-b39d-571707370efc.html,2022 midterms : What to watch in primaries in 7 states,20220606T053000Z,caledonianrecord.com,English,United States,False,unclassified
https://www.tribstar.com/region/2022-midterms-what-to-watch-in-primaries-in-7-states/article_79ab6d84-4459-5406-9ae1-878614298f95.html,2022 midterms : What to watch in primaries in 7 states,20220606T050000Z,tribstar.com,English,United States,False,unclassified
https://www.bgdailynews.com/news/politics/2022-midterms-what-to-watch-in-primaries-in-7-states/article_4793f3fa-d06e-5b2c-9151-867504c65e6d.html,2022 midterms : What to watch in primaries in 7 states,20220606T090000Z,bgdailynews.com,English,United States,False,unclassified
https://www.ifiberone.com/news/national_news/2022-midterms-what-to-watch-in-primaries-in-7-states/article_1c40f782-bc27-5e90-9be8-bc7c494bde37.html,2022 midterms : What to watch in primaries in 7 states,20220606T063000Z,ifiberone.com,English,United States,False,unclassified
https://www.gillettenewsrecord.com/news/national_world/article_c1d4251a-df28-5575-9269-eafe233937d0.html,2022 midterms : What to watch in primaries in 7 states,20220606T161500Z,gillettenewsrecord.com,English,United States,False,unclassified
https://www.record-eagle.com/nation_world/2022-midterms-what-to-watch-in-primaries-in-7-states/article_a1e0fdaf-814c-5029-803a-e1e7ff12b547.html,2022 midterms : What to watch in primaries in 7 states,20220606T161500Z,record-eagle.com,English,United States,False,unclassified
https://www.ncnewsonline.com/news/national/2022-midterms-what-to-watch-in-primaries-in-7-states/article_bd1e43bc-edc2-52a4-8090-534608d323ac.html,2022 midterms : What to watch in primaries in 7 states,20220606T083000Z,ncnewsonline.com,English,United States,False,unclassified
https://www.elpasoinc.com/2022-midterms-what-to-watch-in-primaries-in-7-states/article_e1cfffa7-6023-504a-943e-f01f1234fe4e.html,2022 midterms : What to watch in primaries in 7 states,20220606T071500Z,elpasoinc.com,English,United States,False,unclassified
https://accesswdun.com/article/2022/6/1107968,2022 midterms : What to watch in primaries in 7 states,20220606T071500Z,accesswdun.com,English,United States,False,unclassified
https://www.mymotherlode.com/news/national/general-election/2602091/2022-midterms-what-to-watch-in-primaries-in-7-states.html,2022 midterms : What to watch in primaries in 7 states,20220606T070000Z,mymotherlode.com,English,United States,False,unclassified
https://www.newsy.com/stories/2022-midterms-7-states-to-hold-primary-elections-tuesday/,2022 Midterms : 7 States to Hold Primary Elections Tuesday ( VIDEO ) ,20220606T173000Z,newsy.com,English,United States,False,unclassified
https://www.ksbw.com/article/what-to-watch-in-primaries-in-7-states-tuesday/40203411,2022 midterms : What to watch in primaries in 7 states on Tuesday,20220606T121500Z,ksbw.com,English,United States,False,unclassified
https://www.wlky.com/article/what-to-watch-in-primaries-in-7-states-tuesday/40203411,2022 midterms : What to watch in primaries in 7 states on Tuesday,20220606T123000Z,wlky.com,English,United States,False,unclassified
https://www.mynbc5.com/article/what-to-watch-in-primaries-in-7-states-tuesday/40203411,2022 midterms : What to watch in primaries in 7 states on Tuesday,20220606T123000Z,mynbc5.com,English,United States,False,unclassified
https://www.4029tv.com/article/what-to-watch-in-primaries-in-7-states-tuesday/40203411,2022 midterms : What to watch in primaries in 7 states on Tuesday,20220606T114500Z,4029tv.com,English,United States,False,unclassified
https://www.wvtm13.com/article/what-to-watch-in-primaries-in-7-states-tuesday/40203411,2022 midterms : What to watch in primaries in 7 states on Tuesday,20220606T133000Z,wvtm13.com,English,United States,False,unclassified
https://www.journalinquirer.com/news/2022-midterms-what-to-watch-in-primaries-in-7-states/article_596e7578-65f6-5c1c-8b0e-7f69c7286ee1.html,2022 midterms : What to watch in primaries in 7 states,20220606T141500Z,journalinquirer.com,English,United States,False,unclassified
https://www.wapt.com/article/what-to-watch-in-primaries-in-7-states-tuesday/40203411,2022 midterms : What to watch in primaries in 7 states on Tuesday,20220606T143000Z,wapt.com,English,United States,False,unclassified
https://www.wjcl.com/article/what-to-watch-in-primaries-in-7-states-tuesday/40203411,2022 midterms : What to watch in primaries in 7 states on Tuesday,20220606T143000Z,wjcl.com,English,United States,False,unclassified
https://fremonttribune.com/news/national/govt-and-politics/2022-midterms-what-to-watch-in-primaries-in-7-states/article_c04ad06c-2161-55be-869f-a6e6520b98c4.html,2022 midterms : What to watch in primaries in 7 states,20220606T051500Z,fremonttribune.com,English,United States,False,unclassified
https://abc17news.com/politics/national-politics/cnn-us-politics/2022/06/06/a-guide-to-californias-competitive-house-races/,A guide to California competitive House races,20220606T120000Z,abc17news.com,English,United States,False,unclassified
https://www.kunm.org/kunm-news-update/2022-06-06/mon-what-to-watch-for-in-new-mexico-primary-2-year-old-red-flag-law-rarely-used-more,"MON : What to watch for in New Mexico primary , 2 - year - old  red flag  law rarely used , + More",20220606T121500Z,kunm.org,English,United States,False,unclassified
https://www.sfchronicle.com/opinion/letterstotheeditor/article/Letters-How-to-choose-a-candidate-to-vote-for-in-17223493.php,Letters : How to choose a candidate to vote for in a post - Trump political climate,20220607T131500Z,sfchronicle.com,English,United States,False,local
https://www.foxnews.com/us/san-francisco-chesa-boudin-recall-election-vote-closing,San Francisco DA Chesa Boudin awaits fate as recall election vote comes to a close,20220607T143000Z,foxnews.com,English,United States,True,national
https://humanevents.com/2022/06/07/san-franciscos-progressive-da-faces-tuesday-recall-vote/,San Francisco Progressive DA Faces Tuesday Recall Vote,20220607T191500Z,humanevents.com,English,United States,True,unclassified
https://www.msn.com/en-us/news/world/liberal-prosecutor-faces-recall-vote-in-liberal-san-francisco/ar-AAYbYDj,Liberal prosecutor faces recall vote in liberal San Francisco,20220607T211500Z,msn.com,English,United States,True,unclassified
https://sfist.com/2022/06/06/new-york-media-already-has-undies-in-bunch-over-tuesdays-boudin-recall-election/,New York Media Already Has Undies In Bunch Over Tuesday Boudin Recall Election,20220607T020000Z,sfist.com,English,United States,True,local
https://www.sfchronicle.com/election/article/California-SF-Bay-Area-Election-Results-Guide-17220731.php,How to follow California and Bay Area election results,20220607T011500Z,sfchronicle.com,English,United States,False,local
http://www.msn.com/en-us/news/world/results-san-francisco-district-attorney-chesa-boudin-faces-a-recall-election/ar-AAYbA2l,RESULTS : San Francisco District Attorney Chesa Boudin faces a recall election,20220607T153000Z,msn.com,English,United States,True,unclassified
https://www.sfchronicle.com/election/article/live-updates-california-sf-bay-area-17220862.php,Election Live Updates : Chesa Boudin recall and California election,20220607T153000Z,sfchronicle.com,English,United States,True,local
https://www.ktvu.com/news/recall-of-san-francisco-da-chesa-boudin-draws-out-last-minute-events-on-both-sides,Recall of San Francisco DA Chesa Boudin draws out last - minute events,20220607T174500Z,ktvu.com,English,United States,True,local
https://www.vox.com/2022/6/7/23158234/chesa-boudin-san-francisco-recall-progressive-prosecutor,The push to recall Chesa Boudin San Francisco progressive district attorney explained,20220607T203000Z,vox.com,English,United States,True,national
https://www.washingtonexaminer.com/restoring-america/fairness-justice/save-lives-recall-decides-fate-of-san-francisco-da-pegged-as-soft-on-crime,  Save live : Recall decides fate of San Francisco DA pegged as soft on crime,20220607T153000Z,washingtonexaminer.com,English,United States,True,unclassified
https://hotair.com/ed-morrissey/2022/06/07/cnn-politico-agree-lawlessness-may-lead-to-a-political-earthquake-in-ca-primaries-n474594,"CNN , Politico agree : Lawlessness may lead to  a political earthquake  in CA primaries",20220607T171500Z,hotair.com,English,United States,False,unclassified
https://www.latimes.com/california/story/2022-06-06/guide-to-the-recall-campaign-against-san-francisco-dist-atty-chesa-boudin,Recall campaign against San Francisco D . A . Chesa Boudin,20220607T044500Z,latimes.com,English,United States,True,national
https://www.newsweek.com/will-chesa-boudins-da-dream-die-chinatown-today-1713660,Will Chesa Boudin DA Dream Die in Chinatown Today ? ,20220607T201500Z,newsweek.com,English,United States,True,national
https://www.zerohedge.com/political/progressive-prosecutor-movement-goes-trial-california-primary,Progressive Prosecutor Movement Goes On Trial In California Primary,20220607T043000Z,zerohedge.com,English,United States,False,unclassified
https://abcnews.go.com/Politics/wireStory/voters-weigh-fate-liberal-san-francisco-district-attorney-85227197,Voters weigh fate of liberal San Francisco district attorney,20220607T061500Z,abcnews.go.com,English,United States,False,national
https://www.sandiegouniontribune.com/news/california/story/2022-06-06/voters-weigh-fate-of-liberal-san-francisco-district-attorney,Voters weigh fate of liberal San Francisco district attorney,20220607T054500Z,sandiegouniontribune.com,English,United States,False,unclassified
https://www.chron.com/news/article/Voters-weigh-fate-of-liberal-San-Francisco-17223978.php,Voters weigh fate of liberal San Francisco district attorney,20220607T050000Z,chron.com,English,United States,False,unclassified
https://www.sfgate.com/news/article/Voters-weigh-fate-of-liberal-San-Francisco-17223978.php,Voters weigh fate of liberal San Francisco district attorney,20220607T050000Z,sfgate.com,English,United States,False,local
http://www.msn.com/en-nz/news/world/voters-weigh-fate-of-liberal-san-francisco-district-attorney/ar-AAYab7n,Voters weigh fate of liberal San Francisco district attorney,20220607T061500Z,msn.com,English,United States,False,unclassified
https://www.seattlepi.com/news/article/Voters-weigh-fate-of-liberal-San-Francisco-17223978.php,Voters weigh fate of liberal San Francisco district attorney,20220607T051500Z,seattlepi.com,English,United States,False,unclassified
https://buffalonews.com/news/national/voters-weigh-fate-of-liberal-san-francisco-district-attorney/article_304d7375-6b79-51fa-9c9a-7dc8cb7b35c4.html,Voters weigh fate of liberal San Francisco district attorney,20220607T053000Z,buffalonews.com,English,United States,False,unclassified
https://mynorthwest.com/3506596/voters-weigh-fate-of-liberal-san-francisco-district-attorney/,Voters weigh fate of liberal San Francisco district attorney,20220607T061500Z,mynorthwest.com,English,United States,False,unclassified
https://www.kob.com/news/us-and-world-news/voters-weigh-fate-of-liberal-san-francisco-district-attorney/,Voters weigh fate of liberal San Francisco district attorney,20220607T050000Z,kob.com,English,United States,False,unclassified
https://tucson.com/news/national/voters-weigh-fate-of-liberal-san-francisco-district-attorney/article_615b7108-8dcc-53af-838a-df77145121a7.html,Voters weigh fate of liberal San Francisco district attorney,20220607T073000Z,tucson.com,English,United States,False,unclassified
https://www.bakersfield.com/ap/national/voters-weigh-fate-of-liberal-san-francisco-district-attorney/article_b11b307c-879a-51e6-bf7e-79fccb6367ac.html,Voters weigh fate of liberal San Francisco district attorney,20220607T054500Z,bakersfield.com,English,United States,False,unclassified
https://www.ctpost.com/news/article/Voters-weigh-fate-of-liberal-San-Francisco-17223978.php,Voters weigh fate of liberal San Francisco district attorney,20220607T071500Z,ctpost.com,English,United States,False,unclassified
https://www.channel3000.com/i/voters-weigh-fate-of-liberal-san-francisco-district-attorney/,Voters weigh fate of liberal San Francisco district attorney,20220607T054500Z,channel3000.com,English,United States,False,unclassified
https://www.smdailyjournal.com/news/national/voters-weigh-fate-of-liberal-san-francisco-district-attorney/article_b4ecf086-9072-506f-8ee8-7d049bfe1713.html,Voters weigh fate of liberal San Francisco district attorney,20220607T061500Z,smdailyjournal.com,English,United States,False,local
https://www.stamfordadvocate.com/news/article/Voters-weigh-fate-of-liberal-San-Francisco-17223978.php,Voters weigh fate of liberal San Francisco district attorney,20220607T051500Z,stamfordadvocate.com,English,United States,False,unclassified
https://www.greenwichtime.com/news/article/Voters-weigh-fate-of-liberal-San-Francisco-17223978.php,Voters weigh fate of liberal San Francisco district attorney,20220607T053000Z,greenwichtime.com,English,United States,False,unclassified
https://www.newstimes.com/news/article/Voters-weigh-fate-of-liberal-San-Francisco-17223978.php,Voters weigh fate of liberal San Francisco district attorney,20220607T054500Z,newstimes.com,English,United States,False,unclassified
https://www.nhregister.com/news/article/Voters-weigh-fate-of-liberal-San-Francisco-17223978.php,Voters weigh fate of liberal San Francisco district attorney,20220607T053000Z,nhregister.com,English,United States,False,unclassified
https://www.politico.com/newsletters/california-playbook-pm/2022/06/06/coming-soon-a-california-primary-full-of-intrigue-and-drama-00037561,Coming soon : a California primary full of intrigue and drama - POLITICO,20220607T023000Z,politico.com,English,United States,False,national
https://www.vcstar.com/story/news/nation/california/2022/06/07/2022-election-results-san-francisco-distrtict-attorney-chesa-boudin-recall/7538836001/,California 2022 election results : Recall targets SF DA Chesa Boudin,20220607T181500Z,vcstar.com,English,United States,True,unclassified
https://www.detroitnews.com/story/news/politics/2022/06/07/voters-weigh-fate-liberal-san-francisco-district-attorney/7543968001/,Voters weigh fate of liberal San Francisco district attorney,20220607T151500Z,detroitnews.com,English,United States,False,unclassified
https://www.newser.com/story/321481/liberals-brace-for-voter-backlash-in-california-races.html,Primaries May Threaten California  Governing Regime  ,20220607T203000Z,newser.com,English,United States,False,unclassified
https://www.politico.com/2022-election/live-updates-and-analysis/June-7-primary-results-chat/,2022 California Primary Election Live Chat & Analysis,20220607T171500Z,politico.com,English,United States,False,national
https://www.thehour.com/news/article/Voters-weigh-fate-of-liberal-San-Francisco-17223978.php,Voters weigh fate of liberal San Francisco district attorney,20220607T053000Z,thehour.com,English,United States,False,unclassified
https://wacotrib.com/news/national/voters-weigh-fate-of-liberal-san-francisco-district-attorney/article_34519aeb-0dc3-5e8d-94d1-d2628cce904d.html,Voters weigh fate of liberal San Francisco district attorney,20220607T094500Z,wacotrib.com,English,United States,False,unclassified
https://www.kxly.com/i/voters-weigh-fate-of-liberal-san-francisco-district-attorney/,Voters weigh fate of liberal San Francisco district attorney,20220607T054500Z,kxly.com,English,United States,False,unclassified
https://abcnews.go.com/Politics/california-2022-primary-election-results/story?id=85165886,California 2022 primary election results,20220607T024500Z,abcnews.go.com,English,United States,False,national
https://www.wandtv.com/news/national/voters-weigh-fate-of-liberal-san-francisco-district-attorney/article_7d817d78-2adc-5172-b4cc-b866a7e78176.html,Voters weigh fate of liberal San Francisco district attorney,20220607T090000Z,wandtv.com,English,United States,False,unclassified
https://www.cnn.com/2022/06/07/politics/california-primary-election-da-race/,California is about to experience a political earthquake . Here why,20220607T060000Z,cnn.com,English,United States,False,national
https://www.winchesterstar.com/associated_press/washington/voters-weigh-fate-of-liberal-san-francisco-district-attorney/article_82695e3d-0bf6-5631-8afa-03a271796279.html,Voters weigh fate of liberal San Francisco district attorney,20220607T080000Z,winchesterstar.com,English,United States,False,unclassified
https://www.mrt.com/news/article/Voters-weigh-fate-of-liberal-San-Francisco-17223978.php,Voters weigh fate of liberal San Francisco district attorney,20220607T144500Z,mrt.com,English,United States,False,unclassified
https://truthout.org/articles/gop-billionaires-bankroll-effort-to-recall-sfs-district-attorney/,GOP Billionaires Bankroll Effort to Recall SF District Attorney,20220607T164500Z,truthout.org,English,United States,True,unclassified
https://www.foxnews.com/politics/crime-homelessness-drugs-california-attorney-general-race,"California attorney general  failed  citizens with soft - on - crime stance , primary challenger says",20220607T204500Z,foxnews.com,English,United States,False,national
https://www.aol.com/news/san-francisco-district-attorney-faces-100749371-115314618.html,San Francisco district attorney faces recall effort amid crime concerns,20220607T130000Z,aol.com,English,United States,True,unclassified
https://www.msn.com/en-us/news/politics/ca-primary-election-san-francisco-bay-area-voter-guide-what-to-know/ar-AAY9rep,"CA Primary Election : San Francisco Bay Area voter guide , what to know",20220607T021500Z,msn.com,English,United States,False,unclassified
https://www.whec.com/national/voters-weigh-fate-of-liberal-san-francisco-district-attorney/6493513/?cat=10036,Voters weigh fate of liberal San Francisco district attorney,20220607T054500Z,whec.com,English,United States,False,unclassified
https://wnyt.com/politics/voters-weigh-fate-of-liberal-san-francisco-district-attorney/6493520/?cat=661,Voters weigh fate of liberal San Francisco district attorney,20220607T093000Z,wnyt.com,English,United States,False,unclassified
https://www.chron.com/news/article/3-challengers-square-off-in-California-attorney-17223968.php,3 challengers square off in California attorney general race,20220607T050000Z,chron.com,English,United States,False,unclassified
https://www.seattlepi.com/news/article/3-challengers-square-off-in-California-attorney-17223968.php,3 challengers square off in California attorney general race,20220607T051500Z,seattlepi.com,English,United States,False,unclassified
https://www.stltoday.com/news/national/what-to-watch-in-todays-midterm-primaries-in-7-states/collection_07aafd3e-2245-5243-b5a3-f81af3b10d43.html,What to watch in today midterm primaries in 7 states,20220607T151500Z,stltoday.com,English,United States,False,unclassified
https://freebeacon.com/democrats/chesa-boudin-on-the-ropes/,What I Saw on the Frontlines of Chesa Boudin Last - Ditch Effort To Save His Job,20220607T124500Z,freebeacon.com,English,United States,True,unclassified
https://www.whec.com/national/3-challengers-square-off-in-california-attorney-general-race/6493512/?cat=10036,3 challengers square off in California attorney general race,20220607T054500Z,whec.com,English,United States,False,unclassified
https://omaha.com/news/national/collection_57549495-fa58-504c-8967-c305a6b53e49.html,What to watch in today midterm primaries in 7 states,20220607T140000Z,omaha.com,English,United States,False,unclassified
https://omaha.com/news/collection_57549495-fa58-504c-8967-c305a6b53e49.html,What to watch in today midterm primaries in 7 states,20220607T141500Z,omaha.com,English,United States,False,unclassified
https://omaha.com/collection_57549495-fa58-504c-8967-c305a6b53e49.html,What to watch in today midterm primaries in 7 states,20220607T150000Z,omaha.com,English,United States,False,unclassified
https://omaha.com/news/national/what-to-watch-in-todays-midterm-primaries-in-7-states/collection_57549495-fa58-504c-8967-c305a6b53e49.html,What to watch in today midterm primaries in 7 states,20220607T134500Z,omaha.com,English,United States,False,unclassified
https://wnyt.com/politics/3-challengers-square-off-in-california-attorney-general-race/6493519/?cat=661,3 challengers square off in California attorney general race,20220607T093000Z,wnyt.com,English,United States,False,unclassified
https://www.ctpost.com/news/article/3-challengers-square-off-in-California-attorney-17223968.php,3 challengers square off in California attorney general race,20220607T071500Z,ctpost.com,English,United States,False,unclassified
https://abcnews.go.com/Politics/watch-state-primaries/story?id=85166544,What to know and who to watch in the next 7 state primaries,20220607T093000Z,abcnews.go.com,English,United States,False,national
https://www.stamfordadvocate.com/news/article/3-challengers-square-off-in-California-attorney-17223968.php,3 challengers square off in California attorney general race,20220607T051500Z,stamfordadvocate.com,English,United States,False,unclassified
https://www.greenwichtime.com/news/article/3-challengers-square-off-in-California-attorney-17223968.php,3 challengers square off in California attorney general race,20220607T053000Z,greenwichtime.com,English,United States,False,unclassified
https://siouxcityjournal.com/news/national/what-to-watch-in-todays-midterm-primaries-in-7-states/collection_edf1b7d8-6ca0-51ad-8998-c0728cf270bc.html,What to watch in today midterm primaries in 7 states,20220607T134500Z,siouxcityjournal.com,English,United States,False,unclassified
https://www.newstimes.com/news/article/3-challengers-square-off-in-California-attorney-17223968.php,3 challengers square off in California attorney general race,20220607T054500Z,newstimes.com,English,United States,False,unclassified
https://www.nhregister.com/news/article/3-challengers-square-off-in-California-attorney-17223968.php,3 challengers square off in California attorney general race,20220607T053000Z,nhregister.com,English,United States,False,unclassified
https://apnews.com/article/2022-california-primary-attorney-general-anne-marie-schubert-94bbf9733713194c33646271ff2cea94,3 challengers square off in California attorney general race,20220607T063000Z,apnews.com,English,United States,False,national
https://apnews.com/94bbf9733713194c33646271ff2cea94,3 challengers square off in California attorney general race,20220607T050000Z,apnews.com,English,United States,False,national
https://www.stltoday.com/article_82bb62e3-a0a8-5d92-b233-b90a2686b410.html,3 challengers square off in California attorney general race,20220607T051500Z,stltoday.com,English,United States,False,unclassified
https://www.sandiegouniontribune.com/news/california/story/2022-06-06/3-challengers-square-off-in-california-attorney-general-race,3 challengers square off in California attorney general race,20220607T063000Z,sandiegouniontribune.com,English,United States,False,unclassified
https://buffalonews.com/news/national/3-challengers-square-off-in-california-attorney-general-race/article_98a4b77a-10b9-5031-b337-9213287c6a79.html,3 challengers square off in California attorney general race,20220607T053000Z,buffalonews.com,English,United States,False,unclassified
https://mynorthwest.com/3506588/3-challengers-square-off-in-california-attorney-general-race/,3 challengers square off in California attorney general race,20220607T061500Z,mynorthwest.com,English,United States,False,unclassified
https://www.msn.com/en-us/news/us/san-francisco-district-attorney-faces-recall-effort-amid-crime-concerns/ar-AAYaSg0,San Francisco district attorney faces recall effort amid crime concerns,20220607T103000Z,msn.com,English,United States,True,unclassified
http://www.msn.com/en-us/news/us/san-francisco-district-attorney-faces-recall-effort-amid-crime-concerns/ar-AAYaSg0,San Francisco district attorney faces recall effort amid crime concerns,20220607T110000Z,msn.com,English,United States,True,unclassified
https://www.expressnews.com/news/article/3-challengers-square-off-in-California-attorney-17223968.php,3 challengers square off in California attorney general race,20220607T100000Z,expressnews.com,English,United States,False,unclassified
https://www.kob.com/news/us-and-world-news/3-challengers-square-off-in-california-attorney-general-race/,3 challengers square off in California attorney general race,20220607T050000Z,kob.com,English,United States,False,unclassified
https://tucson.com/news/national/3-challengers-square-off-in-california-attorney-general-race/article_06cb673e-92f2-53a6-980a-0ab78c17d235.html,3 challengers square off in California attorney general race,20220607T073000Z,tucson.com,English,United States,False,unclassified
https://www.nbcbayarea.com/decision-2022/3-challengers-square-off-in-california-attorney-general-race/2912787/,3 Challengers Square Off in California Attorney General Race,20220607T210000Z,nbcbayarea.com,English,United States,False,local
https://www.ktvu.com/news/3-challengers-square-off-in-california-attorney-general-race,3 challengers square off in California attorney general race,20220607T174500Z,ktvu.com,English,United States,False,local
https://www.cnsnews.com/index.php/commentary/ben-johnson/ohio-ag-prosecutors-who-wont-enforce-abortion-law-have-violated-their-oath,Ohio AG : Prosecutors Who Wont Enforce Abortion Law  Have Violated Their Oath  ,20220607T201500Z,cnsnews.com,English,United States,False,unclassified
https://cnsnews.com/commentary/ben-johnson/ohio-ag-prosecutors-who-wont-enforce-abortion-law-have-violated-their-oath,Ohio AG : Prosecutors Who Wont Enforce Abortion Law  Have Violated Their Oath  ,20220607T210000Z,cnsnews.com,English,United States,False,unclassified
https://www.channel3000.com/i/3-challengers-square-off-in-california-attorney-general-race/,3 challengers square off in California attorney general race,20220607T054500Z,channel3000.com,English,United States,False,unclassified
https://www.thehour.com/news/article/3-challengers-square-off-in-California-attorney-17223968.php,3 challengers square off in California attorney general race,20220607T053000Z,thehour.com,English,United States,False,unclassified
https://lasvegassun.com/news/2022/jun/06/3-challengers-square-off-in-california-attorney-ge/,3 challengers square off in California attorney general race,20220607T090000Z,lasvegassun.com,English,United States,False,unclassified
https://www.aol.com/news/know-watch-next-7-state-090652782.html,What to know and who to watch in the next 7 state primaries,20220607T104500Z,aol.com,English,United States,False,unclassified
https://www.washingtontimes.com/news/2022/jun/7/primaries-california-and-six-other-states-test-pro/,Primaries in California and six other states to test progressive firepower,20220607T173000Z,washingtontimes.com,English,United States,False,national
https://www.washingtontimes.com:443/news/2022/jun/7/primaries-california-and-six-other-states-test-pro/,Primaries in California and six other states to test progressive firepower,20220607T190000Z,washingtontimes.com,English,United States,False,national
https://kvia.com/news/2022/06/07/8-things-to-watch-in-tuesdays-primaries/,8 things to watch in Tuesday primaries,20220607T173000Z,kvia.com,English,United States,False,unclassified
https://www.investing.com/news/world-news/trump-ally-seeks-return-to-congress-california-votes-on-crime-in-us-midterm-primaries-2834283,"Trump ally seeks return to Congress , California votes on crime in U . S . midterm primaries By Reuters",20220607T103000Z,investing.com,English,United States,False,unclassified
https://www.foxnews.com/media/larry-elder-california-crime-crisis-boudin-gascon,Larry Elder on California crime crisis : DAs believe  bad guys are victims of society  ,20220607T170000Z,foxnews.com,English,United States,False,national
https://www.inforum.com/news/national/trump-ally-seeks-return-to-congress-california-votes-on-crime-in-midterm-primaries,"Trump ally seeks return to Congress , California votes on crime in midterm primaries",20220607T150000Z,inforum.com,English,United States,False,unclassified
https://gazette.com/news/us-world/trump-ally-seeks-return-to-congress-california-votes-on-crime-in-u-s-midterm-primaries/article_8e926ec0-ebef-5458-88fd-d827592051b4.html,"Trump ally seeks return to Congress , California votes on crime in U . S . midterm primaries",20220607T103000Z,gazette.com,English,United States,False,unclassified
https://www.grandforksherald.com/news/national/trump-ally-seeks-return-to-congress-california-votes-on-crime-in-midterm-primaries,"Trump ally seeks return to Congress , California votes on crime in midterm primaries",20220607T134500Z,grandforksherald.com,English,United States,False,unclassified
https://www.mrt.com/news/article/3-challengers-square-off-in-California-attorney-17223968.php,3 challengers square off in California attorney general race,20220607T050000Z,mrt.com,English,United States,False,unclassified
https://newsbusters.org/blogs/nb/clay-waters/2022/06/06/finally-ny-times-notices-soft-crime-hurting-dems-big-cities,Finally : NY Times Notices Soft - on - Crime Hurting Dems in Big Cities,20220607T014500Z,newsbusters.org,English,United States,False,unclassified
https://www.duluthnewstribune.com/news/national/trump-ally-seeks-return-to-congress-california-votes-on-crime-in-midterm-primaries,"Trump ally seeks return to Congress , California votes on crime in midterm primaries",20220607T161500Z,duluthnewstribune.com,English,United States,False,unclassified
https://www.cnn.com/2022/06/07/politics/follow-tuesday-primary-election-june-7/,How to follow Tuesday primary election,20220607T184500Z,cnn.com,English,United States,False,national
https://www.abc10.com/article/news/politics/3-challengers-california-attorney-general-race/103-6322baba-2657-4824-a8d2-ef1f79000cae,California Attorney General Race : Who will emerge to face Bonta,20220607T090000Z,abc10.com,English,United States,False,unclassified
https://localnews8.com/news/2022/06/07/8-things-to-watch-in-tuesdays-primaries/,8 things to watch in Tuesday primaries,20220607T153000Z,localnews8.com,English,United States,False,unclassified
https://slate.com/news-and-politics/2022/06/primaries-california-iowa-south-dakota-mississippi-montana.html,"Midterm primaries : How will California , Iowa , Mississippi , Montana , New Jersey , New Mexico , and South Dakota vote ? ",20220607T103000Z,slate.com,English,United States,False,national
https://www.postbulletin.com/news/national/trump-ally-seeks-return-to-congress-california-votes-on-crime-in-midterm-primaries,"Trump ally seeks return to Congress , California votes on crime in midterm primaries",20220607T131500Z,postbulletin.com,English,United States,False,unclassified
https://www.kxly.com/i/3-challengers-square-off-in-california-attorney-general-race/,3 challengers square off in California attorney general race,20220607T054500Z,kxly.com,English,United States,False,unclassified
https://www.wbal.com/article/569542/111/what-to-know-and-who-to-watch-in-the-next-seven-state-primaries,What to know and who to watch in the next seven state primaries,20220607T130000Z,wbal.com,English,United States,False,unclassified
https://eurweb.com/2022/06/07/california-is-about-to-experience-a-political-earthquake-heres-why/,California is About to Experience A POLITICAL EARTHQUAKE - Here Why | VIDEO,20220607T140000Z,eurweb.com,English,United States,False,unclassified
https://www.whig.com/ap/national/3-challengers-square-off-in-california-attorney-general-race/article_cc79d7dd-e193-5031-8b9c-d590a5dc796f.html,3 challengers square off in California attorney general race,20220607T053000Z,whig.com,English,United States,False,unclassified
https://kvia.com/news/2022/06/07/how-to-follow-tuesdays-primary-election-2/,How to follow Tuesday primary election,20220607T194500Z,kvia.com,English,United States,False,unclassified
https://www.recorderonline.com/news/national_news/voters-weigh-fate-of-liberal-san-francisco-district-attorney/article_9f5a73ad-9a6c-5e5c-8398-1420c7cde564.html,Voters weigh fate of liberal San Francisco district attorney,20220607T094500Z,recorderonline.com,English,United States,False,unclassified
https://www.valdostadailytimes.com/news/national_international/voters-weigh-fate-of-liberal-san-francisco-district-attorney/article_a3422228-2df6-52c9-aa2b-c0e31a823cb5.html,Voters weigh fate of liberal San Francisco district attorney,20220607T091500Z,valdostadailytimes.com,English,United States,False,unclassified
https://www.yankton.net/news/national_ap/article_edda37af-7d1c-519f-9991-35a460208691.html,Voters weigh fate of liberal San Francisco district attorney,20220607T090000Z,yankton.net,English,United States,False,unclassified
https://www.bgdailynews.com/news/national/voters-weigh-fate-of-liberal-san-francisco-district-attorney/article_aa5067a1-e7f7-5a99-a265-830f9bc97663.html,Voters weigh fate of liberal San Francisco district attorney,20220607T084500Z,bgdailynews.com,English,United States,False,unclassified
https://www.ivpressonline.com/news/nation/voters-weigh-fate-of-liberal-san-francisco-district-attorney/article_a9bdde55-5814-5291-b191-2b8527dd1c9f.html,Voters weigh fate of liberal San Francisco district attorney,20220607T073000Z,ivpressonline.com,English,United States,False,unclassified
https://www.mankatofreepress.com/news/state_national_news/voters-weigh-fate-of-liberal-san-francisco-district-attorney/article_a7c1e480-3157-51b7-a82b-874fdd83b7bb.html,Voters weigh fate of liberal San Francisco district attorney,20220607T061500Z,mankatofreepress.com,English,United States,False,unclassified
https://santamariatimes.com/news/state-and-regional/voters-weigh-fate-of-liberal-san-francisco-district-attorney/article_7914173a-ca6a-523e-9721-1c21df6183a2.html,Voters weigh fate of liberal San Francisco district attorney,20220607T071500Z,santamariatimes.com,English,United States,False,unclassified
https://www.nvdaily.com/associated_press_national/voters-weigh-fate-of-liberal-san-francisco-district-attorney/article_1692c1b4-a141-5eb4-aa6a-b859dd37cb3c.html,Voters weigh fate of liberal San Francisco district attorney,20220607T071500Z,nvdaily.com,English,United States,False,unclassified
https://www.titusvilleherald.com/news/article_833d0a19-7ce4-5446-ae1a-74966f970e22.html,Voters weigh fate of liberal San Francisco district attorney,20220607T063000Z,titusvilleherald.com,English,United States,False,unclassified
https://www.fbherald.com/news/voters-weigh-fate-of-liberal-san-francisco-district-attorney/article_003beafd-91d9-5f4a-bbde-c82826f67763.html,Voters weigh fate of liberal San Francisco district attorney,20220607T054500Z,fbherald.com,English,United States,False,unclassified
https://www.caledonianrecord.com/news/national/voters-weigh-fate-of-liberal-san-francisco-district-attorney/article_0fef7f2b-0196-5557-b190-a4dd743b8004.html,Voters weigh fate of liberal San Francisco district attorney,20220607T070000Z,caledonianrecord.com,English,United States,False,unclassified
https://www.heraldbulletin.com/news/nation_world/voters-weigh-fate-of-liberal-san-francisco-district-attorney/article_f21b10fc-fb5c-5ee7-b86d-6584c4c0dec7.html,Voters weigh fate of liberal San Francisco district attorney,20220607T064500Z,heraldbulletin.com,English,United States,False,unclassified
https://www.yumasun.com/news/national_news/voters-weigh-fate-of-liberal-san-francisco-district-attorney/article_40bc7fd6-fd71-5a84-a8e4-9b9bbf61c667.html,Voters weigh fate of liberal San Francisco district attorney,20220607T064500Z,yumasun.com,English,United States,False,unclassified
https://www.elpasoinc.com/voters-weigh-fate-of-liberal-san-francisco-district-attorney/article_23750664-95db-5e7d-9fc6-513515a1caa1.html,Voters weigh fate of liberal San Francisco district attorney,20220607T060000Z,elpasoinc.com,English,United States,False,unclassified
https://ktvz.com/politics/cnn-us-politics/2022/06/07/8-things-to-watch-in-tuesdays-primaries/,8 things to watch in Tuesday primaries,20220607T170000Z,ktvz.com,English,United States,False,unclassified
https://www.theridgefieldpress.com/news/article/Voters-weigh-fate-of-liberal-San-Francisco-17223978.php,Voters weigh fate of liberal San Francisco district attorney,20220607T091500Z,theridgefieldpress.com,English,United States,False,unclassified
https://www.wiltonbulletin.com/news/article/Voters-weigh-fate-of-liberal-San-Francisco-17223978.php,Voters weigh fate of liberal San Francisco district attorney,20220607T090000Z,wiltonbulletin.com,English,United States,False,unclassified
https://www.registercitizen.com/news/article/Voters-weigh-fate-of-liberal-San-Francisco-17223978.php,Voters weigh fate of liberal San Francisco district attorney,20220607T080000Z,registercitizen.com,English,United States,False,unclassified
https://www.trumbulltimes.com/news/article/Voters-weigh-fate-of-liberal-San-Francisco-17223978.php,Voters weigh fate of liberal San Francisco district attorney,20220607T073000Z,trumbulltimes.com,English,United States,False,unclassified
https://www.sheltonherald.com/news/article/Voters-weigh-fate-of-liberal-San-Francisco-17223978.php,Voters weigh fate of liberal San Francisco district attorney,20220607T061500Z,sheltonherald.com,English,United States,False,unclassified
https://www.darientimes.com/news/article/Voters-weigh-fate-of-liberal-San-Francisco-17223978.php,Voters weigh fate of liberal San Francisco district attorney,20220607T071500Z,darientimes.com,English,United States,False,unclassified
https://www.milfordmirror.com/news/article/Voters-weigh-fate-of-liberal-San-Francisco-17223978.php,Voters weigh fate of liberal San Francisco district attorney,20220607T071500Z,milfordmirror.com,English,United States,False,unclassified
https://www.middletownpress.com/news/article/Voters-weigh-fate-of-liberal-San-Francisco-17223978.php,Voters weigh fate of liberal San Francisco district attorney,20220607T053000Z,middletownpress.com,English,United States,False,unclassified
https://www.ncadvertiser.com/news/article/Voters-weigh-fate-of-liberal-San-Francisco-17223978.php,Voters weigh fate of liberal San Francisco district attorney,20220607T051500Z,ncadvertiser.com,English,United States,False,unclassified
https://www.mymotherlode.com/news/state/2604631/voters-weigh-fate-of-liberal-san-francisco-district-attorney.html,Voters weigh fate of liberal San Francisco district attorney,20220607T063000Z,mymotherlode.com,English,United States,False,unclassified
https://muscatinejournal.com/news/national/voters-weigh-fate-of-liberal-san-francisco-district-attorney/article_4d60ffce-98bb-55fd-adea-295a97b71b7c.html,Voters weigh fate of liberal San Francisco district attorney,20220607T054500Z,muscatinejournal.com,English,United States,False,unclassified
https://www.news8000.com/i/voters-weigh-fate-of-liberal-san-francisco-district-attorney/,Voters weigh fate of liberal San Francisco district attorney,20220607T053000Z,news8000.com,English,United States,False,unclassified
https://www.mtshastanews.com/story/news/nation/california/2022/06/07/2022-election-results-san-francisco-distrtict-attorney-chesa-boudin-recall/7538836001/,California 2022 election results : Recall targets SF DA Chesa Boudin,20220607T201500Z,mtshastanews.com,English,United States,True,unclassified
https://www.thecalifornian.com/story/news/nation/california/2022/06/07/2022-election-results-san-francisco-distrtict-attorney-chesa-boudin-recall/7538836001/,California 2022 election results : Recall targets SF DA Chesa Boudin,20220607T194500Z,thecalifornian.com,English,United States,True,unclassified
https://www.recordnet.com/story/news/nation/california/2022/06/07/2022-election-results-san-francisco-distrtict-attorney-chesa-boudin-recall/7538836001/,California 2022 election results : Recall targets SF DA Chesa Boudin,20220607T204500Z,recordnet.com,English,United States,True,unclassified
https://www.nbcnews.com/meet-the-press/first-read/voter-anger-warning-candidates-running-2022-rcna32274,Voter anger is a warning to all candidates running in 2022,20220607T134500Z,nbcnews.com,English,United States,False,national
https://www.winchesterstar.com/associated_press/washington/3-challengers-square-off-in-california-attorney-general-race/article_61537cbc-3ea7-5cb5-a9e4-ab1f54935db3.html,3 challengers square off in California attorney general race,20220607T080000Z,winchesterstar.com,English,United States,False,unclassified
https://news.yahoo.com/five-things-watch-california-beyond-093125293.html,Five things to watch in California and beyond in Tuesday primaries,20220607T104500Z,news.yahoo.com,English,United States,False,unclassified
https://www.msn.com/en-gb/news/world/congress-holds-domestic-terrorism-hearing-as-americans-vote-in-primaries-live/ar-AAYb6JX,Congress holds domestic terrorism hearing as Americans vote in primaries – live,20220607T154500Z,msn.com,English,United States,False,unclassified
https://wvmetronews.com/2022/06/07/the-thin-blue-line-is-stretched-by-violence/,The Thin Blue Line is Stretched by Violence,20220607T050000Z,wvmetronews.com,English,United States,False,unclassified
https://www.nytimes.com/live/2022/06/07/us/election-california-primary-new-jersey/south-dakota-republicans-are-choosing-between-incumbents-and-their-conservative-challengers,What to Watch in Tuesday Primary Elections - The New York Times,20220607T191500Z,nytimes.com,English,United States,False,national
https://www.nytimes.com/live/2022/06/07/us/election-california-primary-new-jersey/aoc-sean-maloney,What to Watch in Tuesday Primary Elections - The New York Times,20220607T164500Z,nytimes.com,English,United States,False,national
https://www.nytimes.com/live/2022/06/07/us/election-california-primary-new-jersey?name=styln-2022-midterms&region=HOMEPAGE&block=storyline_menu_recirc&action=click,Primary Elections Live Updates : California News and More,20220607T164500Z,nytimes.com,English,United States,False,national
https://www.nytimes.com/live/2022/06/07/us/election-california-primary-new-jersey,Primary Elections Live Updates : California News and More,20220607T133000Z,nytimes.com,English,United States,False,national
https://www.sfchronicle.com/politics/article/California-primary-election-2022-17223548.php,California primary election : 5 things to watch,20220607T131500Z,sfchronicle.com,English,United States,False,local
https://www.nytimes.com/2022/06/07/us/politics/california-new-jersey-primary-elections-today.html,"What to Watch in Today Primary Elections in California , New Jersey and More",20220607T063000Z,nytimes.com,English,United States,False,national
https://www.latimes.com/california/story/2022-06-07/la-me-2022-elections-california-los-angeles,Polls open in California primary election amid poor early turnout,20220607T153000Z,latimes.com,English,United States,False,national
https://www.foxnews.com/politics/crime-californians-polls-key-races-grabbing-national-attention,Crime in spotlight as Californians head to the polls in key races grabbing national attention,20220607T124500Z,foxnews.com,English,United States,False,national
https://www.wtva.com/news/national/voters-weigh-fate-of-liberal-san-francisco-district-attorney/article_a6a80d59-33e7-5de6-b2f4-39d505d2aa11.html,Voters weigh fate of liberal San Francisco district attorney,20220607T090000Z,wtva.com,English,United States,False,unclassified
https://www.mykxlg.com/news/national/voters-weigh-fate-of-liberal-san-francisco-district-attorney/article_3a11d947-2928-56a3-a15a-946ec189151a.html,Voters weigh fate of liberal San Francisco district attorney,20220607T070000Z,mykxlg.com,English,United States,False,unclassified
https://www.wicz.com/story/46639633/8-things-to-watch-in-tuesdays-primaries,8 Things to watch in Tuesday primaries,20220607T114500Z,wicz.com,English,United States,False,unclassified
https://www.sfchronicle.com/opinion/article/Recalling-Chesa-Boudin-is-only-going-to-hurt-17223462.php,How recalling Chesa Boudin is going to hurt S . F . AAPI community,20220607T011500Z,sfchronicle.com,English,United States,True,local
https://www.sfchronicle.com/opinion/openforum/article/Recalling-Chesa-Boudin-is-only-going-to-hurt-17223462.php,How recalling Chesa Boudin is going to hurt S . F . AAPI community,20220607T203000Z,sfchronicle.com,English,United States,True,local
https://www.nbcnews.com/politics/2022-election/los-angeles-san-francisco-voters-may-rebuke-left-primaries-rcna31877,Los Angeles and San Francisco voters may rebuke left in primaries,20220607T100000Z,nbcnews.com,English,United States,False,national
https://townhall.com/tipsheet/spencerbrown/2022/06/07/primary-preview-tuesday-june-7-n2608306,What to Watch in Tuesday Primaries,20220607T170000Z,townhall.com,English,United States,False,unclassified
http://www.msn.com/en-us/news/politics/voting-underway-in-californias-primary-election-with-poor-turnout-its-been-slow/ar-AAYbCEE,Voting underway in California primary election with poor turnout :  It been slow  ,20220607T210000Z,msn.com,English,United States,False,unclassified
https://abcnews.go.com/Politics/progressives-brace-reality-check-crime-california-note/story?id=85215430,Progressives brace for reality check on crime in California : The Note,20220607T103000Z,abcnews.go.com,English,United States,False,national
https://www.cnn.com/2022/06/07/politics/gop-poll-workers-recruitment-ctzn/,The GOP drive to install thousands of poll workers sets off alarms,20220607T183000Z,cnn.com,English,United States,False,national
https://www.msn.com/en-us/news/politics/primary-elections-live-updates-voters-in-california-six-other-states-to-decide-primaries/ar-AAYajwL,"Primary elections live updates : Voters in California , six other states to decide primaries",20220607T110000Z,msn.com,English,United States,False,unclassified
https://news.yahoo.com/campaign-report-candidates-gear-primary-183411138.html,Campaign Report Candidates gear up for primary packed Tuesday,20220607T200000Z,news.yahoo.com,English,United States,False,unclassified
https://krdo.com/politics/cnn-us-politics/2022/06/07/the-gop-drive-to-install-thousands-of-poll-workers-sets-off-alarms/,The GOP drive to install thousands of poll workers sets off alarms,20220607T183000Z,krdo.com,English,United States,False,unclassified
https://www.aljazeera.com/news/2022/6/7/2022-midterms-what-to-watch-in-primaries-in-7-states,2022 midterms : What to watch in primaries in 7 US states,20220607T190000Z,aljazeera.com,English,United States,False,unclassified
https://www.politico.com/newsletters/west-wing-playbook/2022/06/06/laptop-from-hell-comes-to-wapo-00037596,Laptop from hell comes to WaPo,20220607T023000Z,politico.com,English,United States,False,national
https://www.washingtonpost.com/politics/2022/06/07/cornyn-sets-expectations-what-bipartisan-guns-deal-would-look-like/,Cornyn sets expectations for what a bipartisan guns deal would look like,20220607T124500Z,washingtonpost.com,English,United States,False,national
https://www.salemnews.com/election/2022-midterms-what-to-watch-in-primaries-in-7-states/article_d64c6698-4841-588f-bd4c-5a888bebd325.html,2022 midterms : What to watch in primaries in 7 states,20220607T061500Z,salemnews.com,English,United States,False,unclassified
https://www.msn.com/en-us/news/politics/tuesday-primaries-test-democrats-on-crime-gop-on-electability-trump/ar-AAY9Uu0,"Tuesday primaries test Democrats on crime , GOP on electability , Trump",20220607T140000Z,msn.com,English,United States,False,unclassified
https://www.washingtonpost.com/politics/2022/06/07/debate-emerges-showing-graphic-photos-gun-violence/,Debate emerges on showing graphic photos of gun violence,20220607T174500Z,washingtonpost.com,English,United States,False,national
https://www.politico.com/newsletters/playbook/2022/06/07/california-braces-for-possible-political-earthquake-00037673,California braces for possible political earthquake,20220607T111500Z,politico.com,English,United States,False,national
https://www.msn.com/en-us/news/politics/is-it-election-fatigue-early-voter-turnout-in-california-s-primary-is-dismal/ar-AAY8Hke,Is it  election fatigue ? Early voter turnout in California primary is dismal,20220607T044500Z,msn.com,English,United States,False,unclassified
https://www.kaaltv.com/national-news/voters-weigh-fate-of-liberal-san-francisco-district-attorney/6493516/?cat=10159,Voters weigh fate of liberal San Francisco district attorney,20220607T054500Z,kaaltv.com,English,United States,False,unclassified
https://www.politico.com/newsletters/california-playbook/2022/06/07/its-primary-day-in-california-do-you-know-where-your-candidates-are-00037668,It primary day in California . Do you know where your candidates are ?- POLITICO,20220607T150000Z,politico.com,English,United States,False,national
https://www.kaaltv.com/national-news/3-challengers-square-off-in-california-attorney-general-race/6493515/?cat=10159,3 challengers square off in California attorney general race,20220607T054500Z,kaaltv.com,English,United States,False,unclassified
https://wtvbam.com/2022/06/07/san-francisco-district-attorney-faces-recall-effort-amid-crime-concerns/,San Francisco district attorney faces recall effort amid crime concerns,20220607T140000Z,wtvbam.com,English,United States,True,unclassified
https://wabx.net/2022/06/07/san-francisco-district-attorney-faces-recall-effort-amid-crime-concerns/,San Francisco district attorney faces recall effort amid crime concerns,20220607T141500Z,wabx.net,English,United States,True,unclassified
https://mymixfm.com/2022/06/07/san-francisco-district-attorney-faces-recall-effort-amid-crime-concerns/,San Francisco district attorney faces recall effort amid crime concerns,20220607T123000Z,mymixfm.com,English,United States,True,unclassified
https://wiky.com/2022/06/07/san-francisco-district-attorney-faces-recall-effort-amid-crime-concerns/,San Francisco district attorney faces recall effort amid crime concerns,20220607T130000Z,wiky.com,English,United States,True,unclassified
https://kelo.com/2022/06/07/san-francisco-district-attorney-faces-recall-effort-amid-crime-concerns/,San Francisco district attorney faces recall effort amid crime concerns,20220607T114500Z,kelo.com,English,United States,True,unclassified
https://wibqam.com/2022/06/07/san-francisco-district-attorney-faces-recall-effort-amid-crime-concerns/,San Francisco district attorney faces recall effort amid crime concerns,20220607T120000Z,wibqam.com,English,United States,True,unclassified
https://www.nakedcapitalism.com/2022/06/200pm-water-cooler-6-7-2022.html,2 : 00PM Water Cooler 6 / 7 / 2022 | naked capitalism,20220607T184500Z,nakedcapitalism.com,English,United States,False,unclassified
https://www.theridgefieldpress.com/news/article/3-challengers-square-off-in-California-attorney-17223968.php,3 challengers square off in California attorney general race,20220607T091500Z,theridgefieldpress.com,English,United States,False,unclassified
https://www.wiltonbulletin.com/news/article/3-challengers-square-off-in-California-attorney-17223968.php,3 challengers square off in California attorney general race,20220607T090000Z,wiltonbulletin.com,English,United States,False,unclassified
https://www.registercitizen.com/news/article/3-challengers-square-off-in-California-attorney-17223968.php,3 challengers square off in California attorney general race,20220607T080000Z,registercitizen.com,English,United States,False,unclassified
https://www.trumbulltimes.com/news/article/3-challengers-square-off-in-California-attorney-17223968.php,3 challengers square off in California attorney general race,20220607T073000Z,trumbulltimes.com,English,United States,False,unclassified
https://www.sheltonherald.com/news/article/3-challengers-square-off-in-California-attorney-17223968.php,3 challengers square off in California attorney general race,20220607T061500Z,sheltonherald.com,English,United States,False,unclassified
https://www.milfordmirror.com/news/article/3-challengers-square-off-in-California-attorney-17223968.php,3 challengers square off in California attorney general race,20220607T071500Z,milfordmirror.com,English,United States,False,unclassified
https://www.darientimes.com/news/article/3-challengers-square-off-in-California-attorney-17223968.php,3 challengers square off in California attorney general race,20220607T071500Z,darientimes.com,English,United States,False,unclassified
https://www.middletownpress.com/news/article/3-challengers-square-off-in-California-attorney-17223968.php,3 challengers square off in California attorney general race,20220607T053000Z,middletownpress.com,English,United States,False,unclassified
https://www.ncadvertiser.com/news/article/3-challengers-square-off-in-California-attorney-17223968.php,3 challengers square off in California attorney general race,20220607T051500Z,ncadvertiser.com,English,United States,False,unclassified
https://muscatinejournal.com/news/national/what-to-watch-in-todays-midterm-primaries-in-7-states/collection_c1ab4992-2f50-5a61-b98f-1326d5e07a80.html,What to watch in today midterm primaries in 7 states,20220607T164500Z,muscatinejournal.com,English,United States,False,unclassified
https://abc17news.com/politics/national-politics/cnn-us-politics/2022/06/07/8-things-to-watch-in-tuesdays-primaries/,8 things to watch in Tuesday primaries,20220607T154500Z,abc17news.com,English,United States,False,unclassified
https://www.wicz.com/story/46644070/the-gop-drive-to-install-thousands-of-poll-workers-sets-off-alarms,The GOP drive to install thousands of poll workers sets off alarms,20220607T180000Z,wicz.com,English,United States,False,unclassified
https://www.valdostadailytimes.com/news/national_international/3-challengers-square-off-in-california-attorney-general-race/article_d943e453-0ddf-5ea5-86ec-52e0f4ad8803.html,3 challengers square off in California attorney general race,20220607T091500Z,valdostadailytimes.com,English,United States,False,unclassified
https://www.yankton.net/news/national_ap/article_f5de6ae7-23b0-52d6-9756-179a610e11fd.html,3 challengers square off in California attorney general race,20220607T090000Z,yankton.net,English,United States,False,unclassified
https://www.bgdailynews.com/news/national/3-challengers-square-off-in-california-attorney-general-race/article_5405c2cd-87bf-55e0-824b-c539fb0883ec.html,3 challengers square off in California attorney general race,20220607T084500Z,bgdailynews.com,English,United States,False,unclassified
https://www.ivpressonline.com/news/nation/3-challengers-square-off-in-california-attorney-general-race/article_804d554f-a28c-5e9a-af40-f7eb4d96ebf8.html,3 challengers square off in California attorney general race,20220607T073000Z,ivpressonline.com,English,United States,False,unclassified
https://www.mankatofreepress.com/news/state_national_news/3-challengers-square-off-in-california-attorney-general-race/article_042d3ded-bfa9-5e81-8319-d6b1f5a65dc5.html,3 challengers square off in California attorney general race,20220607T061500Z,mankatofreepress.com,English,United States,False,unclassified
https://santamariatimes.com/news/state-and-regional/3-challengers-square-off-in-california-attorney-general-race/article_210578f2-4b0b-5ef9-90de-3d9ad0a09354.html,3 challengers square off in California attorney general race,20220607T071500Z,santamariatimes.com,English,United States,False,unclassified
https://www.nvdaily.com/associated_press_national/3-challengers-square-off-in-california-attorney-general-race/article_036070ec-e192-5633-b341-1883c2618ca0.html,3 challengers square off in California attorney general race,20220607T071500Z,nvdaily.com,English,United States,False,unclassified
https://www.titusvilleherald.com/news/article_28782da4-9110-5dcd-a76e-2f4c8d40a948.html,3 challengers square off in California attorney general race,20220607T063000Z,titusvilleherald.com,English,United States,False,unclassified
https://www.mymotherlode.com/news/national/general-election/2604639/3-challengers-square-off-in-california-attorney-general-race.html,3 challengers square off in California attorney general race,20220607T063000Z,mymotherlode.com,English,United States,False,unclassified
https://www.caledonianrecord.com/news/national/3-challengers-square-off-in-california-attorney-general-race/article_38889d22-f4bd-5d77-bc76-c3f16598b63c.html,3 challengers square off in California attorney general race,20220607T070000Z,caledonianrecord.com,English,United States,False,unclassified
https://www.elpasoinc.com/3-challengers-square-off-in-california-attorney-general-race/article_34e571b0-29c8-5e9f-baf9-84e0d3b5948e.html,3 challengers square off in California attorney general race,20220607T060000Z,elpasoinc.com,English,United States,False,unclassified
https://www.news8000.com/i/3-challengers-square-off-in-california-attorney-general-race/,3 challengers square off in California attorney general race,20220607T053000Z,news8000.com,English,United States,False,unclassified
https://muscatinejournal.com/news/national/3-challengers-square-off-in-california-attorney-general-race/article_de03d3a4-2885-5a81-bf1b-a1b11c2831ec.html,3 challengers square off in California attorney general race,20220607T051500Z,muscatinejournal.com,English,United States,False,unclassified
https://www.850wftl.com/what-to-know-and-who-to-watch-in-the-next-seven-state-primaries/,What to know and who to watch in the next seven state primaries – 850 WFTL,20220607T140000Z,850wftl.com,English,United States,False,unclassified
https://www.mycentraloregon.com/2022/06/07/what-to-know-and-who-to-watch-in-the-next-seven-state-primaries/,What to know and who to watch in the next seven state primaries,20220607T130000Z,mycentraloregon.com,English,United States,False,unclassified
https://kxel.com/2022/06/07/what-to-know-and-who-to-watch-in-the-next-seven-state-primaries/,What to know and who to watch in the next seven state primaries,20220607T120000Z,kxel.com,English,United States,False,unclassified
https://kion546.com/news/2022/06/07/8-things-to-watch-in-tuesdays-primaries/,8 things to watch in Tuesday primaries – KION546,20220607T103000Z,kion546.com,English,United States,False,unclassified
https://www.mtshastanews.com/story/news/2022/06/07/california-primary-elections-2022-newsom-padilla-senate-governor-results-live-updates-calif-voters/9935003002/,"California primary 2022 : Newsom , Padilla , Senate , governor results",20220607T201500Z,mtshastanews.com,English,United States,False,unclassified
https://www.recordnet.com/story/news/2022/06/07/california-primary-elections-2022-newsom-padilla-senate-governor-results-live-updates-calif-voters/9935003002/,"California primary 2022 : Newsom , Padilla , Senate , governor results",20220607T204500Z,recordnet.com,English,United States,False,unclassified
https://www.mitchellrepublic.com/news/national/trump-ally-seeks-return-to-congress-california-votes-on-crime-in-midterm-primaries,"Trump ally seeks return to Congress , California votes on crime in midterm primaries",20220607T160000Z,mitchellrepublic.com,English,United States,False,unclassified
https://www.superiortelegram.com/news/national/trump-ally-seeks-return-to-congress-california-votes-on-crime-in-midterm-primaries,"Trump ally seeks return to Congress , California votes on crime in midterm primaries",20220607T154500Z,superiortelegram.com,English,United States,False,unclassified
https://www.perhamfocus.com/news/national/trump-ally-seeks-return-to-congress-california-votes-on-crime-in-midterm-primaries,"Trump ally seeks return to Congress , California votes on crime in midterm primaries",20220607T144500Z,perhamfocus.com,English,United States,False,unclassified
https://www.dl-online.com/news/national/trump-ally-seeks-return-to-congress-california-votes-on-crime-in-midterm-primaries,"Trump ally seeks return to Congress , California votes on crime in midterm primaries",20220607T150000Z,dl-online.com,English,United States,False,unclassified
https://www.dglobe.com/news/national/trump-ally-seeks-return-to-congress-california-votes-on-crime-in-midterm-primaries,"Trump ally seeks return to Congress , California votes on crime in midterm primaries",20220607T120000Z,dglobe.com,English,United States,False,unclassified
https://mymixfm.com/2022/06/07/trump-ally-seeks-return-to-congress-california-votes-on-crime-in-u-s-midterm-primaries/,"Trump ally seeks return to Congress , California votes on crime in U . S . midterm primaries",20220607T123000Z,mymixfm.com,English,United States,False,unclassified
https://www.parkrapidsenterprise.com/news/national/trump-ally-seeks-return-to-congress-california-votes-on-crime-in-midterm-primaries,"Trump ally seeks return to Congress , California votes on crime in midterm primaries",20220607T123000Z,parkrapidsenterprise.com,English,United States,False,unclassified
https://www.echopress.com/news/national/trump-ally-seeks-return-to-congress-california-votes-on-crime-in-midterm-primaries,"Trump ally seeks return to Congress , California votes on crime in midterm primaries",20220607T123000Z,echopress.com,English,United States,False,unclassified
https://wsau.com/2022/06/07/trump-ally-seeks-return-to-congress-california-votes-on-crime-in-u-s-midterm-primaries/,"Trump ally seeks return to Congress , California votes on crime in U . S . midterm primaries",20220607T114500Z,wsau.com,English,United States,False,unclassified
https://www.bemidjipioneer.com/news/national/trump-ally-seeks-return-to-congress-california-votes-on-crime-in-midterm-primaries,"Trump ally seeks return to Congress , California votes on crime in midterm primaries",20220607T134500Z,bemidjipioneer.com,English,United States,False,unclassified
https://www.pineandlakes.com/news/national/trump-ally-seeks-return-to-congress-california-votes-on-crime-in-midterm-primaries,"Trump ally seeks return to Congress , California votes on crime in midterm primaries",20220607T134500Z,pineandlakes.com,English,United States,False,unclassified
https://www.brainerddispatch.com/news/national/trump-ally-seeks-return-to-congress-california-votes-on-crime-in-midterm-primaries,"Trump ally seeks return to Congress , California votes on crime in midterm primaries",20220607T130000Z,brainerddispatch.com,English,United States,False,unclassified
https://www.1470wmbd.com/2022/06/07/trump-ally-seeks-return-to-congress-california-votes-on-crime-in-u-s-midterm-primaries-2/,"Trump ally seeks return to Congress , California votes on crime in U . S . midterm primaries",20220607T130000Z,1470wmbd.com,English,United States,False,unclassified
https://www.wctrib.com/news/national/trump-ally-seeks-return-to-congress-california-votes-on-crime-in-midterm-primaries,"Trump ally seeks return to Congress , California votes on crime in midterm primaries",20220607T133000Z,wctrib.com,English,United States,False,unclassified
https://www.thedickinsonpress.com/news/national/trump-ally-seeks-return-to-congress-california-votes-on-crime-in-midterm-primaries,"Trump ally seeks return to Congress , California votes on crime in midterm primaries",20220607T130000Z,thedickinsonpress.com,English,United States,False,unclassified
https://wiky.com/2022/06/07/trump-ally-seeks-return-to-congress-california-votes-on-crime-in-u-s-midterm-primaries/,"Trump ally seeks return to Congress , California votes on crime in U . S . midterm primaries",20220607T130000Z,wiky.com,English,United States,False,unclassified
https://www.jamestownsun.com/news/national/trump-ally-seeks-return-to-congress-california-votes-on-crime-in-midterm-primaries,"Trump ally seeks return to Congress , California votes on crime in midterm primaries",20220607T124500Z,jamestownsun.com,English,United States,False,unclassified
https://kelo.com/2022/06/07/trump-ally-seeks-return-to-congress-california-votes-on-crime-in-u-s-midterm-primaries/,"Trump ally seeks return to Congress , California votes on crime in U . S . midterm primaries",20220607T123000Z,kelo.com,English,United States,False,unclassified
https://www.wadenapj.com/news/national/trump-ally-seeks-return-to-congress-california-votes-on-crime-in-midterm-primaries,"Trump ally seeks return to Congress , California votes on crime in midterm primaries",20220607T114500Z,wadenapj.com,English,United States,False,unclassified
https://kyma.com/decision-2022/2022/06/07/how-to-follow-tuesdays-primary-election-2/,How to follow Tuesday primary election,20220607T203000Z,kyma.com,English,United States,False,unclassified
https://abc17news.com/politics/national-politics/cnn-us-politics/2022/06/07/how-to-follow-tuesdays-primary-election-2/,How to follow Tuesday primary election,20220607T204500Z,abc17news.com,English,United States,False,unclassified
https://sfist.com/2022/06/07/flooded-soma-high-rise-tenants-had-hotel-rooms-revoked-now-forced-to-fend-for-themselves/,"Flooded SoMa High - Rise Tenants Say They Had Hotel Rooms Revoked , Now Forced to Fend for Themselves",20220607T203000Z,sfist.com,English,United States,False,local
https://www.fox35orlando.com/news/2022-midterms-primaries-shift-focus-to-control-of-us-house,2022 midterms : Primaries shift focus to control of US House,20220607T013000Z,fox35orlando.com,English,United States,False,unclassified
https://www.mdjonline.com/tribune/lifestyles/is-it-election-fatigue-early-voter-turnout-in-california-s-primary-is-dismal-so-far/article_0e7a2613-e989-5c7f-9ae8-dfbda5390d14.html,Is it  election fatigue ? Early voter turnout in California primary is dismal so far | Tribune,20220607T031500Z,mdjonline.com,English,United States,False,unclassified
https://www.kunm.org/kunm-news-update/2022-06-07/tues-five-gop-contenders-compete-to-take-on-new-mexico-governor-more,"TUES : Five GOP contenders compete to take on New Mexico governor , + More",20220607T120000Z,kunm.org,English,United States,False,unclassified
https://www.bozemandailychronicle.com/ap_news/politics/is-it-election-fatigue-early-voter-turnout-in-california-s-primary-is-dismal-so-far/article_c5111a49-6cd8-51dd-9174-f51a95b2c6d8.html,Is it  election fatigue ? Early voter turnout in California primary is dismal so far | Politics,20220607T013000Z,bozemandailychronicle.com,English,United States,False,unclassified
https://gazette.com/news/us-world/san-francisco-voters-oust-far-left-district-attorney-chesa-boudin-after-two-years/article_568de7e9-562c-5e2d-a86f-c38d44b4087d.html,San Francisco voters oust far - left District Attorney Chesa Boudin after two years,20220608T053000Z,gazette.com,English,United States,True,unclassified
https://www.nbcbayarea.com/decision-2022/san-francisco-ousts-liberal-da-chesa-boudin-in-heated-recall/2912318/,San Francisco DA Chesa Boudin Recalled in Historic Vote – NBC Bay Area,20220608T051500Z,nbcbayarea.com,English,United States,True,local
https://dailycaller.com/2022/06/08/chesa-boudin-recalled-san-francisco-election-district-attorney/,Embattled Left - Wing Prosecutor Chesa Boudin Recalled In San Francisco Election,20220608T054500Z,dailycaller.com,English,United States,True,national
http://www.msn.com/en-us/news/world/liberal-prosecutor-faces-recall-vote-in-liberal-san-francisco/ar-AAYbYDj,Liberal prosecutor faces recall vote in liberal San Francisco,20220607T214500Z,msn.com,English,United States,True,unclassified
https://www.foxnews.com/media/cali-crime-wave-beverly-hills-turned-gotham-city-gascon-caitlyn-jenner,"California crime wave : Beverly Hills  has turned into Gotham City  under Gascon , Caitlyn Jenner says",20220607T233000Z,foxnews.com,English,United States,False,national
http://www.msn.com/en-us/news/politics/san-francisco-ousts-liberal-da-chesa-boudin-in-heated-recall/ar-AAYakam,San Francisco ousts liberal DA Chesa Boudin in heated recall,20220608T051500Z,msn.com,English,United States,True,unclassified
https://www.marketwatch.com/story/san-francisco-ousts-progressive-district-attorney-chesa-boudin-in-heated-recall-01654661764,San Francisco ousts progressive District Attorney Chesa Boudin in heated recall,20220608T044500Z,marketwatch.com,English,United States,True,unclassified
https://tucson.com/news/national/san-francisco-ousts-liberal-da-chesa-boudin-in-heated-recall/article_615b7108-8dcc-53af-838a-df77145121a7.html,San Francisco ousts liberal DA Chesa Boudin in heated recall,20220608T050000Z,tucson.com,English,United States,True,unclassified
https://www.smdailyjournal.com/news/bay_area/san-francisco-ousts-liberal-da-chesa-boudin-in-heated-recall/article_11936f10-e6e8-11ec-854d-1fea7930ded1.html,San Francisco ousts liberal DA Chesa Boudin in heated recall,20220608T061500Z,smdailyjournal.com,English,United States,True,local
https://www.turnto23.com/news/election-2022/san-francisco-ousts-liberal-da-chesa-boudin-in-heated-recall,San Francisco ousts liberal DA Chesa Boudin in heated recall,20220608T061500Z,turnto23.com,English,United States,True,unclassified
https://redstate.com/jenniferoo/2022/06/08/san-francisco-has-spoken-chesa-boudin-has-been-recalled-n576092,San Francisco Has Spoken : Chesa Boudin Has Been Recalled,20220608T060000Z,redstate.com,English,United States,True,unclassified
https://www.foxnews.com/politics/san-francisco-district-attorney-recall-election,Progressive San Francisco DA recalled by voters in one of nation most liberal cities,20220608T051500Z,foxnews.com,English,United States,True,national
https://pjmedia.com/news-and-politics/victoria-taft/2022/06/07/san-francisco-should-recall-chesa-boudin-the-worst-prosecutor-ever-n1603147,San Francisco Should Recall Chesa Boudin the Worst Prosecutor Ever,20220607T224500Z,pjmedia.com,English,United States,True,unclassified
https://gazette.com/news/us-world/san-francisco-district-attorney-chesa-boudin-recalled/article_f9ae1668-5e3e-5ba7-926e-a705fa75ea0d.html,San Francisco District Attorney Chesa Boudin recalled,20220608T053000Z,gazette.com,English,United States,True,unclassified
https://www.breitbart.com/politics/2022/06/07/san-francisco-voters-recall-radical-d-a-chesa-boudin-warning-to-left-wing-prosecutors-nationwide/,San Francisco Voters Recall Radical D . A . Chesa Boudin : Warning to Left - wing Prosecutors Nationwide,20220608T050000Z,breitbart.com,English,United States,True,national
https://www.gjsentinel.com/news/us/san-francisco-ousts-progressive-district-attorney-chesa-boudin-in-heated-recall-that-divided-democrats-over/article_651de61f-f383-559d-baf9-9eea0fe045af.html,San Francisco ousts progressive District Attorney Chesa Boudin in heated recall that divided Democrats over crime,20220608T063000Z,gjsentinel.com,English,United States,True,unclassified
https://www.sfexaminer.com/news/politics/voters-oust-chesa-boudin-as-san-francisco-district-attorney/article_1736bebe-e5ed-11ec-8415-83c1f9cf4e51.html,Voters oust Chesa Boudin as San Francisco district attorney,20220608T063000Z,sfexaminer.com,English,United States,True,local
https://www.ktvu.com/news/san-francisco-ousts-liberal-da-chesa-boudin-in-heated-recall,San Francisco ousts liberal DA Chesa Boudin in heated recall,20220608T073000Z,ktvu.com,English,United States,True,local
http://www.msn.com/en-us/news/world/progressive-san-francisco-da-recalled-by-voters-in-one-of-nation-s-most-liberal-cities/ar-AAYcvXo,Progressive San Francisco DA recalled by voters in one of nation most liberal cities,20220608T051500Z,msn.com,English,United States,True,unclassified
https://www.msn.com/en-us/news/opinion/the-rick-caruso-chesa-boudin-races-are-being-shaped-by-copaganda/ar-AAYbRp1,"The Rick Caruso , Chesa Boudin Races Are Being Shaped by Copaganda",20220607T213000Z,msn.com,English,United States,True,unclassified
https://www.foxla.com/news/san-francisco-ousts-liberal-da-chesa-boudin-in-heated-recall,San Francisco ousts liberal DA Chesa Boudin in heated recall,20220608T073000Z,foxla.com,English,United States,True,unclassified
https://www.msn.com/en-us/news/politics/san-francisco-district-attorney-chesa-boudin-ousted-from-office-in-high-profile-recall-election/ar-AAYbA2l,San Francisco District Attorney Chesa Boudin ousted from office in high - profile recall election,20220608T044500Z,msn.com,English,United States,True,unclassified
http://www.msn.com/en-us/news/world/san-francisco-district-attorney-chesa-boudin-ousted-from-office-in-high-profile-recall-election/ar-AAYbA2l,San Francisco District Attorney Chesa Boudin ousted from office in high - profile recall election,20220608T050000Z,msn.com,English,United States,True,unclassified
https://www.aol.com/news/san-francisco-voters-recall-progressive-040341924.html,San Francisco voters recall progressive D . A . Chesa Boudin,20220608T051500Z,aol.com,English,United States,True,unclassified
https://www.newser.com/story/321508/san-francisco-ousts-liberal-da-in-heated-recall.html,San Francisco Ousts Liberal DA in Heated Recall,20220608T070000Z,newser.com,English,United States,True,unclassified
https://www.sfexaminer.com/news/san-francisco-voters-head-to-the-polls-with-chesa-boudins-fate-in-their-hands/article_d85be2c2-e6a1-11ec-b5a9-73271778ca50.html,San Francisco voters head to the polls with Chesa Boudin fate in their hands,20220608T020000Z,sfexaminer.com,English,United States,True,local
https://www.kcra.com/article/san-francisco-ousts-liberal-da-chesa-boudin-in-heated-recall/40223572,San Francisco ousts liberal DA Chesa Boudin in heated recall,20220608T053000Z,kcra.com,English,United States,True,unclassified
https://hotair.com/allahpundit/2022/06/07/live-results-thread-the-most-exciting-primaries-in-america-are-in-california-n474636,Live results thread : The most exciting primaries in America are in ... California ? ,20220608T011500Z,hotair.com,English,United States,False,unclassified
https://news.yahoo.com/san-franciscos-progressive-district-attorney-041534356.html,San Francisco Progressive District Attorney Chesa Boudin Recalled By Voters,20220608T044500Z,news.yahoo.com,English,United States,True,unclassified
https://www.sfchronicle.com/opinion/openforum/article/Chesa-Boudin-is-out-How-to-make-sure-criminal-17226698.php,Chesa Boudin recall : What that means for criminal justice reform,20220608T054500Z,sfchronicle.com,English,United States,True,local
https://www.sfchronicle.com/election/article/What-Chesa-Boudin-s-recall-means-for-San-17226656.php,What Chesa Boudin recall means for San Francisco stance on crime,20220608T054500Z,sfchronicle.com,English,United States,True,local
https://www.sfchronicle.com/election/article/California-election-results-Bonta-on-top-17226718.php,California election results : Rob Bonta on top in attorney general race,20220608T054500Z,sfchronicle.com,English,United States,False,local
https://www.mvariety.com/news/san-francisco-ousts-da-chesa-boudin-in-heated-recall/article_0ab2ab90-e6e6-11ec-830d-cf436bc6a34c.html,San Francisco ousts DA Chesa Boudin in heated recall,20220608T064500Z,mvariety.com,English,United States,True,unclassified
https://www.mankatofreepress.com/news/state_national_news/san-francisco-ousts-liberal-da-chesa-boudin-in-heated-recall/article_a7c1e480-3157-51b7-a82b-874fdd83b7bb.html,San Francisco ousts liberal DA Chesa Boudin in heated recall,20220608T054500Z,mankatofreepress.com,English,United States,True,unclassified
https://www.caledonianrecord.com/news/national/san-francisco-ousts-liberal-da-chesa-boudin-in-heated-recall/article_0fef7f2b-0196-5557-b190-a4dd743b8004.html,San Francisco ousts liberal DA Chesa Boudin in heated recall,20220608T054500Z,caledonianrecord.com,English,United States,True,unclassified
https://www.recorderonline.com/news/national_news/san-francisco-ousts-liberal-da-chesa-boudin-in-heated-recall/article_9f5a73ad-9a6c-5e5c-8398-1420c7cde564.html,San Francisco ousts liberal DA Chesa Boudin in heated recall,20220608T050000Z,recorderonline.com,English,United States,True,unclassified
https://www.sfchronicle.com/election/article/Chesa-Boudin-ousted-as-San-Francisco-District-17226641.php,Chesa Boudin ousted as SF DA in historic recall election,20220608T044500Z,sfchronicle.com,English,United States,True,local
https://www.latimes.com/california/story/2022-06-07/2022-san-francisco-district-attorney-chesa-boudin-recall-election-results,2022 San Francisco D . A . Chesa Boudin recall results,20220608T050000Z,latimes.com,English,United States,True,national
https://www.thetelegraph.com/news/article/Voters-weigh-fate-of-liberal-San-Francisco-17223978.php,San Francisco ousts liberal DA Chesa Boudin in heated recall,20220608T060000Z,thetelegraph.com,English,United States,True,unclassified
https://www.sfexaminer.com/news/state/california-primary-election-sees-anemic-turnout/article_9a7d6248-501c-5098-88b3-ca35117eb9b8.html,California primary election sees anemic turnout,20220608T020000Z,sfexaminer.com,English,United States,False,local
http://www.msn.com/en-us/news/politics/san-francisco-da-chesa-boudin-recalled-in-blow-to-progressives/ar-AAYcGqd,San Francisco DA Chesa Boudin recalled in blow to progressives,20220608T050000Z,msn.com,English,United States,True,unclassified
https://www.hometownstations.com/news/national/san-francisco-ousts-progressive-district-attorney-chesa-boudin-in-heated-recall-that-divided-democrats-over/article_b0cf67b9-da04-52d7-99d2-b1c45ddd1feb.html,San Francisco ousts progressive District Attorney Chesa Boudin in heated recall that divided Democrats over crime,20220608T051500Z,hometownstations.com,English,United States,True,unclassified
https://www.timesunion.com/news/article/Voters-weigh-fate-of-liberal-San-Francisco-17223978.php,San Francisco ousts liberal DA Chesa Boudin in heated recall,20220608T074500Z,timesunion.com,English,United States,True,unclassified
https://www.theepochtimes.com/san-francisco-voters-oust-progressive-soros-prosecutor-in-recall-vote_4519437.html,San Francisco Voters Oust Progressive Soros - Backed Prosecutor in Recall Vote,20220608T053000Z,theepochtimes.com,English,United States,True,unclassified
https://siouxcityjournal.com/news/national/san-francisco-ousts-liberal-da-chesa-boudin-in-heated-recall/article_19b7bd2e-61c2-57fe-8a3b-ce33895cface.html,San Francisco ousts liberal DA Chesa Boudin in heated recall,20220608T071500Z,siouxcityjournal.com,English,United States,True,unclassified
https://www.onenewspage.com/topic/Chesa_Boudin_Recall.htm,Chesa Boudin Recall News and Videos,20220608T074500Z,onenewspage.com,English,United States,True,unclassified
https://dailycaller.com/2022/06/07/cnn-brownstein-caruso-gascon-boudin-elections/,CNN Analyst Has A Dire Warning For Soft - On - Crime Democrats In California,20220608T011500Z,dailycaller.com,English,United States,False,national
https://wibqam.com/2022/06/08/san-francisco-district-attorney-chesa-boudin-recalled/,San Francisco District Attorney Chesa Boudin recalled,20220608T074500Z,wibqam.com,English,United States,True,unclassified
https://whbl.com/2022/06/07/san-francisco-district-attorney-chesa-boudin-recalled/,San Francisco District Attorney Chesa Boudin recalled,20220608T071500Z,whbl.com,English,United States,True,unclassified
https://mymixfm.com/2022/06/08/san-francisco-district-attorney-chesa-boudin-recalled/,San Francisco District Attorney Chesa Boudin recalled,20220608T071500Z,mymixfm.com,English,United States,True,unclassified
https://wiky.com/2022/06/07/san-francisco-district-attorney-chesa-boudin-recalled/,San Francisco District Attorney Chesa Boudin recalled,20220608T073000Z,wiky.com,English,United States,True,unclassified
https://wtaq.com/2022/06/07/san-francisco-district-attorney-chesa-boudin-recalled/,San Francisco District Attorney Chesa Boudin recalled,20220608T054500Z,wtaq.com,English,United States,True,unclassified
https://hot96.com/2022/06/07/san-francisco-district-attorney-chesa-boudin-recalled/,San Francisco District Attorney Chesa Boudin recalled,20220608T050000Z,hot96.com,English,United States,True,unclassified
https://www.sfchronicle.com/sf/article/What-s-next-for-Chesa-Boudin-Maybe-another-run-17226653.php,What next for Chesa Boudin ? Maybe another run for D . A . ,20220608T054500Z,sfchronicle.com,English,United States,True,local
https://www.dailysignal.com/2022/06/08/recall-of-chesa-boudin-in-san-francisco-shows-rogue-prosecutor-movement-for-failure-it-is/,Boudin Recall in San Francisco Is Defeat for Rogue Prosecutor Movement,20220608T070000Z,dailysignal.com,English,United States,True,unclassified
https://www.sfgate.com/politics/article/Chesa-Boudin-on-why-he-was-recalled-17226750.php,"After getting recalled , Boudin gives his thoughts on why",20220608T054500Z,sfgate.com,English,United States,True,local
https://www.politico.com/news/2022/06/08/chesa-boudin-san-francisco-district-attorney-recall-00038002,San Francisco district attorney ousted in recall election,20220608T061500Z,politico.com,English,United States,True,national
https://www.kalw.org/kalw-news/2022-06-07/voters-to-determine-the-outcome-san-franciscos-district-attorney-chesa-boudin-at-the-ballot-box-today,Voters to determine the outcome San Francisco District Attorney Chesa Boudin at the ballot box today,20220608T001500Z,kalw.org,English,United States,True,local
https://www.lmtonline.com/news/article/Voters-weigh-fate-of-liberal-San-Francisco-17223978.php,San Francisco ousts liberal DA Chesa Boudin in heated recall,20220608T070000Z,lmtonline.com,English,United States,True,unclassified
https://localnews8.com/politics/cnn-us-politics/2022/06/07/an-iowa-surprise-and-low-turnout-in-tuesdays-primaries-illustrate-an-unsettled-environment-for-democrats/,"San Francisco voters recall their district attorney , sending a stark message to Democrats",20220608T071500Z,localnews8.com,English,United States,True,unclassified
https://www.vvdailypress.com/story/news/nation/california/2022/06/07/2022-election-results-san-francisco-distrtict-attorney-chesa-boudin-recall/7538836001/,California 2022 election results : Recall targets SF DA Chesa Boudin,20220608T073000Z,vvdailypress.com,English,United States,True,unclassified
https://ktvz.com/politics/cnn-us-politics/2022/06/07/tuesdays-primaries-will-measure-voter-unease-over-crime-and-inflation/,"San Francisco voters recall their district attorney , sending a stark message to Democrats",20220608T064500Z,ktvz.com,English,United States,True,unclassified
https://www.sfchronicle.com/politics/joegarofoli/article/San-Francisco-voters-got-rid-of-Chesa-Boudin-17226649.php,Chesa Boudin : Voters got rid of the SF DA any may soon face recall hangover,20220608T054500Z,sfchronicle.com,English,United States,True,local
https://www.forbes.com/sites/cyrusfarivar/2022/06/08/bay-area-investors-laud-recall-of-san-francisco-da/,Bay Area Investors Laud Recall Of San Francisco DA,20220608T074500Z,forbes.com,English,United States,True,unclassified
https://www.nytimes.com/live/2022/06/07/us/election-california-primary-new-jersey/polls-close-in-new-mexico-iowa-and-south-dakota,Live Updates : San Francisco Recalls Progressive Prosecutor ; Caruso to Face Bass for Los Angeles Mayor,20220608T051500Z,nytimes.com,English,United States,True,national
https://www.washingtontimes.com:443/news/2022/jun/8/chesa-boudin-san-francisco-district-attorney-gets-/,"Chesa Boudin , San Francisco district attorney , gets recalled in progressive bastion",20220608T054500Z,washingtontimes.com,English,United States,True,national
https://www.washingtontimes.com/news/2022/jun/8/chesa-boudin-san-francisco-district-attorney-gets-/,"Chesa Boudin , San Francisco district attorney , gets recalled in progressive bastion",20220608T060000Z,washingtontimes.com,English,United States,True,national
https://www.ksby.com/news/california-news/voters-weigh-fate-of-liberal-san-francisco-district-attorney,Voters weigh fate of liberal San Francisco district attorney,20220607T214500Z,ksby.com,English,United States,False,unclassified
https://www.nytimes.com/2022/06/07/us/politics/chesa-boudin-recall-san-francisco.html,Chesa Boudin Ousted in District Attorney Recall - The New York Times,20220608T044500Z,nytimes.com,English,United States,True,national
https://theweek.com/san-francisco/1014204/san-francisco-da-chesa-boudin-recalled,San Francisco DA Chesa Boudin recalled,20220608T071500Z,theweek.com,English,United States,True,unclassified
https://www.msn.com/en-us/news/world/progressive-da-chesa-boudin-recalled-by-san-francisco-voters/ar-AAYcDxT,Progressive D . A . Chesa Boudin Recalled by San Francisco Voters,20220608T053000Z,msn.com,English,United States,True,unclassified
https://www.record-eagle.com/nation_world/san-francisco-ousts-liberal-da-chesa-boudin-in-heated-recall/article_66606de2-ca44-534f-b8e4-150156ae4540.html,San Francisco ousts liberal DA Chesa Boudin in heated recall,20220608T070000Z,record-eagle.com,English,United States,True,unclassified
https://www.ivpressonline.com/news/nation/san-francisco-ousts-liberal-da-chesa-boudin-in-heated-recall/article_a9bdde55-5814-5291-b191-2b8527dd1c9f.html,San Francisco ousts liberal DA Chesa Boudin in heated recall,20220608T070000Z,ivpressonline.com,English,United States,True,unclassified
https://www.chroniclejournal.com/news/world/san-francisco-ousts-liberal-da-chesa-boudin-in-heated-recall/article_c68ccb49-b594-556b-adc7-e30a76e31240.html,San Francisco ousts liberal DA Chesa Boudin in heated recall,20220608T064500Z,chroniclejournal.com,English,United States,True,unclassified
https://santamariatimes.com/news/state-and-regional/san-francisco-ousts-liberal-da-chesa-boudin-in-heated-recall/article_7914173a-ca6a-523e-9721-1c21df6183a2.html,San Francisco ousts liberal DA Chesa Boudin in heated recall,20220608T064500Z,santamariatimes.com,English,United States,True,unclassified
https://classichits1390.iheart.com/featured/the-clay-travis-and-buck-sexton-show/content/2022-06-07-clay-travis-and-buck-sexton-ann-coulter-joins-cb-to-talk-gun-control-democrat-insanity/,"Ann Coulter Joins C & B to Talk Gun Control , Democrat Insanity | 1390 KRRZ | The Clay Travis and Buck Sexton Show",20220607T234500Z,classichits1390.iheart.com,English,United States,False,unclassified
https://www.sfchronicle.com/sf/bayarea/heatherknight/article/Chesa-Boudin-blamed-the-recall-on-the-right-wing-17226645.php,Chesa Boudin blamed recall on right wing . But S . F . voters just want city that works,20220608T054500Z,sfchronicle.com,English,United States,True,local
https://www.marketwatch.com/story/california-gov-gavin-newsom-cruises-to-easy-primary-victory-01654659615,California Gov . Gavin Newsom cruises to easy primary victory,20220608T044500Z,marketwatch.com,English,United States,False,unclassified
https://www.sfchronicle.com/bayarea/article/The-District-Attorney-s-Office-is-filled-with-17226650.php,"The District Attorney Office is filled with bright public defenders , veteran prosecutors and policy experts . The recall puts their futures up in the air . ",20220608T054500Z,sfchronicle.com,English,United States,True,local
https://www.portlandmercury.com/blogtown/2022/06/07/42868535/good-afternoon-news-portlanders-sue-over-unsafe-affordable-housing-kara-swisher-makes-money-moves-and-green-grants-get-a-chance-to-shine,"Good Afternoon , News : Portlanders Sue Over Unsafe Affordable Housing , Kara Swisher Makes Money Moves , and Green Grants Get a Chance to Shine",20220608T030000Z,portlandmercury.com,English,United States,False,unclassified
https://www.cbsnews.com/live-updates/primary-results-2022-california-iowa-new-mexico-south-dakota-mississippi-midterm-primaries-today-2022-06-07/,"Primary results 2022 : California , Iowa , New Mexico , South Dakota and more",20220607T223000Z,cbsnews.com,English,United States,False,national
https://www.kgoradio.com/2022/06/07/low-voter-turnout-for-california-election-day/,Low Voter Turnout for California Election Day,20220607T213000Z,kgoradio.com,English,United States,False,unclassified
https://www.cnn.com/politics/live-news/june-7-primary-election-results/h_1e5f44d561ee440eb377b47b9dd06b4c,CNN Projection : Rep . Tom Malinowski will win New Jersey Democratic primary,20220608T020000Z,cnn.com,English,United States,False,national
https://www.titusvilleherald.com/news/state_news/article_833d0a19-7ce4-5446-ae1a-74966f970e22.html,San Francisco ousts liberal DA Chesa Boudin in heated recall,20220608T070000Z,titusvilleherald.com,English,United States,True,unclassified
https://www.mdjonline.com/tribune/lifestyles/progressive-san-francisco-d-a-chesa-boudin-headed-toward-recall/article_0f14fc5e-e962-564f-8a9a-7950d046358b.html,Progressive San Francisco D . A . Chesa Boudin headed toward recall,20220608T070000Z,mdjonline.com,English,United States,True,unclassified
https://cnsnews.com/index.php/commentary/ben-johnson/ohio-ag-prosecutors-who-wont-enforce-abortion-law-have-violated-their-oath,Ohio AG : Prosecutors Who Wont Enforce Abortion Law  Have Violated Their Oath  ,20220608T043000Z,cnsnews.com,English,United States,False,unclassified
https://www.cnsnews.com/commentary/ben-johnson/ohio-ag-prosecutors-who-wont-enforce-abortion-law-have-violated-their-oath,Ohio AG : Prosecutors Who Wont Enforce Abortion Law  Have Violated Their Oath  ,20220608T011500Z,cnsnews.com,English,United States,False,unclassified
https://www.myplainview.com/news/article/Voters-weigh-fate-of-liberal-San-Francisco-17223978.php,San Francisco ousts liberal DA Chesa Boudin in heated recall,20220608T073000Z,myplainview.com,English,United States,True,unclassified
https://townhall.com/tipsheet/townhallcomstaff/2022/06/07/live-results-california-new-mexico-and-montana-primaries-n2608311,"LIVE RESULTS : California , New Mexico , and Montana Primaries",20220608T014500Z,townhall.com,English,United States,False,unclassified
https://pjmedia.com/news-and-politics/pj-media-staff/2022/06/07/live-results-primaries-in-seven-states-tonight-n1603760,LIVE RESULTS : Primaries in Seven States Tonight,20220608T000000Z,pjmedia.com,English,United States,False,unclassified
https://www.ktvu.com/news/bay-area-primary-election-results,Bay Area primary election results,20220608T073000Z,ktvu.com,English,United States,False,local
https://www.towleroad.com/2022/06/trump-ally-seeks-return-to-congress-california-votes-on-crime-in-u-s-midterm-primaries/,"Trump Ally Seeks Return To Congress , California Votes On Crime In U . S . Midterm Primaries",20220607T220000Z,towleroad.com,English,United States,False,unclassified
http://www.nydailynews.com/news/politics/new-york-elections-government/ny-nyc-mayor-eric-adams-manhattan-da-alvin-bragg-sf-recall-20220607-wgdrvxmkfffdvhteru5fv6dyka-story.html,"As SF decides on DA recall , NYC Mayor Adams declines to name names closer to home",20220607T234500Z,nydailynews.com,English,United States,True,unclassified
https://www.nytimes.com/interactive/2022/06/07/us/elections/results-california-us-house-district-34.html,California 34th Congressional District Primary Election Results,20220608T051500Z,nytimes.com,English,United States,False,national
https://www.nytimes.com/interactive/2022/06/07/us/elections/results-new-jersey-us-house-district-6.html,New Jersey Sixth Congressional District Primary Election Results,20220608T051500Z,nytimes.com,English,United States,False,national
https://www.inforum.com/news/national/trump-ally-seeks-return-to-congress-california-votes-on-crime-in-u-s-midterm-primaries,"Trump ally seeks return to Congress , California votes on crime in U . S . midterm primaries",20220608T004500Z,inforum.com,English,United States,False,unclassified
https://www.grandforksherald.com/news/national/trump-ally-seeks-return-to-congress-california-votes-on-crime-in-u-s-midterm-primaries,"Trump ally seeks return to Congress , California votes on crime in U . S . midterm primaries",20220608T014500Z,grandforksherald.com,English,United States,False,unclassified
https://www.msn.com/en-us/news/politics/primary-elections-2022-what-to-watch-for-during-tuesday-s-races/ar-AAYbWX0,Primary elections 2022 : What to watch for during Tuesday races,20220608T003000Z,msn.com,English,United States,False,unclassified
https://www.duluthnewstribune.com/news/national/trump-ally-seeks-return-to-congress-california-votes-on-crime-in-u-s-midterm-primaries,"Trump ally seeks return to Congress , California votes on crime in U . S . midterm primaries",20220608T010000Z,duluthnewstribune.com,English,United States,False,unclassified
https://www.postbulletin.com/news/national/trump-ally-seeks-return-to-congress-california-votes-on-crime-in-u-s-midterm-primaries,"Trump ally seeks return to Congress , California votes on crime in U . S . midterm primaries",20220608T020000Z,postbulletin.com,English,United States,False,unclassified
https://www.foxnews.com/politics/polls-close-california-primary-crime-key-issue,"Polls close in California , where crime is a key issue in primary showdowns",20220608T033000Z,foxnews.com,English,United States,False,national
http://www.msn.com/en-nz/news/us/as-s-f-decides-on-da-recall-nyc-mayor-adams-declines-to-name-names-closer-to-home/ar-AAYc8C7,"As S . F . decides on DA recall , NYC Mayor Adams declines to name names closer to home",20220607T224500Z,msn.com,English,United States,True,unclassified
https://www.sfchronicle.com/projects/2022/live-election-results/,California Primary Election Results June 2022 - San Francisco Chronicle,20220608T010000Z,sfchronicle.com,English,United States,False,local
https://www.msnbc.com/all-in/watch/chris-hayes-the-untold-truth-behind-the-san-francisco-recall-vote-141564997658,Chris Hayes : The untold truth behind the San Francisco recall vote,20220608T004500Z,msnbc.com,English,United States,True,unclassified
http://www.msn.com/en-us/news/crime/chesa-boudin-s-recall-election-in-san-francisco-is-about-so-much-more-than-one-prosecutor/ar-AAYc912,Chesa Boudin Recall Election in San Francisco Is About So Much More Than One Prosecutor,20220607T231500Z,msn.com,English,United States,True,unclassified
https://www.politico.com/newsletters/california-playbook-pm/2022/06/07/the-clock-ticks-down-on-primary-day-in-california-00037906,The clock ticks down on primary day in California,20220608T013000Z,politico.com,English,United States,False,national
https://www.siskiyoudaily.com/story/news/nation/california/2022/06/07/2022-election-results-san-francisco-distrtict-attorney-chesa-boudin-recall/7538836001/,California 2022 election results : Recall targets SF DA Chesa Boudin,20220607T233000Z,siskiyoudaily.com,English,United States,True,unclassified
https://www.washingtonpost.com/politics/2022/06/07/primaries-june-7-california-new-jersey/,Democratic divisions in California take center - stage in June 7 primaries,20220608T033000Z,washingtonpost.com,English,United States,False,national
https://www.vcstar.com/story/news/2022/06/07/california-primary-elections-2022-newsom-padilla-senate-governor-results-live-updates-calif-voters/9935003002/,"California primary 2022 : Newsom , Padilla , Senate , governor results",20220607T230000Z,vcstar.com,English,United States,False,unclassified
https://www.kcrw.com/news/articles/california-primary-results-who-will-advance-to-november,California primary results : Who will advance to November ? ,20220607T224500Z,kcrw.com,English,United States,False,unclassified
https://www.desertsun.com/story/news/2022/06/07/california-primary-elections-2022-newsom-padilla-senate-governor-results-live-updates-calif-voters/9935003002/,"California primary 2022 : Newsom , Padilla , Senate , governor results",20220607T233000Z,desertsun.com,English,United States,False,unclassified
https://www.nytimes.com/2022/06/07/us/politics/rick-caruso-karen-bass-la-mayor.html,Rick Caruso and Karen Bass Head for Runoff in Los Angeles Mayor Race,20220608T074500Z,nytimes.com,English,United States,False,national
https://localnews8.com/politics/cnn-us-politics/2022/06/07/how-to-follow-tuesdays-primary-election-2/,How to follow Tuesday primary election,20220607T234500Z,localnews8.com,English,United States,False,unclassified
https://www.pressdemocrat.com/article/news/2022-midterms-what-to-watch-in-primaries-in-7-states/,2022 midterms : What to watch in primaries in 7 states,20220608T014500Z,pressdemocrat.com,English,United States,False,unclassified
https://redstate.com/redstatestaff/2022/06/07/live-election-results-california-iowa-mississippi-montana-new-jersey-new-mexico-and-south-dakota-n575414,"LIVE ELECTION RESULTS : California , Iowa , Mississippi , Montana , New Jersey , New Mexico , and South Dakota",20220608T003000Z,redstate.com,English,United States,False,unclassified
https://www.wgal.com/article/june-7-primary-night/40222186,Live Updates : National coverage of June 7 primary night,20220608T051500Z,wgal.com,English,United States,False,unclassified
https://www.sfchronicle.com/sf/article/San-Francisco-propositions-Here-are-the-early-17226684.php,San Francisco propositions : Early results for local ballot measures,20220608T054500Z,sfchronicle.com,English,United States,False,local
http://www.msn.com/en-us/news/politics/voting-underway-in-californias-primary-election-with-low-turnout-its-been-slow/ar-AAYbCEE,Voting underway in California primary election with low turnout :  It been slow  ,20220607T224500Z,msn.com,English,United States,False,unclassified
https://www.kmbc.com/article/june-7-primary-night/40222186,Live Updates : National coverage of June 7 primary night,20220608T050000Z,kmbc.com,English,United States,False,unclassified
https://www.cnn.com/2022/06/08/politics/california-primary-takeaways/,"Takeaways from Tuesday primaries in California , Iowa and more",20220608T073000Z,cnn.com,English,United States,False,national
https://www.politico.com/news/2022/06/07/battleground-candidates-take-the-field-as-gop-drives-to-flip-the-house-00037952,Election results 2022 : House incumbents in danger in primaries,20220608T024500Z,politico.com,English,United States,False,national
https://hotair.com/john-s-2/2022/06/07/a-cab-driver-was-beaten-to-death-with-a-pipe-and-da-boudins-office-treated-it-as-an-accidental-death-n474600,A cab driver was beaten to death with a pipe and DA Boudin office treated it as an accidental death,20220607T213000Z,hotair.com,English,United States,True,unclassified
https://www.msn.com/en-us/news/politics/s-f-da-recalled-l-a-s-caruso-advances-as-democrats-tested-on-crime/ar-AAYcsOd,"S . F . DA recalled , L . A . Caruso advances as Democrats tested on crime",20220608T054500Z,msn.com,English,United States,True,unclassified
https://edition.cnn.com/webview/politics/live-news/june-7-primary-election-results,"Live primary election results : California , New Jersey and Iowa updates",20220608T040000Z,edition.cnn.com,English,United States,False,unclassified
https://www.visaliatimesdelta.com/story/news/2022/06/07/california-primary-elections-2022-newsom-padilla-senate-governor-results-live-updates-calif-voters/9935003002/,"California primary 2022 : Newsom , Padilla , Senate , governor results",20220607T224500Z,visaliatimesdelta.com,English,United States,False,unclassified
https://www.cnn.com/politics/live-news/june-7-primary-election-results/h_05b4f610b28b144c64beccb2f087dd33,CNN Projection : California Gov .  Gavin Newsom will advance to general election,20220608T050000Z,cnn.com,English,United States,False,national
https://www.msn.com/en-us/news/politics/desperate-for-change-voters-cast-ballots-in-californias-low-turnout-primary-election/ar-AAYbCEE,"Desperate for change , voters cast ballots in California low - turnout primary election",20220608T021500Z,msn.com,English,United States,False,unclassified
https://bearingarms.com/camedwards/2022/06/07/anti-gun-researcher-admits-background-checks-just-first-step-n59110,Anti - gun researcher admits background checks just first step,20220608T014500Z,bearingarms.com,English,United States,False,unclassified
https://townhall.com/columnists/bradslager/2022/06/07/washington-post-issues-suspension-for-writer-shows-its-warped-priorities-n2608368,Washington Post Issues a Suspension for One Writer and Shows Its Warped Sense of Priorities,20220608T020000Z,townhall.com,English,United States,False,unclassified
https://www.wicz.com/story/46644643/how-to-follow-tuesdays-primary-election,How to follow Tuesday primary election,20220607T230000Z,wicz.com,English,United States,False,unclassified
https://www.cnn.com/2022/06/07/politics/primary-elections-june-7-california-iowa/,Primary election : Voter unease over crime and inflation will be tested,20220607T234500Z,cnn.com,English,United States,False,national
https://www.yahoo.com/lifestyle/battleground-candidates-field-gop-drives-235120753.html,Battleground candidates take the field as GOP drives to flip the House,20220608T010000Z,yahoo.com,English,United States,False,unclassified
https://www.yahoo.com/now/battleground-candidates-field-gop-drives-235120753.html,House incumbents in danger in primaries,20220608T024500Z,yahoo.com,English,United States,False,unclassified
https://news.yahoo.com/battleground-candidates-field-gop-drives-235120753.html,Battleground candidates take the field as GOP drives to flip the House,20220608T001500Z,news.yahoo.com,English,United States,False,unclassified
https://www.newsweek.com/californias-urban-revolt-boosts-rick-caruso-fires-san-francisco-da-1713711,"California Urban Revolt Boosts Rick Caruso , Fires San Francisco DA",20220608T053000Z,newsweek.com,English,United States,False,national
https://kvia.com/your-voice-your-vote/politics/cnn-us-politics/2022/06/07/an-iowa-surprise-and-low-turnout-in-tuesdays-primaries-illustrate-an-unsettled-environment-for-democrats/,An Iowa surprise and low turnout in Tuesday primaries illustrate an unsettled environment for Democrats,20220608T070000Z,kvia.com,English,United States,False,unclassified
https://krdo.com/politics/cnn-us-politics/2022/06/07/tuesdays-primaries-will-measure-voter-unease-over-crime-and-inflation/,An Iowa surprise and low turnout in Tuesday primaries illustrate an unsettled environment for Democrats,20220608T034500Z,krdo.com,English,United States,False,unclassified
https://www.cnn.com/politics/live-news/june-7-primary-election-results/h_b0cb196ca59e27c90230a60e2e673797,An hour - by - hour guide to tonight primaries,20220608T004500Z,cnn.com,English,United States,False,national
https://www.kitv.com/news/national/signs-of-low-turnout-in-tuesdays-primaries-present-warning-for-democrats/article_0fb966fa-b1c0-5623-a059-6c26ce6e6c10.html,Signs of low turnout in Tuesday primaries present warning for Democrats,20220608T021500Z,kitv.com,English,United States,False,unclassified
https://www.thedickinsonpress.com/news/national/trump-ally-seeks-return-to-congress-california-votes-on-crime-in-u-s-midterm-primaries,"Trump ally seeks return to Congress , California votes on crime in U . S . midterm primaries",20220607T224500Z,thedickinsonpress.com,English,United States,False,unclassified
https://www.brainerddispatch.com/news/national/trump-ally-seeks-return-to-congress-california-votes-on-crime-in-u-s-midterm-primaries,"Trump ally seeks return to Congress , California votes on crime in U . S . midterm primaries",20220607T224500Z,brainerddispatch.com,English,United States,False,unclassified
https://www.jamestownsun.com/news/national/trump-ally-seeks-return-to-congress-california-votes-on-crime-in-u-s-midterm-primaries,"Trump ally seeks return to Congress , California votes on crime in U . S . midterm primaries",20220607T223000Z,jamestownsun.com,English,United States,False,unclassified
https://www.wctrib.com/news/national/trump-ally-seeks-return-to-congress-california-votes-on-crime-in-u-s-midterm-primaries,"Trump ally seeks return to Congress , California votes on crime in U . S . midterm primaries",20220607T231500Z,wctrib.com,English,United States,False,unclassified
https://www.bemidjipioneer.com/news/national/trump-ally-seeks-return-to-congress-california-votes-on-crime-in-u-s-midterm-primaries,"Trump ally seeks return to Congress , California votes on crime in U . S . midterm primaries",20220607T233000Z,bemidjipioneer.com,English,United States,False,unclassified
https://www.mitchellrepublic.com/news/national/trump-ally-seeks-return-to-congress-california-votes-on-crime-in-u-s-midterm-primaries,"Trump ally seeks return to Congress , California votes on crime in U . S . midterm primaries",20220608T014500Z,mitchellrepublic.com,English,United States,False,unclassified
https://www.wicz.com/story/46645414/an-iowa-surprise-and-low-turnout-in-tuesdays-primaries-illustrate-an-unsettled-environment-for-democrats,An Iowa surprise and low turnout in Tuesday primaries illustrate an unsettled environment for Democrats,20220608T040000Z,wicz.com,English,United States,False,unclassified
https://www.shorenewsnetwork.com/2022/06/07/trump-allies-win-in/,"Trump allies win in South Dakota , lead in Montana midterm primaries",20220608T044500Z,shorenewsnetwork.com,English,United States,False,unclassified
https://www.vvdailypress.com/story/news/2022/06/07/california-primary-elections-2022-newsom-padilla-senate-governor-results-live-updates-calif-voters/9935003002/,"California primary 2022 : Newsom , Padilla , Senate , governor results",20220607T214500Z,vvdailypress.com,English,United States,False,unclassified
https://www.wvgazettemail.com/opinion/op_ed_commentaries/hoppy-kercheval-police-put-their-lives-on-the-line-for-us-opinion/article_1bf9e3fd-6841-5172-8cd2-e9cb1364f030.html,Hoppy Kercheval : Police put their lives on the line for us ( Opinion ) ,20220608T004500Z,wvgazettemail.com,English,United States,False,unclassified
https://www.siskiyoudaily.com/story/news/2022/06/07/california-primary-elections-2022-newsom-padilla-senate-governor-results-live-updates-calif-voters/9935003002/,"California primary 2022 : Newsom , Padilla , Senate , governor results",20220607T233000Z,siskiyoudaily.com,English,United States,False,unclassified
https://www.redding.com/story/news/2022/06/07/california-primary-elections-2022-newsom-padilla-senate-governor-results-live-updates-calif-voters/9935003002/,"California election results 2022 : Newsom , Padilla , Senate , governor",20220608T000000Z,redding.com,English,United States,False,unclassified
https://www.vvdailypress.com/story/news/2022/06/07/california-primary-election-2022-results-san-bernardino-county-sheriff-prop-z-state-us-races-live/7477114001/,California primary election 2022 results : San Bernardino County races,20220607T214500Z,vvdailypress.com,English,United States,False,unclassified
https://www.shorenewsnetwork.com/2022/06/08/trump-ally-kristi-noem/,"Trump ally Kristi Noem wins in South Dakota , Montana midterm primary a tight race",20220608T074500Z,shorenewsnetwork.com,English,United States,False,unclassified
https://www.wapt.com/article/june-7-primary-night/40222186,Live Updates : National coverage of June 7 primary night,20220608T050000Z,wapt.com,English,United States,False,unclassified
https://www.kdrv.com/news/the-gop-drive-to-install-thousands-of-poll-workers-sets-off-alarms/article_266f164d-8270-5708-a84f-df3142d46091.html,The GOP drive to install thousands of poll workers sets off alarms,20220607T221500Z,kdrv.com,English,United States,False,unclassified
https://www.my9nj.com/news/2022-midterms-primaries-shift-focus-to-control-of-us-house,2022 midterms : Primaries shift focus to control of US House,20220607T230000Z,my9nj.com,English,United States,False,unclassified
https://abc17news.com/news/2022/06/07/tuesdays-primaries-will-measure-voter-unease-over-crime-and-inflation/,Tuesday primaries will measure voter unease over crime and inflation,20220607T230000Z,abc17news.com,English,United States,False,unclassified
https://kyma.com/decision-2022/2022/06/07/signs-of-low-turnout-in-tuesdays-primaries-present-warning-for-democrats/,Signs of low turnout in Tuesday primaries present warning for Democrats,20220608T024500Z,kyma.com,English,United States,False,unclassified
https://www.powerlineblog.com/archives/2022/06/boudin-booted.php,Boudin booted,20220608T120000Z,powerlineblog.com,English,United States,True,national
https://www.foxnews.com/media/twitter-reacts-progressive-da-chesa-boudin-being-ousted-san-fran-recall,Twitter reacts to progressive DA Chesa Boudin being ousted in San Fran recall : sign of  red wave coming  ,20220608T151500Z,foxnews.com,English,United States,True,national
https://www.washingtontimes.com:443/news/2022/jun/8/san-francisco-leftist-chesa-boudin-buh-bye/,San Francisco to leftist Chesa Boudin : Buh - bye ! ,20220608T133000Z,washingtontimes.com,English,United States,True,national
https://www.9and10news.com/i/san-francisco-ousts-progressive-district-attorney-chesa-boudin-in-heated-recall-that-divided-democrats-over-crime/,San Francisco ousts progressive District Attorney Chesa Boudin in heated recall that divided Democrats over crime,20220608T080000Z,9and10news.com,English,United States,True,national
https://www.foxnews.com/media/chesa-boudin-recalled-gascon-next-hatami,"Chesa Boudin reign is over , George Gascon should be next , says LA deputy DA",20220608T173000Z,foxnews.com,English,United States,True,national
https://www.sfchronicle.com/election/article/Biden-says-election-results-show-a-need-to-do-17227980.php,Biden says election results show a need to  do something about crime  ,20220608T180000Z,sfchronicle.com,English,United States,False,local
https://www.sfgate.com/elections/article/SF-DA-Chesa-Boudin-recalled-17225308.php,SF DA Chesa Boudin just got recalled . What happens now ? ,20220608T114500Z,sfgate.com,English,United States,True,local
https://abcnews.go.com/Politics/key-takeaways-jan-primaries/story?id=85166628,Key takeaways from the June 7 primaries,20220608T181500Z,abcnews.go.com,English,United States,False,national
https://www.breitbart.com/politics/2022/06/08/after-chesa-boudin-recall-george-gascon-will-be-walking-the-same-plank-critics-say/,"After Chesa Boudin Recall , George Gascón Will Be  Walking the Same Plank , Critics Say",20220608T144500Z,breitbart.com,English,United States,True,national
https://townhall.com/tipsheet/spencerbrown/2022/06/08/san-francisco-da-chesa-boudin-recalled-n2608388,San Francisco Voters Say  Youre Fired  to Woke DA Chesa Boudin,20220608T113000Z,townhall.com,English,United States,True,unclassified
https://www.nbcbayarea.com/decision-2022/san-francisco-community-reacts-to-district-attorney-chesa-boudin-recall/2913487/,San Francisco Community Reacts to District Attorney Chesa Boudin Recall,20220608T091500Z,nbcbayarea.com,English,United States,True,local
https://www.sfgate.com/elections/article/SF-neighborhoods-where-Pelosi-got-least-votes-17226501.php,The SF neighborhoods Nancy Pelosi performed the worst in,20220608T154500Z,sfgate.com,English,United States,False,local
https://sentencing.typepad.com/sentencing_law_and_policy/2022/06/san-francisco-voters-recall-progressive-prosecutor-chesa-boudin-by-a-large-margin-.html,Sentencing Law and Policy : San Francisco voters recall progressive prosecutor Chesa Boudin by a large margin,20220608T140000Z,sentencing.typepad.com,English,United States,True,unclassified
https://lasvegassun.com/news/2022/jun/07/san-francisco-ousts-liberal-da-chesa-boudin-in-hea/,San Francisco ousts liberal DA Chesa Boudin in heated recall,20220608T081500Z,lasvegassun.com,English,United States,True,unclassified
https://www.chron.com/news/article/Alert-San-Francisco-ousts-progressive-District-17226680.php,Alert : San Francisco ousts progressive District Attorney Chesa Boudin in heated recall that divided Democrats over crime,20220608T083000Z,chron.com,English,United States,True,unclassified
https://www.sfgate.com/news/article/Alert-San-Francisco-ousts-progressive-District-17226680.php,Alert : San Francisco ousts progressive District Attorney Chesa Boudin in heated recall that divided Democrats over crime,20220608T100000Z,sfgate.com,English,United States,True,local
https://www1.cbn.com/cbnnews/politics/2022/june/san-francisco-recalls-liberal-da-chesa-boudin,San Francisco Recalls Liberal DA Chesa Boudin,20220608T101500Z,cbn.com,English,United States,True,unclassified
https://www.sfgate.com/elections/article/SF-neighborhoods-most-in-favor-of-recall-17226464.php,SF neighborhoods most in favor of the Chesa Boudin recall,20220608T143000Z,sfgate.com,English,United States,True,local
https://balloon-juice.com/an-ambassador-for-his-country/,An Ambassador for his Country,20220608T123000Z,balloon-juice.com,English,United States,False,unclassified
https://www.foxnews.com/media/san-francisco-district-attorney-chesa-boudin-recall-richie-greenberg-bittersweet-victory,Recall Chesa Boudin founder says successful ousting a  bittersweet victory : We didnt want to have to do this,20220608T154500Z,foxnews.com,English,United States,True,national
http://www.msn.com/en-us/news/world/progressive-san-francisco-da-recalled-by-voters-in-one-of-nations-most-liberal-cities/ar-AAYcvXo,Progressive San Francisco DA recalled by voters in one of nation most liberal cities,20220608T153000Z,msn.com,English,United States,True,unclassified
https://www.bizpacreview.com/2022/06/08/good-riddance-bitter-san-fran-da-chesa-boudin-blames-right-wing-billionaires-for-recall-ouster-1247791/,  Good riddance : Bitter San Fran DA Chesa Boudin blames  right - wing billionaire for recall ouster,20220608T173000Z,bizpacreview.com,English,United States,True,unclassified
https://www.oann.com/san-francisco-recalls-district-attorney-chesa-boudin/,San Francisco recalls District Attorney Chesa Boudin,20220608T170000Z,oann.com,English,United States,True,unclassified
https://hotair.com/ed-morrissey/2022/06/08/nyt-wapo-by-golly-we-think-urban-voters-might-be-unhappy-with-crime-n474859,"NYT , WaPo : By golly , we think urban voters might be unhappy with crime",20220608T174500Z,hotair.com,English,United States,False,unclassified
https://www.sfchronicle.com/opinion/editorials/article/Editorial-No-California-didn-t-just-send-a-17228039.php,"Editorial : No , California didnt just send a message on crime",20220608T180000Z,sfchronicle.com,English,United States,False,local
http://www.msn.com/en-us/news/us/why-some-voters-are-trying-to-recall-san-francisco-s-progressive-da/ar-AAYblLu,Why some voters are trying to recall San Francisco progressive DA,20220608T143000Z,msn.com,English,United States,True,unclassified
https://www.foxnews.com/politics/ousting-chesa-boudin-san-francisco-progressive-da-bittersweet-recall-activist-says,"Ousting Chesa Boudin , San Francisco progressive DA , is  bittersweet , recall activist says",20220608T154500Z,foxnews.com,English,United States,True,national
https://www.foxnews.com/media/atlantic-essay-san-franciscos-leftist-policies-boudin-recall,"The Atlantic essay blasts San Francisco leftist policies , says citizens waking up with Boudin recall",20220608T181500Z,foxnews.com,English,United States,True,national
http://www.msn.com/en-us/news/us/san-francisco-votes-overwhelmingly-to-recall-progressive-da-chesa-boudin/ar-AAYcR2P,San Francisco votes overwhelmingly to recall progressive DA Chesa Boudin,20220608T093000Z,msn.com,English,United States,True,unclassified
https://www.foxnews.com/us/california-george-gascon-deal-audio-gang,California gang member pushes for plea deal ahead of potential Gascon recall,20220608T164500Z,foxnews.com,English,United States,True,national
https://www.realclearpolitics.com/articles/2022/06/08/will_boudins_recall_reverberate_across_the_nation_147712.html,Will Boudin Recall Reverberate Across the Nation ? ,20220608T124500Z,realclearpolitics.com,English,United States,True,national
https://www.cbsnews.com/news/chesa-boudin-san-francisco-progressive-da-recall-results/,San Francisco votes overwhelmingly to recall progressive DA Chesa Boudin,20220608T083000Z,cbsnews.com,English,United States,True,national
https://www.cbsnews.com/news/chesa-boudin-san-francisco-da-recalled/,San Francisco votes overwhelmingly to recall progressive DA Chesa Boudin,20220608T121500Z,cbsnews.com,English,United States,True,national
https://hanfordsentinel.com/opinion/columnists/california-voters-just-not-interested-this-year-dan-walters/article_7bae6e3c-b2b2-5b1b-a3ee-a00d3d60698d.html,California voters just not interested this year | Dan Walters,20220608T180000Z,hanfordsentinel.com,English,United States,False,unclassified
https://www.washingtonpost.com/politics/2022/06/08/california-offers-warning-democrats-how-big-is-it/,California offers a warning to Democrats . But how big is it ? ,20220608T171500Z,washingtonpost.com,English,United States,False,national
http://www.msn.com/en-us/news/crime/california-gang-member-pushes-for-plea-deal-ahead-of-potential-gascon-recall/ar-AAYdvvI,California gang member pushes for plea deal ahead of potential Gascon recall,20220608T170000Z,msn.com,English,United States,True,unclassified
https://www.msn.com/en-us/news/us/these-san-francisco-neighborhoods-were-most-in-favor-of-the-chesa-boudin-recall/ar-AAYdKzx,These San Francisco neighborhoods were most in favor of the Chesa Boudin recall,20220608T141500Z,msn.com,English,United States,True,unclassified
http://www.msn.com/en-us/news/world/how-chesa-boudin-lost-san-francisco-da-resoundingly-recalled-for-failing-to-get-a-grip-on-crime-and-disorder/ar-AAYdG0T,How Chesa Boudin lost San Francisco : DA resoundingly recalled for failing to get a grip on crime and disorder,20220608T143000Z,msn.com,English,United States,True,unclassified
https://www.visaliatimesdelta.com/story/news/nation/california/2022/06/07/2022-election-results-san-francisco-distrtict-attorney-chesa-boudin-recall/7538836001/,California 2022 election results : Recall targets SF DA Chesa Boudin,20220608T124500Z,visaliatimesdelta.com,English,United States,True,unclassified
https://www.10news.com/news/national/san-francisco-ousts-liberal-da-chesa-boudin-in-heated-recall,San Francisco ousts liberal DA Chesa Boudin in heated recall,20220608T140000Z,10news.com,English,United States,True,unclassified
http://www.msn.com/en-us/news/world/chesa-boudin-son-of-infamous-60s-radical-ousted-as-san-francisco-district-attorney-in-recall-vote/ar-AAYdWXq,"Chesa Boudin , son of infamous  60s radical , ousted as San Francisco district attorney in recall vote",20220608T153000Z,msn.com,English,United States,True,unclassified
http://www.nydailynews.com/news/politics/us-elections-government/ny-election-2022-san-francisco-da-chesa-boudin-recalled-20220608-d7tl3hzsmbhz3ihp4ia4yu42ly-story.html,San Francisco District Attorney Chesa Boudin was recalled by the voters in Tuesday election,20220608T181500Z,nydailynews.com,English,United States,True,unclassified
https://www.ksby.com/news/national/san-francisco-ousts-liberal-da-chesa-boudin-in-heated-recall,San Francisco ousts liberal DA Chesa Boudin in heated recall,20220608T131500Z,ksby.com,English,United States,True,unclassified
https://chicago.suntimes.com/2022/6/8/23159653/chesa-boudin-san-francisco-da-recall,"Chesa Boudin , raised by radicals in Hyde Park , ousted as San Francisco DA in heated recall",20220608T160000Z,chicago.suntimes.com,English,United States,True,unclassified
https://abcnews.go.com/Politics/wireStory/san-francisco-ousts-liberal-da-chesa-boudin-heated-85252508,San Francisco ousts liberal DA Chesa Boudin in heated recall,20220608T173000Z,abcnews.go.com,English,United States,True,national
https://www.pbs.org/newshour/politics/san-francisco-recalls-progressive-prosecutor-chesa-boudin,San Francisco recalls progressive prosecutor Chesa Boudin,20220608T170000Z,pbs.org,English,United States,True,unclassified
https://www.nytimes.com/live/2022/06/08/us/midterm-primary-elections,Midterm Primary Elections : News and Updates - The New York Times,20220608T133000Z,nytimes.com,English,United States,False,national
https://www.msn.com/en-gb/news/world/san-francisco-prosecutor-booted-out-by-voters-in-liberal-west-coast-city-for-being-too-left-wing/ar-AAYd0Ef,San Francisco prosecutor booted out by voters in liberal West Coast city for being too Left - wing,20220608T083000Z,msn.com,English,United States,False,unclassified
http://www.msn.com/en-nz/news/world/san-francisco-prosecutor-booted-out-by-voters-for-being-too-left-wing/ar-AAYd0Ef,San Francisco prosecutor booted out by voters for being too Left - wing,20220608T091500Z,msn.com,English,United States,False,unclassified
https://www.stltoday.com/news/national/san-francisco-ousts-liberal-da-chesa-boudin-in-heated-recall/article_7f67af33-14eb-55d6-8a83-b8c89b4ee579.html,San Francisco ousts liberal DA Chesa Boudin in heated recall,20220608T081500Z,stltoday.com,English,United States,True,unclassified
https://hannity.com/media-room/kicking-chesa-to-the-curb-da-loses-recall-election-too-woke-for-san-fran/,"KICKING CHESA TO THE CURB : DA Loses Recall Election , Too Woke for San Fran , Murders Up 11 % ",20220608T144500Z,hannity.com,English,United States,True,unclassified
https://www.wandtv.com/news/national/san-francisco-ousts-liberal-da-chesa-boudin-in-heated-recall/article_7d817d78-2adc-5172-b4cc-b866a7e78176.html,San Francisco ousts liberal DA Chesa Boudin in heated recall,20220608T083000Z,wandtv.com,English,United States,True,unclassified
https://wtvbam.com/2022/06/08/san-francisco-district-attorney-chesa-boudin-recalled/,San Francisco District Attorney Chesa Boudin recalled,20220608T083000Z,wtvbam.com,English,United States,True,unclassified
https://kfgo.com/2022/06/07/san-francisco-district-attorney-chesa-boudin-recalled/,San Francisco District Attorney Chesa Boudin recalled,20220608T091500Z,kfgo.com,English,United States,True,unclassified
https://wsau.com/2022/06/07/san-francisco-district-attorney-chesa-boudin-recalled/,San Francisco District Attorney Chesa Boudin recalled,20220608T091500Z,wsau.com,English,United States,True,unclassified
https://whtc.com/2022/06/08/san-francisco-district-attorney-chesa-boudin-recalled/,San Francisco District Attorney Chesa Boudin recalled,20220608T090000Z,whtc.com,English,United States,True,unclassified
https://wkzo.com/2022/06/08/san-francisco-district-attorney-chesa-boudin-recalled/,San Francisco District Attorney Chesa Boudin recalled,20220608T090000Z,wkzo.com,English,United States,True,unclassified
https://wabx.net/2022/06/07/san-francisco-district-attorney-chesa-boudin-recalled/,San Francisco District Attorney Chesa Boudin recalled,20220608T084500Z,wabx.net,English,United States,True,unclassified
https://kelo.com/2022/06/07/san-francisco-district-attorney-chesa-boudin-recalled/,San Francisco District Attorney Chesa Boudin recalled,20220608T080000Z,kelo.com,English,United States,True,unclassified
https://www.zerohedge.com/political/san-francisco-ousts-soros-backed-uber-progressive-da-recall-vote,San Francisco Ousts Soros - Backed Uber - Progressive DA In Recall Vote,20220608T130000Z,zerohedge.com,English,United States,True,unclassified
https://www.azcentral.com/story/opinion/op-ed/philboas/2022/06/08/san-francisco-voters-boot-extremists-chesa-boudin/7554050001/,San Francisco voters just said  to hell with the extremists  ,20220608T173000Z,azcentral.com,English,United States,False,unclassified
https://www.thestranger.com/slog-am/2022/06/08/74808256/covid-surging-once-again-san-francisco-recalls-progressive-da-and-wa-gives-students-a-break,"COVID Surging Once Again , San Francisco Recalls Progressive DA , and WA Gives Students a Break",20220608T160000Z,thestranger.com,English,United States,True,unclassified
https://www.foxnews.com/politics/primary-takeaways-crime-california-deal-blow-criminal-justice-reform,Primary takeaways : Crime concerns in California deal blow to criminal justice reform push,20220608T164500Z,foxnews.com,English,United States,False,national
https://abcnews.go.com/Politics/gun-debate-approaches-now-moment-note/story?id=85239852,Gun debate approaches now - or - never moment : The Note,20220608T104500Z,abcnews.go.com,English,United States,False,national
https://www.infowars.com/posts/san-francisco-ousts-soros-backed-uber-progressive-da-in-recall-vote/,San Francisco Ousts Soros - Backed Uber - Progressive DA In Recall Vote,20220608T163000Z,infowars.com,English,United States,True,unclassified
https://www.usatoday.com/videos/news/nation/2022/06/08/san-francisco-recalls-liberal-da-chesa-boudin/7552445001/,San Francisco recalls liberal DA Chesa Boudin,20220608T164500Z,usatoday.com,English,United States,True,national
https://freebeacon.com/democrats/the-broken-windows-election/,The Broken Windows Election - Washington Free Beacon,20220608T083000Z,freebeacon.com,English,United States,False,unclassified
https://townhall.com/tipsheet/spencerbrown/2022/06/08/democrats-boudin-lost-because-san-francisco-is-actually-a-conservative-stronghol-n2608398,Democrats : Boudin Lost Because San Francisco Is Actually a Conservative Stronghold,20220608T154500Z,townhall.com,English,United States,True,unclassified
https://www.redding.com/story/news/nation/california/2022/06/07/2022-election-results-san-francisco-distrtict-attorney-chesa-boudin-recall/7538836001/,California 2022 election results : Recall targets SF DA Chesa Boudin,20220608T091500Z,redding.com,English,United States,True,unclassified
https://www.dailyrepublic.com/all-dr-news/opinion/local-opinion-columnists/calmatters-commentary-california-voters-just-not-interested-this-year/,CalMatters Commentary : California voters just not interested this year,20220608T150000Z,dailyrepublic.com,English,United States,False,unclassified
https://santamariatimes.com/news/local/state-and-regional/california-voters-just-not-interested-this-year-dan-walters/article_aff89fcc-91b7-564e-81a3-347891e5f284.html,California voters just not interested this year | Dan Walters,20220608T160000Z,santamariatimes.com,English,United States,False,unclassified
https://lompocrecord.com/opinion/columnists/california-voters-just-not-interested-this-year-dan-walters/article_808a99e6-f66f-5f7f-9cca-880c0f6d4665.html,California voters just not interested this year | Dan Walters,20220608T171500Z,lompocrecord.com,English,United States,False,unclassified
https://www.ivpressonline.com/open/opinion-california-voters-just-not-interested-this-year/article_b2b231ae-e695-11ec-8e29-33392b27b975.html,OPINION : California voters just not interested this year,20220608T120000Z,ivpressonline.com,English,United States,False,unclassified
https://cnsnews.com/article/national/susan-jones/san-franciscans-recall-leftist-boudin-who-says-we-have-already-won,"San Franciscans Recall Leftist Boudin , Who Says ,  We Have Already Won  ",20220608T153000Z,cnsnews.com,English,United States,True,unclassified
https://www.cnsnews.com/article/national/susan-jones/san-franciscans-recall-leftist-boudin-who-says-we-have-already-won,"San Franciscans Recall Leftist Boudin , Who Says ,  We Have Already Won  ",20220608T131500Z,cnsnews.com,English,United States,True,unclassified
https://www.npr.org/2022/06/08/1103658276/what-to-look-out-for-during-californias-primary,What to look out for during California primary,20220608T134500Z,npr.org,English,United States,False,unclassified
https://hotair.com/headlines/2022/06/08/auto-draft-578-n474788,San Francisco voters oust DA Chesa Boudin over soft - on - crime policies,20220608T131500Z,hotair.com,English,United States,True,unclassified
https://www.latimes.com/california/story/2022-06-08/did-california-voters-really-rebuke-the-left-on-election-day,Did California voters really rebuke the left on election day ? Not exactly,20220608T154500Z,latimes.com,English,United States,False,national
https://www.vox.com/2022/6/8/23159409/winners-and-losers-california-iowa-mississippi-montana-new-jersey-new-mexico-south-dakota-primaries,"Winners and losers from the California , Iowa , Mississippi , Montana , New Jersey , New Mexico and South Dakota primaries",20220608T134500Z,vox.com,English,United States,False,national
https://www.capeandislands.org/2022-06-08/what-to-look-out-for-during-californias-primary,What to look out for during California primary,20220608T123000Z,capeandislands.org,English,United States,False,unclassified
https://www.washingtonpost.com/opinions/2022/06/08/chesa-boudin-recall-san-francisco-crime/,Opinion | Boudin recall proves Democrats have lost the public trust on crime,20220608T111500Z,washingtonpost.com,English,United States,True,national
https://www.abajournal.com/news/article/progressive-san-francisco-da-is-recalled-he-blames-big-spending-by-right-wing-billionaires,Progressive San Francisco DA is recalled ; he notes big spending by  right - wing billionaires  ,20220608T153000Z,abajournal.com,English,United States,True,unclassified
https://www.sfexaminer.com/news/da-chesa-boudin-sees-victory-in-san-francisco-recall-defeat/article_14ee94a6-e6f1-11ec-a66e-2fa670a5627f.html,DA Chesa Boudin sees  victory  in San Francisco recall defeat,20220608T111500Z,sfexaminer.com,English,United States,True,local
https://sfist.com/2022/06/08/san-francisco-voters-recall-da-chesa-boudin/,San Francisco Voters Recall DA Chesa Boudin and Everyone Including Ann Coulter Has Something to Say About It,20220608T174500Z,sfist.com,English,United States,True,local
https://hotair.com/jazz-shaw/2022/06/08/chesa-boudins-exit-creates-the-democrats-law-and-order-priority-n474773,Chesa Boudin exit creates the Democrat  law and order priority  ,20220608T131500Z,hotair.com,English,United States,True,unclassified
https://www.cnn.com/politics/live-news/june-7-primary-election-results/h_cc725b40fcfa38e39248ffa443298715,Boudin ouster : National message or a San Francisco story ? ,20220608T111500Z,cnn.com,English,United States,True,national
https://www.nvdaily.com/associated_press_national/san-francisco-ousts-liberal-da-chesa-boudin-in-heated-recall/article_1692c1b4-a141-5eb4-aa6a-b859dd37cb3c.html,San Francisco ousts liberal DA Chesa Boudin in heated recall,20220608T083000Z,nvdaily.com,English,United States,True,unclassified
https://www.tdtnews.com/news/article_cb1ef1fa-e730-11ec-9e71-470bdb2de645.html,San Francisco ousts liberal DA Chesa Boudin in heated recall,20220608T170000Z,tdtnews.com,English,United States,True,unclassified
https://www.fbherald.com/news/san-francisco-ousts-liberal-da-chesa-boudin-in-heated-recall/article_003beafd-91d9-5f4a-bbde-c82826f67763.html,San Francisco ousts liberal DA Chesa Boudin in heated recall,20220608T080000Z,fbherald.com,English,United States,True,unclassified
https://www.oskaloosa.com/news/national_news/san-francisco-ousts-liberal-da-chesa-boudin-in-heated-recall/article_021b242d-8352-5a47-9a23-89348958af93.html,San Francisco ousts liberal DA Chesa Boudin in heated recall,20220608T140000Z,oskaloosa.com,English,United States,True,unclassified
https://www.independentsentinel.com/pro-criminal-chesa-boudin-recalled-in-furthest-left-us-city/,Pro - Criminal Chesa Boudin Recalled in Furthest Left US City,20220608T141500Z,independentsentinel.com,English,United States,True,unclassified
https://www.foxla.com/news/la-deputy-da-warns-gascon-youre-next,LA Deputy DA warns Gascón :  Youre next  ,20220608T170000Z,foxla.com,English,United States,False,unclassified
https://www.dailyrepublic.com/all-dr-news/wires/state-nation-world/progressive-san-francisco-d-a-chesa-boudin-headed-toward-recall/,Progressive San Francisco D . A . Chesa Boudin headed toward recall,20220608T100000Z,dailyrepublic.com,English,United States,True,unclassified
https://www.politico.com/newsletters/playbook/2022/06/08/a-bad-night-for-california-progressives-and-donald-trump-00038017,POLITICO Playbook : A bad night for California progressives and Donald Trump,20220608T113000Z,politico.com,English,United States,False,national
https://www.nbcnews.com/meet-the-press/first-read/mcconaughey-steps-void-gun-violence-public-sours-politicians-rcna32491,McConaughey steps into the void on gun violence as public sours on politicians,20220608T134500Z,nbcnews.com,English,United States,False,national
https://news.yahoo.com/did-california-voters-really-rebuke-145949606.html,Did California voters really rebuke the left on election day ? Not exactly,20220608T154500Z,news.yahoo.com,English,United States,False,unclassified
https://www.nbcbayarea.com/tag/election/,Tag : election – NBC Bay Area,20220608T141500Z,nbcbayarea.com,English,United States,False,local
https://www.tonyskansascity.com/2022/06/kansas-city-midweek-turnaround-locals.html,Kansas City Midweek Turnaround : Locals Powerless Amid Worsening Economy,20220608T174500Z,tonyskansascity.com,English,United States,False,unclassified
https://dailycaller.com/2022/06/08/jim-kessler-warns-progressive-democrats-losing-midterms/,Major Dem Strategist Sends Stark Warning To Party After String Of Losses,20220608T160000Z,dailycaller.com,English,United States,False,national
https://www.nytimes.com/2022/06/08/us/california-primary-election.html,Takeaways from the June 7 California Primary Election,20220608T164500Z,nytimes.com,English,United States,False,national
https://www.theatlantic.com/politics/archive/2022/06/california-sf-la-primary-election-democrats-crime/661216/,California Primary : Is This the End of the George Floyd Moment ? ,20220608T164500Z,theatlantic.com,English,United States,False,national
https://www.sandiegouniontribune.com/news/politics/story/2022-06-08/san-francisco-district-attorney-recalled-l-a-s-caruso-advances-as-democrats-tested-on-crime,"San Francisco District Attorney recalled , L . A . Caruso advances as Democrats tested on crime",20220608T140000Z,sandiegouniontribune.com,English,United States,True,unclassified
https://www.washingtonexaminer.com/opinion/what-were-they-thinking,What were they thinking ? ,20220608T174500Z,washingtonexaminer.com,English,United States,False,unclassified
https://freebeacon.com/democrats/report-soros-prosecutors-run-half-of-americas-largest-jurisdictions/,Report : Soros Prosecutors Run Half of America Largest Jurisdictions,20220608T133000Z,freebeacon.com,English,United States,False,unclassified
https://www.forbes.com/sites/siladityaray/2022/06/08/san-francisco-recalls-progressive-da-chesa-boudin-billionaire-caruso-advances-in-los-angeles-mayoral-race/,"San Francisco Recalls Progressive DA Chesa Boudin , Billionaire Caruso Advances In Los Angeles Mayoral Race",20220608T090000Z,forbes.com,English,United States,True,unclassified
https://www.foxnews.com/us/san-fran-recall-progressive-da,"San Fran voters recall progressive DA , McConaughey opens up about visiting Uvalde and more top headlines",20220608T111500Z,foxnews.com,English,United States,True,national
https://www.msn.com/en-us/news/politics/worries-over-crime-haunt-democrats-ahead-of-the-midterm-elections/ar-AAYebMS,Worries over crime haunt Democrats ahead of the midterm elections,20220608T181500Z,msn.com,English,United States,False,unclassified
https://www.gopusa.com/pro-criminal-da-ousted-as-sf-recalls-chesa-boudin/,Pro - criminal DA ousted as SF recalls Chesa Boudin,20220608T143000Z,gopusa.com,English,United States,True,unclassified
https://www.democracynow.org/2022/6/8/san_francisco_da_recall_chesa_boudin,Billionaire Democracy ? San Francisco DA Chesa Boudin Ousted in Recall & L . A . Mayor Race Heads to Runoff,20220608T174500Z,democracynow.org,English,United States,True,unclassified
https://www.kcci.com/article/takeaways-from-tuesday-june-7-primaries/40224292,Takeaways from Tuesday primaries,20220608T103000Z,kcci.com,English,United States,False,unclassified
https://www.cincinnati.com/story/news/politics/2022/06/07/primary-results-california-iowa-nj-midterms/7522183001/,"Primary elections 2022 : Recap of California , Iowa , NJ races",20220608T140000Z,cincinnati.com,English,United States,False,unclassified
https://freerepublic.com/tag/*/index?more=4069532,Latest Articles,20220608T161500Z,freerepublic.com,English,United States,False,national
https://freerepublic.com/tag/*/index?more=4069536,Latest Articles,20220608T163000Z,freerepublic.com,English,United States,False,national
https://freerepublic.com/tag/*/index?more=4069546,Latest Articles,20220608T170000Z,freerepublic.com,English,United States,False,national
https://www.latimes.com/california/newsletter/2022-06-08/california-politics-newsletter-primary-post-mortem-ca-politics,California Politics : A primary election postmortem,20220608T171500Z,latimes.com,English,United States,False,national
https://www.wcvb.com/article/takeaways-from-tuesday-june-7-primaries/40224292,Takeaways from Tuesday primaries,20220608T113000Z,wcvb.com,English,United States,False,unclassified
https://www.koat.com/article/takeaways-from-tuesday-june-7-primaries/40224292,Takeaways from Tuesday primaries,20220608T110000Z,koat.com,English,United States,False,unclassified
https://www.wxii12.com/article/takeaways-from-tuesday-june-7-primaries/40224292,Takeaways from Tuesday primaries,20220608T124500Z,wxii12.com,English,United States,False,unclassified
https://omaha.com/news/national/gymnasts-seek-1-billion-from-fbi-calls-to-act-after-deadly-shootings-and-a-seals/article_98153431-d05c-5cb2-bcf3-34e1885199b7.html,"Gymnasts seek $1 billion from FBI , calls to act after deadly shootings and a Seals and Crofts co - founder die : Listen to today top headlines",20220608T180000Z,omaha.com,English,United States,False,unclassified
https://richmond.com/news/national/gymnasts-seek-1-billion-from-fbi-calls-to-act-after-deadly-shootings-and-a-seals/article_089c2d2b-a3ba-5e7a-9cd1-833704c93376.html,"Gymnasts seek $1 billion from FBI , calls to act after deadly shootings and a Seals and Crofts co - founder die : Listen to today top headlines",20220608T133000Z,richmond.com,English,United States,False,unclassified
https://journalnow.com/news/national/gymnasts-seek-1-billion-from-fbi-calls-to-act-after-deadly-shootings-and-a-seals/article_965f96d2-b586-5cb7-a84c-832182f7c3b1.html,"Gymnasts seek $1 billion from FBI , calls to act after deadly shootings and a Seals and Crofts co - founder die : Listen to today top headlines",20220608T141500Z,journalnow.com,English,United States,False,unclassified
https://www.kcra.com/article/takeaways-from-tuesday-june-7-primaries/40224292,Takeaways from Tuesday primaries,20220608T101500Z,kcra.com,English,United States,False,unclassified
https://madison.com/news/national/gymnasts-seek-1-billion-from-fbi-calls-to-act-after-deadly-shootings-and-a-seals/article_9074a881-868b-5efe-923a-cbb618e52d54.html,"Gymnasts seek $1 billion from FBI , calls to act after deadly shootings and a Seals and Crofts co - founder die : Listen to today top headlines",20220608T143000Z,madison.com,English,United States,False,unclassified
https://journalstar.com/news/national/gymnasts-seek-1-billion-from-fbi-calls-to-act-after-deadly-shootings-and-a-seals/article_af53ec0a-be04-59ef-a234-04a4702f07dc.html,"Gymnasts seek $1 billion from FBI , calls to act after deadly shootings and a Seals and Crofts co - founder die : Listen to today top headlines",20220608T170000Z,journalstar.com,English,United States,False,unclassified
https://www.wgal.com/article/takeaways-from-tuesday-june-7-primaries/40224292,Takeaways from Tuesday primaries,20220608T101500Z,wgal.com,English,United States,False,unclassified
https://roanoke.com/news/national/gymnasts-seek-1-billion-from-fbi-calls-to-act-after-deadly-shootings-and-a-seals/article_f6118b9c-063f-582e-aba3-36170dc12526.html,"Gymnasts seek $1 billion from FBI , calls to act after deadly shootings and a Seals and Crofts co - founder die : Listen to today top headlines",20220608T141500Z,roanoke.com,English,United States,False,unclassified
https://www.nwitimes.com/news/national/gymnasts-seek-1-billion-from-fbi-calls-to-act-after-deadly-shootings-and-a-seals/article_09811840-94e8-5723-94f2-d5f4a812fe46.html,"Gymnasts seek $1 billion from FBI , calls to act after deadly shootings and a Seals and Crofts co - founder die : Listen to today top headlines",20220608T150000Z,nwitimes.com,English,United States,False,unclassified
https://www.wbaa.org/2022-06-08/what-to-look-out-for-during-californias-primary,What to look out for during California primary,20220608T153000Z,wbaa.org,English,United States,False,unclassified
https://www.kwbu.org/2022-06-08/what-to-look-out-for-during-californias-primary,What to look out for during California primary,20220608T151500Z,kwbu.org,English,United States,False,unclassified
https://www.spokanepublicradio.org/2022-06-08/what-to-look-out-for-during-californias-primary,What to look out for during California primary,20220608T143000Z,spokanepublicradio.org,English,United States,False,unclassified
https://www.wqcs.org/2022-06-08/what-to-look-out-for-during-californias-primary,What to look out for during California primary,20220608T120000Z,wqcs.org,English,United States,False,unclassified
https://news.wjct.org/2022-06-08/what-to-look-out-for-during-californias-primary,What to look out for during California primary,20220608T130000Z,news.wjct.org,English,United States,False,unclassified
https://www.ypradio.org/2022-06-08/what-to-look-out-for-during-californias-primary,What to look out for during California primary,20220608T123000Z,ypradio.org,English,United States,False,unclassified
https://www.hppr.org/2022-06-08/what-to-look-out-for-during-californias-primary,What to look out for during California primary,20220608T123000Z,hppr.org,English,United States,False,unclassified
https://www.publicradioeast.org/2022-06-08/what-to-look-out-for-during-californias-primary,What to look out for during California primary,20220608T123000Z,publicradioeast.org,English,United States,False,unclassified
https://www.kvnf.org/2022-06-08/what-to-look-out-for-during-californias-primary,What to look out for during California primary,20220608T123000Z,kvnf.org,English,United States,False,unclassified
https://www.kmuw.org/2022-06-08/what-to-look-out-for-during-californias-primary,What to look out for during California primary,20220608T124500Z,kmuw.org,English,United States,False,unclassified
https://www.ksmu.org/2022-06-08/what-to-look-out-for-during-californias-primary,What to look out for during California primary,20220608T124500Z,ksmu.org,English,United States,False,unclassified
https://www.wboi.org/2022-06-08/what-to-look-out-for-during-californias-primary,What to look out for during California primary,20220608T124500Z,wboi.org,English,United States,False,unclassified
https://www.redriverradio.org/2022-06-08/what-to-look-out-for-during-californias-primary,What to look out for during California primary,20220608T131500Z,redriverradio.org,English,United States,False,unclassified
https://www.wuky.org/2022-06-08/what-to-look-out-for-during-californias-primary,What to look out for during California primary,20220608T131500Z,wuky.org,English,United States,False,unclassified
https://tulsaworld.com/news/national/gymnasts-seek-1-billion-from-fbi-calls-to-act-after-deadly-shootings-and-a-seals/article_fc257a38-aa51-5aaf-b0a2-96a7f3fffdd4.html,"Gymnasts seek $1 billion from FBI , calls to act after deadly shootings and a Seals and Crofts co - founder die : Listen to today top headlines",20220608T134500Z,tulsaworld.com,English,United States,False,unclassified
https://tucson.com/news/national/gymnasts-seek-1-billion-from-fbi-calls-to-act-after-deadly-shootings-and-a-seals/article_039f3919-5bf9-51a0-bbd7-55b9a46810cd.html,"Gymnasts seek $1 billion from FBI , calls to act after deadly shootings and a Seals and Crofts co - founder die : Listen to today top headlines",20220608T154500Z,tucson.com,English,United States,False,unclassified
https://qctimes.com/news/national/gymnasts-seek-1-billion-from-fbi-calls-to-act-after-deadly-shootings-and-a-seals/article_a6822b13-d5f8-541d-8e15-236c29ae7bff.html,"Gymnasts seek $1 billion from FBI , calls to act after deadly shootings and a Seals and Crofts co - founder die : Listen to today top headlines",20220608T180000Z,qctimes.com,English,United States,False,unclassified
https://www.washingtonpost.com/politics/2022/06/08/4-takeaways-primaries-california-new-jersey-etc/,"What to know about primaries in California , New Jersey , Mississippi and elsewhere",20220608T111500Z,washingtonpost.com,English,United States,False,national
https://pressofatlanticcity.com/news/national/gymnasts-seek-1-billion-from-fbi-calls-to-act-after-deadly-shootings-and-a-seals/article_4f0f6c22-137b-5a26-a864-f2afc9da4310.html,"Gymnasts seek $1 billion from FBI , calls to act after deadly shootings and a Seals and Crofts co - founder die : Listen to today top headlines",20220608T161500Z,pressofatlanticcity.com,English,United States,False,unclassified
https://www.washingtonpost.com/business/what-did-we-learn-from-tuesdays-primaries/2022/06/08/86fe2dc8-e727-11ec-a422-11bbb91db30b_story.html,What Did We Learn From Tuesday Primaries ? - The Washington Post,20220608T153000Z,washingtonpost.com,English,United States,False,national
https://krdo.com/politics/cnn-us-politics/2022/06/08/6-takeaways-from-tuesdays-primaries/,6 takeaways from Tuesday primaries,20220608T134500Z,krdo.com,English,United States,False,unclassified
https://www.kmbc.com/article/takeaways-from-tuesday-june-7-primaries/40224292,Takeaways from Tuesday primaries,20220608T144500Z,kmbc.com,English,United States,False,unclassified
https://www.unionleader.com/news/politics/voters/6-takeaways-from-primaries-in-california-mississippi-and-other-states/article_f3595281-d72d-5535-bd62-734541a714d3.html,"6 takeaways from primaries in California , Mississippi and other states",20220608T151500Z,unionleader.com,English,United States,False,unclassified
https://dailyprogress.com/news/national/gymnasts-seek-1-billion-from-fbi-calls-to-act-after-deadly-shootings-and-a-seals/article_a0d00c1e-e7cc-53e2-9ebc-9dd5d9c27ab7.html,"Gymnasts seek $1 billion from FBI , calls to act after deadly shootings and a Seals and Crofts co - founder die : Listen to today top headlines",20220608T141500Z,dailyprogress.com,English,United States,False,unclassified
https://www.bizpacreview.com/2022/06/08/one-in-five-americans-now-live-in-areas-covered-by-soros-backed-criminal-justice-reformers-report-1247479/,"One in FIVE Americans now live in areas covered by Soros - backed criminal justice reformers , report",20220608T114500Z,bizpacreview.com,English,United States,False,unclassified
https://newsadvance.com/news/national/gymnasts-seek-1-billion-from-fbi-calls-to-act-after-deadly-shootings-and-a-seals/article_72b5e1d7-54a0-5792-be89-502b985caacd.html,"Gymnasts seek $1 billion from FBI , calls to act after deadly shootings and a Seals and Crofts co - founder die : Listen to today top headlines",20220608T133000Z,newsadvance.com,English,United States,False,unclassified
https://siouxcityjournal.com/news/national/gymnasts-seek-1-billion-from-fbi-calls-to-act-after-deadly-shootings-and-a-seals/article_69688c3b-5194-5c4e-ac65-2025435550b7.html,"Gymnasts seek $1 billion from FBI , calls to act after deadly shootings and a Seals and Crofts co - founder die : Listen to today top headlines",20220608T143000Z,siouxcityjournal.com,English,United States,False,unclassified
https://pantagraph.com/news/national/gymnasts-seek-1-billion-from-fbi-calls-to-act-after-deadly-shootings-and-a-seals/article_6c491f8f-7507-5b68-9ae8-0ab0eb555e1b.html,"Gymnasts seek $1 billion from FBI , calls to act after deadly shootings and a Seals and Crofts co - founder die : Listen to today top headlines",20220608T164500Z,pantagraph.com,English,United States,False,unclassified
https://globegazette.com/news/national/gymnasts-seek-1-billion-from-fbi-calls-to-act-after-deadly-shootings-and-a-seals/article_98735e0a-6658-5f2d-8cf4-d92c09309a6a.html,"Gymnasts seek $1 billion from FBI , calls to act after deadly shootings and a Seals and Crofts co - founder die : Listen to today top headlines",20220608T164500Z,globegazette.com,English,United States,False,unclassified
https://missoulian.com/news/national/gymnasts-seek-1-billion-from-fbi-calls-to-act-after-deadly-shootings-and-a-seals/article_54d90575-2c54-5a8e-9c83-9ffc8c49711d.html,"Gymnasts seek $1 billion from FBI , calls to act after deadly shootings and a Seals and Crofts co - founder die : Listen to today top headlines",20220608T153000Z,missoulian.com,English,United States,False,unclassified
https://helenair.com/news/national/gymnasts-seek-1-billion-from-fbi-calls-to-act-after-deadly-shootings-and-a-seals/article_283333d1-cf63-5c08-9d11-766dc649927d.html,"Gymnasts seek $1 billion from FBI , calls to act after deadly shootings and a Seals and Crofts co - founder die : Listen to today top headlines",20220608T140000Z,helenair.com,English,United States,False,unclassified
https://www.latimes.com/politics/newsletter/2022-06-08/essential-politics-summit-of-americas-what-to-expect-essential-politics,Essential Politics : Drama at the Summit of the Americas,20220608T171500Z,latimes.com,English,United States,False,national
https://www.aol.com/news/could-california-warning-sign-democrats-090226723.html,Could California be a warning sign for Democrats in the fall ? Takeaways from the latest primaries,20220608T120000Z,aol.com,English,United States,False,unclassified
https://lacrossetribune.com/news/national/gymnasts-seek-1-billion-from-fbi-calls-to-act-after-deadly-shootings-and-a-seals/article_61c5f192-f740-5841-89da-2a03c7074efb.html,"Gymnasts seek $1 billion from FBI , calls to act after deadly shootings and a Seals and Crofts co - founder die : Listen to today top headlines",20220608T144500Z,lacrossetribune.com,English,United States,False,unclassified
https://journaltimes.com/news/national/gymnasts-seek-1-billion-from-fbi-calls-to-act-after-deadly-shootings-and-a-seals/article_f6e9987e-5cb8-5b22-8f5b-789c7f948384.html,"Gymnasts seek $1 billion from FBI , calls to act after deadly shootings and a Seals and Crofts co - founder die : Listen to today top headlines",20220608T161500Z,journaltimes.com,English,United States,False,unclassified
https://nonpareilonline.com/news/national/gymnasts-seek-1-billion-from-fbi-calls-to-act-after-deadly-shootings-and-a-seals/article_adce450f-72b9-5405-9fc7-bdc2c208f730.html,"Gymnasts seek $1 billion from FBI , calls to act after deadly shootings and a Seals and Crofts co - founder die : Listen to today top headlines",20220608T161500Z,nonpareilonline.com,English,United States,False,unclassified
https://billingsgazette.com/news/national/gymnasts-seek-1-billion-from-fbi-calls-to-act-after-deadly-shootings-and-a-seals/article_c10fa8be-19d6-5995-88b9-ea9c3c7a49ee.html,"Gymnasts seek $1 billion from FBI , calls to act after deadly shootings and a Seals and Crofts co - founder die : Listen to today top headlines",20220608T160000Z,billingsgazette.com,English,United States,False,unclassified
https://www.americanthinker.com/blog/2022/06/in_san_francisco_voters_give_chesa_boudin_a_soros_da_the_boot.html,"In San Francisco , voters give Chesa Boudin , a Soros D . A ., the boot",20220608T100000Z,americanthinker.com,English,United States,True,unclassified
https://mtstandard.com/news/national/gymnasts-seek-1-billion-from-fbi-calls-to-act-after-deadly-shootings-and-a-seals/article_d69a193a-a8d7-5aae-ad65-849a6f74192f.html,"Gymnasts seek $1 billion from FBI , calls to act after deadly shootings and a Seals and Crofts co - founder die : Listen to today top headlines",20220608T163000Z,mtstandard.com,English,United States,False,unclassified
https://trib.com/news/national/gymnasts-seek-1-billion-from-fbi-calls-to-act-after-deadly-shootings-and-a-seals/article_a3f0a10c-88ae-554f-8144-2b9d9fb39a6f.html,"Gymnasts seek $1 billion from FBI , calls to act after deadly shootings and a Seals and Crofts co - founder die : Listen to today top headlines",20220608T170000Z,trib.com,English,United States,False,unclassified
https://www.msn.com/en-us/news/politics/post-politics-now-a-tough-night-for-liberals-in-california-biden-to-host-summit-of-the-americas/ar-AAYdrCS,Post Politics Now : A tough night for liberals in California ; Biden to host Summit of the Americas,20220608T123000Z,msn.com,English,United States,False,unclassified
https://theeagle.com/news/national/gymnasts-seek-1-billion-from-fbi-calls-to-act-after-deadly-shootings-and-a-seals/article_84379136-c84f-5ba4-8a99-9d948768d9a3.html,"Gymnasts seek $1 billion from FBI , calls to act after deadly shootings and a Seals and Crofts co - founder die : Listen to today top headlines",20220608T140000Z,theeagle.com,English,United States,False,unclassified
https://www.wmtw.com/article/takeaways-from-tuesday-june-7-primaries/40224292,Takeaways from Tuesday primaries,20220608T143000Z,wmtw.com,English,United States,False,unclassified
https://auburnpub.com/news/national/gymnasts-seek-1-billion-from-fbi-calls-to-act-after-deadly-shootings-and-a-seals/article_9e472999-e633-5316-afab-5d61e09d2ca3.html,"Gymnasts seek $1 billion from FBI , calls to act after deadly shootings and a Seals and Crofts co - founder die : Listen to today top headlines",20220608T173000Z,auburnpub.com,English,United States,False,unclassified
https://napavalleyregister.com/news/national/gymnasts-seek-1-billion-from-fbi-calls-to-act-after-deadly-shootings-and-a-seals/article_f6b503e8-99a6-5bef-a5fa-98d18dd876cd.html,"Gymnasts seek $1 billion from FBI , calls to act after deadly shootings and a Seals and Crofts co - founder die : Listen to today top headlines",20220608T134500Z,napavalleyregister.com,English,United States,False,unclassified
https://bismarcktribune.com/news/national/gymnasts-seek-1-billion-from-fbi-calls-to-act-after-deadly-shootings-and-a-seals/article_86af1b0a-ae53-5560-bea4-e3639196964f.html,"Gymnasts seek $1 billion from FBI , calls to act after deadly shootings and a Seals and Crofts co - founder die : Listen to today top headlines",20220608T141500Z,bismarcktribune.com,English,United States,False,unclassified
https://localnews8.com/politics/cnn-us-politics/2022/06/08/6-takeaways-from-tuesdays-primaries/,6 takeaways from Tuesday primaries,20220608T140000Z,localnews8.com,English,United States,False,unclassified
https://www.usatoday.com/story/news/politics/2022/06/08/primaries-california-nj-nm-takeaways/7538149001/,"Primaries in California , N . J . and more : the top election takeaways",20220608T094500Z,usatoday.com,English,United States,False,national
https://www.theatlantic.com/ideas/archive/2022/06/how-san-francisco-became-failed-city/661199/,How San Francisco Became a Failed City,20220608T120000Z,theatlantic.com,English,United States,False,national
https://www.msn.com/en-gb/news/world/texas-school-shooting-survivor-to-testify-before-congress-as-supreme-court-rulings-loom-live/ar-AAYdD9U,Families and survivors testify at House hearing on US gun violence epidemic :  This should not be your story or mine  – live,20220608T163000Z,msn.com,English,United States,False,unclassified
https://thefederalist.com/2022/06/08/democrats-yell-do-something-on-guns-but-their-prosecutors-and-policies-create-our-culture-of-crime/,"Dems Yell  Do Something ! On Guns , But They Own Our Crime Culture",20220608T144500Z,thefederalist.com,English,United States,False,national
https://www.politico.com/newsletters/illinois-playbook/2022/06/08/lightfoot-embraces-her-brand-00038023,Lightfoot embraces her brand,20220608T161500Z,politico.com,English,United States,False,national
https://www.msn.com/en-gb/news/world/families-and-survivors-testify-at-house-hearing-on-us-gun-violence-epidemic-this-should-not-be-your-story-or-mine-%e2%80%93-live/ar-AAYdD9U,Families and survivors testify at House hearing on US gun violence epidemic :  This should not be your story or mine  – live,20220608T173000Z,msn.com,English,United States,False,unclassified
https://www.fluther.com/232057/is-the-problem-with-progressive-criminal-justice-and-policing-reform-that/,Is the problem with progressive criminal justice and policing reform that ... ,20220608T173000Z,fluther.com,English,United States,False,unclassified
https://ktvz.com/politics/cnn-us-politics/2022/06/08/6-takeaways-from-tuesdays-primaries/,6 takeaways from Tuesday primaries,20220608T104500Z,ktvz.com,English,United States,False,unclassified
https://azdailysun.com/news/national/gymnasts-seek-1-billion-from-fbi-calls-to-act-after-deadly-shootings-and-a-seals/article_1825ab90-8be3-54af-8e9e-04886b5a219c.html,"Gymnasts seek $1 billion from FBI , calls to act after deadly shootings and a Seals and Crofts co - founder die : Listen to today top headlines",20220608T163000Z,azdailysun.com,English,United States,False,unclassified
https://freerepublic.com/tag/*/index?more=4069478,Latest Articles,20220608T123000Z,freerepublic.com,English,United States,False,national
https://herald-review.com/news/national/gymnasts-seek-1-billion-from-fbi-calls-to-act-after-deadly-shootings-and-a-seals/article_15663386-89a7-55fc-bd97-148ce94c4ec4.html,"Gymnasts seek $1 billion from FBI , calls to act after deadly shootings and a Seals and Crofts co - founder die : Listen to today top headlines",20220608T161500Z,herald-review.com,English,United States,False,unclassified
https://www.city-journal.org:443/california-steps-back-from-the-brink,California Steps Back from the Brink,20220608T174500Z,city-journal.org,English,United States,False,unclassified
https://www.wicz.com/story/46647633/6-takeaways-from-tuesdays-primaries,6 Takeaways from Tuesday primaries,20220608T084500Z,wicz.com,English,United States,False,unclassified
https://www.kabc.com/2022/06/07/sf-da-recalled/,SF DA RECALLED,20220608T101500Z,kabc.com,English,United States,True,unclassified
https://patriotpost.us/articles/88937-san-franciscans-recall-defective-da-2022-06-08,Douglas Andrews : San Franciscans Recall Defective DA,20220608T161500Z,patriotpost.us,English,United States,True,unclassified
https://kelo.com/2022/06/08/trump-ally-seeks-return-to-congress-california-votes-on-crime-in-u-s-midterm-primaries/,"Trump ally seeks return to Congress , California votes on crime in U . S . midterm primaries ; Noem wins",20220608T133000Z,kelo.com,English,United States,False,unclassified
https://www.1470wmbd.com/2022/06/08/trump-ally-kristi-noem-wins-in-south-dakota-montana-midterm-primary-a-tight-race/,"Trump ally Kristi Noem wins in South Dakota , Montana midterm primary a tight race",20220608T133000Z,1470wmbd.com,English,United States,False,unclassified
https://www.4029tv.com/article/takeaways-from-tuesday-june-7-primaries/40224292,Takeaways from Tuesday primaries,20220608T141500Z,4029tv.com,English,United States,False,unclassified
https://www.wjcl.com/article/takeaways-from-tuesday-june-7-primaries/40224292,Takeaways from Tuesday primaries,20220608T104500Z,wjcl.com,English,United States,False,unclassified
https://www.ksbw.com/article/takeaways-from-tuesday-june-7-primaries/40224292,Takeaways from Tuesday primaries,20220608T114500Z,ksbw.com,English,United States,False,unclassified
https://www.wisn.com/article/takeaways-from-tuesday-june-7-primaries/40224292,Takeaways from Tuesday primaries,20220608T120000Z,wisn.com,English,United States,False,unclassified
https://abc17news.com/politics/national-politics/cnn-us-politics/2022/06/08/6-takeaways-from-tuesdays-primaries/,6 takeaways from Tuesday primaries,20220608T113000Z,abc17news.com,English,United States,False,unclassified
https://cumberlink.com/news/national/gymnasts-seek-1-billion-from-fbi-calls-to-act-after-deadly-shootings-and-a-seals/article_dc18c7f8-ccfa-542f-99b0-f24290afb85f.html,"Gymnasts seek $1 billion from FBI , calls to act after deadly shootings and a Seals and Crofts co - founder die : Listen to today top headlines",20220608T144500Z,cumberlink.com,English,United States,False,unclassified
https://chippewa.com/news/national/gymnasts-seek-1-billion-from-fbi-calls-to-act-after-deadly-shootings-and-a-seals/article_6162c7b3-af02-5fea-b26d-ffee87b9d9c2.html,"Gymnasts seek $1 billion from FBI , calls to act after deadly shootings and a Seals and Crofts co - founder die : Listen to today top headlines",20220608T143000Z,chippewa.com,English,United States,False,unclassified
https://godanriver.com/news/national/gymnasts-seek-1-billion-from-fbi-calls-to-act-after-deadly-shootings-and-a-seals/article_6e3b1936-c25e-50ff-baad-1b08e8a2c65c.html,"Gymnasts seek $1 billion from FBI , calls to act after deadly shootings and a Seals and Crofts co - founder die : Listen to today top headlines",20220608T143000Z,godanriver.com,English,United States,False,unclassified
https://ravallirepublic.com/news/national/gymnasts-seek-1-billion-from-fbi-calls-to-act-after-deadly-shootings-and-a-seals/article_1ff9c2c5-f951-58f9-8e8c-5b71e6d8f506.html,"Gymnasts seek $1 billion from FBI , calls to act after deadly shootings and a Seals and Crofts co - founder die : Listen to today top headlines",20220608T161500Z,ravallirepublic.com,English,United States,False,unclassified
https://statesville.com/news/national/gymnasts-seek-1-billion-from-fbi-calls-to-act-after-deadly-shootings-and-a-seals/article_e20270c5-2780-51cd-92c4-30fcb47aa88c.html,"Gymnasts seek $1 billion from FBI , calls to act after deadly shootings and a Seals and Crofts co - founder die : Listen to today top headlines",20220608T160000Z,statesville.com,English,United States,False,unclassified
https://thesouthern.com/news/national/gymnasts-seek-1-billion-from-fbi-calls-to-act-after-deadly-shootings-and-a-seals/article_f837c31a-ee9f-5a3f-bb1e-8b30ebae37c3.html,"Gymnasts seek $1 billion from FBI , calls to act after deadly shootings and a Seals and Crofts co - founder die : Listen to today top headlines",20220608T160000Z,thesouthern.com,English,United States,False,unclassified
https://scnow.com/news/national/gymnasts-seek-1-billion-from-fbi-calls-to-act-after-deadly-shootings-and-a-seals/article_6c2c540c-dfc7-57a8-a846-8cfeb2ab9d13.html,"Gymnasts seek $1 billion from FBI , calls to act after deadly shootings and a Seals and Crofts co - founder die : Listen to today top headlines",20220608T160000Z,scnow.com,English,United States,False,unclassified
https://www.winonadailynews.com/news/national/gymnasts-seek-1-billion-from-fbi-calls-to-act-after-deadly-shootings-and-a-seals/article_93936857-d765-54e8-ac87-513a5630348c.html,"Gymnasts seek $1 billion from FBI , calls to act after deadly shootings and a Seals and Crofts co - founder die : Listen to today top headlines",20220608T160000Z,winonadailynews.com,English,United States,False,unclassified
https://dothaneagle.com/news/national/gymnasts-seek-1-billion-from-fbi-calls-to-act-after-deadly-shootings-and-a-seals/article_c57e0352-b239-5e7e-9424-46a24376bb54.html,"Gymnasts seek $1 billion from FBI , calls to act after deadly shootings and a Seals and Crofts co - founder die : Listen to today top headlines",20220608T160000Z,dothaneagle.com,English,United States,False,unclassified
https://thetandd.com/news/national/gymnasts-seek-1-billion-from-fbi-calls-to-act-after-deadly-shootings-and-a-seals/article_c86fe4a6-189c-5dfd-9303-49747c4c81b2.html,"Gymnasts seek $1 billion from FBI , calls to act after deadly shootings and a Seals and Crofts co - founder die : Listen to today top headlines",20220608T163000Z,thetandd.com,English,United States,False,unclassified
https://www.gazettetimes.com/news/national/gymnasts-seek-1-billion-from-fbi-calls-to-act-after-deadly-shootings-and-a-seals/article_39c783c4-940c-51bb-850a-cd29de7d3383.html,"Gymnasts seek $1 billion from FBI , calls to act after deadly shootings and a Seals and Crofts co - founder die : Listen to today top headlines",20220608T163000Z,gazettetimes.com,English,United States,False,unclassified
https://fremonttribune.com/news/national/gymnasts-seek-1-billion-from-fbi-calls-to-act-after-deadly-shootings-and-a-seals/article_acfa24b3-f63e-5a4d-8f6c-b3c0ceb09b3f.html,"Gymnasts seek $1 billion from FBI , calls to act after deadly shootings and a Seals and Crofts co - founder die : Listen to today top headlines",20220608T164500Z,fremonttribune.com,English,United States,False,unclassified
https://starherald.com/news/national/gymnasts-seek-1-billion-from-fbi-calls-to-act-after-deadly-shootings-and-a-seals/article_567dd559-0eb2-5064-beca-e32043843bcc.html,"Gymnasts seek $1 billion from FBI , calls to act after deadly shootings and a Seals and Crofts co - founder die : Listen to today top headlines",20220608T164500Z,starherald.com,English,United States,False,unclassified
https://tdn.com/news/national/gymnasts-seek-1-billion-from-fbi-calls-to-act-after-deadly-shootings-and-a-seals/article_947fbe96-3fb6-5bce-975a-2ecbc5412703.html,"Gymnasts seek $1 billion from FBI , calls to act after deadly shootings and a Seals and Crofts co - founder die : Listen to today top headlines",20220608T164500Z,tdn.com,English,United States,False,unclassified
https://columbustelegram.com/news/national/gymnasts-seek-1-billion-from-fbi-calls-to-act-after-deadly-shootings-and-a-seals/article_ad77140e-078c-5643-9117-ced47c15d358.html,"Gymnasts seek $1 billion from FBI , calls to act after deadly shootings and a Seals and Crofts co - founder die : Listen to today top headlines",20220608T164500Z,columbustelegram.com,English,United States,False,unclassified
https://muscatinejournal.com/news/national/gymnasts-seek-1-billion-from-fbi-calls-to-act-after-deadly-shootings-and-a-seals/article_b9b164b7-42a9-5d5d-9d35-a7959db92b97.html,"Gymnasts seek $1 billion from FBI , calls to act after deadly shootings and a Seals and Crofts co - founder die : Listen to today top headlines",20220608T154500Z,muscatinejournal.com,English,United States,False,unclassified
https://wcfcourier.com/news/national/gymnasts-seek-1-billion-from-fbi-calls-to-act-after-deadly-shootings-and-a-seals/article_a36553e6-c5e1-5b81-bc3c-27d9ebc8f801.html,"Gymnasts seek $1 billion from FBI , calls to act after deadly shootings and a Seals and Crofts co - founder die : Listen to today top headlines",20220608T131500Z,wcfcourier.com,English,United States,False,unclassified
https://rapidcityjournal.com/news/national/gymnasts-seek-1-billion-from-fbi-calls-to-act-after-deadly-shootings-and-a-seals/article_c4fa6a7c-39cf-52e7-b8f8-25de7ece18fa.html,"Gymnasts seek $1 billion from FBI , calls to act after deadly shootings and a Seals and Crofts co - founder die : Listen to today top headlines",20220608T131500Z,rapidcityjournal.com,English,United States,False,unclassified
https://dailyjournalonline.com/news/national/gymnasts-seek-1-billion-from-fbi-calls-to-act-after-deadly-shootings-and-a-seals/article_4e8b9730-8cc9-5d33-8758-8ffbc56cde02.html,"Gymnasts seek $1 billion from FBI , calls to act after deadly shootings and a Seals and Crofts co - founder die : Listen to today top headlines",20220608T180000Z,dailyjournalonline.com,English,United States,False,unclassified
https://beatricedailysun.com/news/national/gymnasts-seek-1-billion-from-fbi-calls-to-act-after-deadly-shootings-and-a-seals/article_7349308a-56f5-5e1e-aefb-b8e16d65f55a.html,"Gymnasts seek $1 billion from FBI , calls to act after deadly shootings and a Seals and Crofts co - founder die : Listen to today top headlines",20220608T180000Z,beatricedailysun.com,English,United States,False,unclassified
https://democratherald.com/news/national/gymnasts-seek-1-billion-from-fbi-calls-to-act-after-deadly-shootings-and-a-seals/article_05b5b339-1470-51be-a39a-b3779385f83c.html,"Gymnasts seek $1 billion from FBI , calls to act after deadly shootings and a Seals and Crofts co - founder die : Listen to today top headlines",20220608T150000Z,democratherald.com,English,United States,False,unclassified
https://jg-tc.com/news/national/gymnasts-seek-1-billion-from-fbi-calls-to-act-after-deadly-shootings-and-a-seals/article_10d90d16-7493-5e60-969a-550db3a01b21.html,"Gymnasts seek $1 billion from FBI , calls to act after deadly shootings and a Seals and Crofts co - founder die : Listen to today top headlines",20220608T141500Z,jg-tc.com,English,United States,False,unclassified
https://lexch.com/news/national/gymnasts-seek-1-billion-from-fbi-calls-to-act-after-deadly-shootings-and-a-seals/article_c5a10c24-d9a1-5786-8856-16bbf9d179e6.html,"Gymnasts seek $1 billion from FBI , calls to act after deadly shootings and a Seals and Crofts co - founder die : Listen to today top headlines",20220608T141500Z,lexch.com,English,United States,False,unclassified
https://oanow.com/news/national/gymnasts-seek-1-billion-from-fbi-calls-to-act-after-deadly-shootings-and-a-seals/article_d37435c2-e47c-5bce-9b8a-3ee706f671f0.html,"Gymnasts seek $1 billion from FBI , calls to act after deadly shootings and a Seals and Crofts co - founder die : Listen to today top headlines",20220608T141500Z,oanow.com,English,United States,False,unclassified
https://martinsvillebulletin.com/news/national/gymnasts-seek-1-billion-from-fbi-calls-to-act-after-deadly-shootings-and-a-seals/article_d1ee5498-6bb7-5bc0-b299-d77f30fa96a7.html,"Gymnasts seek $1 billion from FBI , calls to act after deadly shootings and a Seals and Crofts co - founder die : Listen to today top headlines",20220608T134500Z,martinsvillebulletin.com,English,United States,False,unclassified
https://nptelegraph.com/news/national/gymnasts-seek-1-billion-from-fbi-calls-to-act-after-deadly-shootings-and-a-seals/article_9cd350da-61b2-5685-a0a3-28466a6d879c.html,"Gymnasts seek $1 billion from FBI , calls to act after deadly shootings and a Seals and Crofts co - founder die : Listen to today top headlines",20220608T134500Z,nptelegraph.com,English,United States,False,unclassified
https://independenttribune.com/news/national/gymnasts-seek-1-billion-from-fbi-calls-to-act-after-deadly-shootings-and-a-seals/article_423e1941-01e3-5c08-b48e-dc0ec4b91bd9.html,"Gymnasts seek $1 billion from FBI , calls to act after deadly shootings and a Seals and Crofts co - founder die : Listen to today top headlines",20220608T134500Z,independenttribune.com,English,United States,False,unclassified
https://theindependent.com/news/national/gymnasts-seek-1-billion-from-fbi-calls-to-act-after-deadly-shootings-and-a-seals/article_af9046db-5682-5b07-9d59-1b254450df21.html,"Gymnasts seek $1 billion from FBI , calls to act after deadly shootings and a Seals and Crofts co - founder die : Listen to today top headlines",20220608T133000Z,theindependent.com,English,United States,False,unclassified
https://elkodaily.com/news/national/gymnasts-seek-1-billion-from-fbi-calls-to-act-after-deadly-shootings-and-a-seals/article_6b659dbe-6778-55e0-8b01-c70b57a1d365.html,"Gymnasts seek $1 billion from FBI , calls to act after deadly shootings and a Seals and Crofts co - founder die : Listen to today top headlines",20220608T134500Z,elkodaily.com,English,United States,False,unclassified
https://hickoryrecord.com/news/national/gymnasts-seek-1-billion-from-fbi-calls-to-act-after-deadly-shootings-and-a-seals/article_e66c96ff-54aa-519e-ac88-74ff37ed1685.html,"Gymnasts seek $1 billion from FBI , calls to act after deadly shootings and a Seals and Crofts co - founder die : Listen to today top headlines",20220608T134500Z,hickoryrecord.com,English,United States,False,unclassified
https://www.wiscnews.com/news/national/gymnasts-seek-1-billion-from-fbi-calls-to-act-after-deadly-shootings-and-a-seals/article_64980e2e-be78-5fed-8d78-5bad487f7d2a.html,"Gymnasts seek $1 billion from FBI , calls to act after deadly shootings and a Seals and Crofts co - founder die : Listen to today top headlines",20220608T140000Z,wiscnews.com,English,United States,False,unclassified
https://www.uspresidentialelectionnews.com/2022/06/primary-results-california-rejects-progressive-candidates-over-rampant-crime-and-lawlessness/,Primary Results : California Rejects Progressive Candidates Over Rampant Crime and Lawlessness,20220608T140000Z,uspresidentialelectionnews.com,English,United States,False,unclassified
https://www.wvtf.org/2022-06-08/what-to-look-out-for-during-californias-primary,What to look out for during California primary,20220608T181500Z,wvtf.org,English,United States,False,unclassified
https://patriotpost.us/digests/88950-mid-day-digest-2022-06-08,Mid - Day Digest,20220608T161500Z,patriotpost.us,English,United States,False,unclassified
https://www.kalw.org/show/your-call/2022-06-08/san-francisco-ousts-da-chesa-boudin,San Francisco ousts DA Chesa Boudin with 25 . 8 % voter turnout,20220608T184500Z,kalw.org,English,United States,True,local
https://freerepublic.com/focus/f-news/4069718/posts,3 Takeaways From The Successful Recall Of San Francisco Far - Left DA Chesa Boudin,20220609T043000Z,freerepublic.com,English,United States,True,national
https://thefederalist.com/2022/06/08/3-takeaways-from-the-successful-recall-of-san-franciscos-progressive-district-attorney-chesa-boudin/,3 Takeaways From Recall Of San Francisco Far - Left DA Chesa Boudin,20220608T191500Z,thefederalist.com,English,United States,True,national
https://www.nbcbayarea.com/news/local/san-francisco/san-francisco-community-hopes-chesa-boudin-recall-brings-change-to-the-city/2914418/,San Francisco Community Hopes Chesa Boudin Recall Brings Change to the City,20220609T030000Z,nbcbayarea.com,English,United States,True,local
https://radio.foxnews.com/2022/06/08/bill-barr-on-how-soros-backed-progressive-district-attorneys-get-elected/,Bill Barr On How Soros Backed Progressive District Attorneys Get Elected,20220609T004500Z,radio.foxnews.com,English,United States,False,unclassified
https://www.kcra.com/article/san-francisco-da-chesa-boudin-recalled-what-happens-now/40232940,San Francisco DA Chesa Boudin just got recalled . What happens now ? ,20220608T221500Z,kcra.com,English,United States,True,unclassified
https://www.newsweek.com/progressives-are-gaslighting-us-crime-were-not-going-take-it-anymore-opinion-1714104,Progressives Are Gaslighting Us on Crime . Were Not Going to Take It Anymore,20220609T013000Z,newsweek.com,English,United States,False,national
https://www.foxnews.com/media/washington-post-nyt-cnn-democrats-crime-san-francisco,"WaPo , NYT , CNN emphasize Democrats lack  effective message on crime  following San Francisco recall",20220608T214500Z,foxnews.com,English,United States,True,national
https://www.kgoradio.com/2022/06/08/san-francisco-district-attorney-chesa-boudin-recalled-in-heated-election/,San Francisco District Attorney Chesa Boudin Recalled in Heated Election,20220608T213000Z,kgoradio.com,English,United States,True,unclassified
https://www.sfchronicle.com/election/article/yes-no-votes-sf-bay-area-election-results-17220744.php,Election results for key California and S . F . Bay Area races,20220609T001500Z,sfchronicle.com,English,United States,False,local
https://www.city-journal.org:443/san-francisco-recalls-da-chesa-boudin,San Francisco Recalls DA Chesa Boudin,20220608T224500Z,city-journal.org,English,United States,True,unclassified
https://www.amren.com/news/2022/06/san-francisco-ousts-liberal-da-chesa-boudin-in-heated-recall/,San Francisco Ousts Liberal DA Chesa Boudin in Heated Recall,20220608T223000Z,amren.com,English,United States,True,unclassified
https://redstate.com/jenniferoo/2022/06/08/oc-d-a-todd-spitzer-sails-to-victory-signaling-the-beginning-of-the-end-of-the-soros-funded-criminal-justice-reform-n576265,"OC D . A . Todd Spitzer Sails to Victory , Signaling the Beginning of the End of the Soros - funded Criminal Justice Reform",20220609T014500Z,redstate.com,English,United States,False,unclassified
https://www.ktvu.com/news/crime-concerns-play-major-role-in-california-primary,Crime concerns play major role in California primary,20220609T030000Z,ktvu.com,English,United States,False,local
https://www.sfexaminer.com/news/voters-will-watch-as-mayor-breed-faces-critical-decision-on-new-district-attorney/article_1bceb90a-e768-11ec-836a-5773100cf66c.html,Voters will watch as Mayor Breed faces critical decision on new district attorney,20220609T013000Z,sfexaminer.com,English,United States,False,local
https://www.msn.com/en-us/news/us/opinion-da-s-recall-in-san-francisco-developer-s-lead-in-la-show-california-voters-frustration/ar-AAYetnU,"Opinion : DA Recall in San Francisco , Developer Lead in LA Show California Voter Frustration",20220608T213000Z,msn.com,English,United States,True,unclassified
https://www.foxnews.com/us/san-francisco-california-man-arrested-random-knife-attacks,San Francisco man suspected of random knife attacks arrested by police,20220609T021500Z,foxnews.com,English,United States,False,national
https://www.foxnews.com/politics/chesa-boudin-supporters-react-san-francisco-district-attorney-recall-outcome,Chesa Boudin supporters react to San Francisco district attorney recall outcome,20220608T214500Z,foxnews.com,English,United States,True,national
https://www.breitbart.com:443/politics/2022/06/08/watch-mother-child-hit-by-driver-george-gascon-sought-juvenile-sentence/,"WATCH : Mother , Child Hit by Driver ; George Gascón Sought Juvenile Sentence",20220609T003000Z,breitbart.com,English,United States,False,national
https://www.breitbart.com/politics/2022/06/08/watch-mother-child-hit-by-driver-george-gascon-sought-juvenile-sentence/,"WATCH : Mother , Child Hit by Driver ; George Gascón Sought Juvenile Sentence",20220609T001500Z,breitbart.com,English,United States,False,national
https://973thedawg.com/boudin-recall-san-francisco-louisiana/,"Boudin Recalled ? Dont Worry Louisiana , It Not What You Think",20220609T044500Z,973thedawg.com,English,United States,True,unclassified
https://999ktdy.com/dont-worry-louisiana-that-headline-about-boudin-being-recalled-is-not-what-it-looks-like/,"Boudin Recalled ? Dont Worry Louisiana , It Not What You Think",20220609T040000Z,999ktdy.com,English,United States,True,unclassified
https://1079ishot.com/boudin-recall-san-francisco-louisiana/,"Boudin Recalled ? Dont Worry Louisiana , It Not What You Think",20220609T030000Z,1079ishot.com,English,United States,True,unclassified
https://classicrock1051.com/boudin-recall-san-francisco-louisiana/,"Boudin Recalled ? Dont Worry Louisiana , It Not What You Think",20220609T021500Z,classicrock1051.com,English,United States,True,unclassified
https://www.voanews.com/a/us-primary-voting-carries-warning-message-for-democrats-/6609038.html,US Primary Voting Carries Warning Message for Democrats,20220609T001500Z,voanews.com,English,United States,False,unclassified
https://neonnettle.com/news/19279-progressive-soros-backed-prosecutor-ousted-by-san-francisco-voters,Progressive Soros - Backed Prosecutor Ousted by San Francisco Voters,20220608T193000Z,neonnettle.com,English,United States,False,unclassified
https://datebook.sfchronicle.com/movies-tv/director-of-chesa-boudin-documentary-says-d-a-was-made-a-scapegoat-in-recall,Director of Chesa Boudin documentary says D . A .  was made a scapegoat  in recall,20220608T201500Z,datebook.sfchronicle.com,English,United States,True,unclassified
https://www.koat.com/article/san-francisco-ousts-progressive-da-chesa-boudin/40223541,San Francisco ousts progressive DA Chesa Boudin in heated recall,20220608T203000Z,koat.com,English,United States,True,unclassified
https://www.wxii12.com/article/san-francisco-ousts-progressive-da-chesa-boudin/40223541,San Francisco ousts progressive DA Chesa Boudin in heated recall,20220608T223000Z,wxii12.com,English,United States,True,unclassified
https://www.wmur.com/article/san-francisco-ousts-progressive-da-chesa-boudin/40223541,San Francisco ousts progressive DA Chesa Boudin in heated recall,20220608T210000Z,wmur.com,English,United States,True,unclassified
https://www.wtae.com/article/san-francisco-ousts-progressive-da-chesa-boudin/40223541,San Francisco ousts progressive DA Chesa Boudin in heated recall,20220609T013000Z,wtae.com,English,United States,True,unclassified
https://www.wbaltv.com/article/san-francisco-ousts-progressive-da-chesa-boudin/40223541,San Francisco ousts progressive DA Chesa Boudin in heated recall,20220608T203000Z,wbaltv.com,English,United States,True,unclassified
https://www.wesh.com/article/san-francisco-ousts-progressive-da-chesa-boudin/40223541,San Francisco ousts progressive DA Chesa Boudin in heated recall,20220608T204500Z,wesh.com,English,United States,True,unclassified
https://www.kcci.com/article/san-francisco-ousts-progressive-da-chesa-boudin/40223541,San Francisco ousts progressive DA Chesa Boudin in heated recall,20220608T201500Z,kcci.com,English,United States,True,unclassified
https://www.sfexaminer.com/news/state/californians-keep-newsom-oust-sfs-boudin-in-tuesday-primary-election/article_fa3137ff-2083-5287-89dd-233968534824.html,"Californians keep Newsom , oust SF Boudin , in Tuesday primary election",20220608T211500Z,sfexaminer.com,English,United States,True,local
https://www.wlwt.com/article/san-francisco-ousts-progressive-da-chesa-boudin/40223541,San Francisco ousts progressive DA Chesa Boudin in heated recall,20220608T204500Z,wlwt.com,English,United States,True,unclassified
https://theconservativetreehouse.com/blog/2022/06/08/san-francisco-voters-recall-district-attorney-chesa-boudin-signals-trouble-for-democrat-socialists/,"San Francisco Voters Recall District Attorney Chesa Boudin , Signals Trouble for Democrat Socialists",20220608T214500Z,theconservativetreehouse.com,English,United States,True,unclassified
https://www.kmbc.com/article/san-francisco-ousts-progressive-da-chesa-boudin/40223541,San Francisco ousts progressive DA Chesa Boudin in heated recall,20220608T193000Z,kmbc.com,English,United States,True,unclassified
https://kste.iheart.com/featured/sacramentos-latest-news/content/2022-06-08-top-election-results-recapping-the-2022-california-primary/,Top Election Results : Recapping The 2022 California Primary | Talk 650 KSTE,20220608T191500Z,kste.iheart.com,English,United States,False,unclassified
https://kfbk.iheart.com/content/2022-06-08-top-election-results-recapping-the-2022-california-primary/,Top Election Results : Recapping The 2022 California Primary,20220608T214500Z,kfbk.iheart.com,English,United States,False,unclassified
https://truthout.org/articles/high-voter-apathy-and-amped-up-fears-about-crime-shaped-california-primaries/,High Voter Apathy and Amped - Up Fears About Crime Shaped California Primaries,20220608T211500Z,truthout.org,English,United States,False,unclassified
https://redstate.com/kiradavis/2022/06/08/california-primary-recap-so-far-everything-you-need-to-know-n576175,California Primary Recap ( So Far ).... Everything You Need To Know,20220609T010000Z,redstate.com,English,United States,False,unclassified
https://www.wdsu.com/article/san-francisco-ousts-progressive-da-chesa-boudin/40223541,San Francisco ousts progressive DA Chesa Boudin in heated recall,20220608T191500Z,wdsu.com,English,United States,True,unclassified
https://www.wmtw.com/article/san-francisco-ousts-progressive-da-chesa-boudin/40223541,San Francisco ousts progressive DA Chesa Boudin in heated recall,20220608T190000Z,wmtw.com,English,United States,True,unclassified
http://www.msn.com/en-us/news/politics/dems-confront-criticism-on-crime-after-san-francisco-defeat/ar-AAYeKzy,Dems confront criticism on crime after San Francisco defeat,20220609T030000Z,msn.com,English,United States,False,unclassified
http://www.msn.com/en-us/news/politics/dems-confront-criticism-on-crime-after-san-francisco-defeat/ar-AAYeDaJ,Dems confront criticism on crime after San Francisco defeat,20220608T221500Z,msn.com,English,United States,False,unclassified
https://www.kcrw.com/news/shows/press-play-with-madeleine-brand/sheriff-district-attorney-broad-museum-drinks/progressive-prosecutor-chesa-boudin-recall-sf,"With Chesa Boudin recalled , what next for progressive prosecutors ? ",20220608T213000Z,kcrw.com,English,United States,True,unclassified
https://www.washingtonexaminer.com/restoring-america/equality-not-elitism/san-francisco-chesa-boudin-recall-result,DA Boudin recall seen as a victory for businesses living in fear,20220608T204500Z,washingtonexaminer.com,English,United States,True,unclassified
https://article.wn.com/view/2022/06/09/8216procriminal_radical_8217_san_francisco_da_chesa_boudin_r/,  Pro - criminal radical  San Francisco DA Chesa Boudin recalled,20220609T043000Z,article.wn.com,English,United States,True,unclassified
https://www.eagletribune.com/region/san-francisco-voters-recall-progressive-d-a-boudin-crime-and-homelessness-at-issue/article_8467becd-cd5b-56f2-b541-6eb59b2a21db.html,San Francisco voters recall progressive D . A . Boudin . Crime and homelessness at issue,20220608T190000Z,eagletribune.com,English,United States,True,unclassified
https://www.latimes.com/politics/story/2022-06-08/california-primary-election-chesa-boudin-rick-caruso-takeaways,California election takeaways : Big money ruled amid low turnout,20220608T204500Z,latimes.com,English,United States,False,national
https://newsbusters.org/blogs/business/jeffrey-clark/2022/06/08/soros-loses-big-woke-san-francisco-da-chesa-boudin-gets,"SOROS LOSES BIG : Woke San Francisco DA Chesa Boudin Gets Booted , Loses Election",20220608T210000Z,newsbusters.org,English,United States,True,unclassified
https://www.newsbusters.org/blogs/business/jeffrey-clark/2022/06/08/soros-loses-big-woke-san-francisco-da-chesa-boudin-gets,"SOROS LOSES BIG : Woke San Francisco DA Chesa Boudin Gets Booted , Loses Election",20220608T221500Z,newsbusters.org,English,United States,True,unclassified
https://www.politico.com/newsletters/california-playbook-pm/2022/06/08/la-campaigns-enter-new-phase-00038289,LA campaigns enter new phase,20220609T000000Z,politico.com,English,United States,False,national
https://www.sfchronicle.com/election/article/S-F-June-voter-turnout-expected-to-reach-45-17228987.php,California Election : San Francisco voter turnout higher than expected,20220609T001500Z,sfchronicle.com,English,United States,False,local
https://www.cnsnews.com/index.php/article/national/susan-jones/san-franciscans-recall-leftist-boudin-who-says-we-have-already-won,"San Franciscans Recall Leftist Boudin , Who Says ,  We Have Already Won  ",20220608T203000Z,cnsnews.com,English,United States,True,unclassified
https://www.realclearpolitics.com/2022/06/08/inflation_immigration_crime_what_was_left_thinking_571896.html,"Inflation , Immigration , Crime : What Was Left Thinking ? ",20220608T190000Z,realclearpolitics.com,English,United States,False,national
https://www.realclearpolitics.com/2022/06/08/what_is_the_left_thinking_571896.html,What Is the Left Thinking ? | RealClearPolitics,20220608T233000Z,realclearpolitics.com,English,United States,False,national
https://www.pbs.org/newshour/politics/watch-president-biden-calls-on-states-to-combat-gun-violence,WATCH : President Biden calls on states to combat gun violence,20220608T211500Z,pbs.org,English,United States,False,unclassified
https://www.durangoherald.com/articles/dems-confront-criticism-on-crime-after-san-francisco-defeat/,Dems confront criticism on crime after San Francisco defeat,20220608T214500Z,durangoherald.com,English,United States,False,unclassified
https://article.wn.com/view/2022/06/09/Why_Chesa_Boudin_recall_is_not_the_widespread_rejection_of_l/,Why Chesa Boudin recall is not the widespread rejection of law enforcement reform some say : experts,20220609T021500Z,article.wn.com,English,United States,True,unclassified
http://www.msn.com/en-us/news/world/bad-night-for-progressives-in-us-polls-maybe/ar-AAYegeH,Bad night for progressives in US polls ? Maybe,20220608T213000Z,msn.com,English,United States,False,unclassified
https://www.bignewsnetwork.com/news/272580165/us-primary-voting-carries-warning-message-for-democrats,US Primary Voting Carries Warning Message for Democrats,20220609T010000Z,bignewsnetwork.com,English,United States,False,unclassified
https://www.floridastatesman.com/news/272580165/us-primary-voting-carries-warning-message-for-democrats,US Primary Voting Carries Warning Message for Democrats,20220609T021500Z,floridastatesman.com,English,United States,False,unclassified
https://www.ebar.com/index.php?id=316296,Bay Area Reporter :: Voters recall SF DA Boudin,20220608T204500Z,ebar.com,English,United States,True,unclassified
http://www.msn.com/en-us/news/politics/primary-sends-mixed-signals-in-heavily-democratic-california/ar-AAYeNEl,Primary sends mixed signals in heavily Democratic California,20220609T011500Z,msn.com,English,United States,False,unclassified
https://www.foxnews.com/media/laura-ingraham-embraced-liberal-policies-bring-misery-everyone,"Laura Ingraham : When embraced , liberal policies bring misery for everyone",20220609T043000Z,foxnews.com,English,United States,False,national
https://www.wapt.com/article/san-francisco-ousts-progressive-da-chesa-boudin/40223541,San Francisco ousts progressive DA Chesa Boudin in heated recall,20220608T184500Z,wapt.com,English,United States,True,unclassified
https://www.city-sentinel.com/criminal_justice/san-francisco-ousts-liberal-da-chesa-boudin-in-heated-recall/article_5c38e91e-e742-11ec-a424-af7111548838.html,San Francisco ousts liberal DA Chesa Boudin in heated recall,20220608T191500Z,city-sentinel.com,English,United States,True,unclassified
https://www.ketv.com/article/san-francisco-ousts-progressive-da-chesa-boudin/40223541,San Francisco ousts progressive DA Chesa Boudin in heated recall,20220608T193000Z,ketv.com,English,United States,True,unclassified
https://www.wjcl.com/article/san-francisco-ousts-progressive-da-chesa-boudin/40223541,San Francisco ousts progressive DA Chesa Boudin in heated recall,20220608T203000Z,wjcl.com,English,United States,True,unclassified
https://www.wpbf.com/article/san-francisco-ousts-progressive-da-chesa-boudin/40223541,San Francisco ousts progressive DA Chesa Boudin in heated recall,20220608T203000Z,wpbf.com,English,United States,True,unclassified
https://www.wlky.com/article/san-francisco-ousts-progressive-da-chesa-boudin/40223541,San Francisco ousts progressive DA Chesa Boudin in heated recall,20220608T224500Z,wlky.com,English,United States,True,unclassified
https://www.wisn.com/article/san-francisco-ousts-progressive-da-chesa-boudin/40223541,San Francisco ousts progressive DA Chesa Boudin in heated recall,20220609T021500Z,wisn.com,English,United States,True,unclassified
https://www.kalw.org/kalw-news/2022-06-08/prop-c-rejected,San Francisco voters reject Proposition C,20220609T043000Z,kalw.org,English,United States,False,local
https://redstate.com/jenniferoo/2022/06/08/republican-angela-underwood-jacobs-leads-the-top-two-for-lt-governor-of-california-n576118,Republican Angela Underwood Jacobs Leads the Top Two for Lt . Governor of California,20220608T201500Z,redstate.com,English,United States,False,unclassified
https://www.sfchronicle.com/bayarea/article/Breed-Recall-doesn-t-mean-progressive-approach-17228410.php,Breed : Recall doesnt mean progressive approach to criminal justice reform is over,20220608T201500Z,sfchronicle.com,English,United States,True,local
https://www.wsws.org/en/articles/2022/06/09/mqig-j09.html,San Francisco DA recalled as Democratic Party shifts further to the right,20220609T040000Z,wsws.org,English,United States,True,unclassified
https://www.kalw.org/kalw-news/2022-06-08/san-francisco-da-boudin-recalled-in-landslide,San Francisco DA Boudin recalled in landslide,20220608T184500Z,kalw.org,English,United States,True,local
http://www.msn.com/en-us/news/politics/progressive-da-recalled-in-california-elections-with-high-stakes-and-low-turnout/ar-AAYeJxm,Progressive DA recalled in California elections with high stakes – and low turnout,20220609T011500Z,msn.com,English,United States,True,unclassified
https://www.washingtontimes.com/news/2022/jun/8/biden-tuesdays-primaries-were-referendum-crime/,Biden says Tuesday primaries were a referendum on crime,20220608T191500Z,washingtontimes.com,English,United States,False,national
https://www.washingtontimes.com:443/news/2022/jun/8/biden-tuesdays-primaries-were-referendum-crime/,Biden says Tuesday primaries were a referendum on crime,20220608T194500Z,washingtontimes.com,English,United States,False,national
https://news.yahoo.com/editorial-ignore-early-reviews-californias-231826180.html,Editorial : Ignore the early reviews . California criminal justice reform movement fared well on election day,20220609T000000Z,news.yahoo.com,English,United States,False,unclassified
https://www.nytimes.com/interactive/2022/06/07/us/elections/results-mississippi-us-house-district-3.html,Mississippi Third Congressional District Primary Election Results,20220608T223000Z,nytimes.com,English,United States,False,national
https://www.nytimes.com/interactive/2022/06/07/us/elections/results-new-mexico-secretary-of-state.html,New Mexico Secretary of State Primary Election Results,20220608T214500Z,nytimes.com,English,United States,False,national
https://www.foxla.com/news/orange-county-election-results-spitzer-reelected-as-da-supervisor-seat-headed-for-runoff,"Orange County election results : Spitzer reelected as DA , Supervisor seat headed for runoff",20220609T024500Z,foxla.com,English,United States,False,unclassified
https://www.msn.com/en-us/news/crime/editorial-ignore-the-early-reviews-california-s-criminal-justice-reform-movement-fared-well-on-election-day/ar-AAYeYJU,Editorial : Ignore the early reviews . California criminal justice reform movement fared well on election day,20220609T003000Z,msn.com,English,United States,False,unclassified
https://www.msn.com/en-us/news/crime/editorial-ignore-the-early-reviews-californias-criminal-justice-reform-movement-fared-well-on-election-day/ar-AAYeYJU,Editorial : Ignore the early reviews . California criminal justice reform movement fared well on election day,20220609T000000Z,msn.com,English,United States,False,unclassified
https://www.latimes.com/opinion/story/2022-06-08/boudin-loss-and-wins-criminal-justice-reform,Editorial : Ignore the early reviews . California criminal justice reform movement fared well on election day,20220609T003000Z,latimes.com,English,United States,False,national
https://www.aei.org/op-eds/what-were-they-thinking/,What Were They Thinking ? | American Enterprise Institute,20220608T223000Z,aei.org,English,United States,False,unclassified
https://www.washingtonexaminer.com/restoring-america/fairness-justice/wh-uses-san-francisco-da-recall-to-distance-democrats-from-defund-the-police,WH uses San Francisco DA recall to distance Democrats from  defund the police  ,20220608T204500Z,washingtonexaminer.com,English,United States,True,unclassified
https://news.yahoo.com/asian-american-voters-help-oust-000941006.html,Asian American voters help oust San Francisco DA Chesa Boudin in recall election,20220609T003000Z,news.yahoo.com,English,United States,True,unclassified
https://www.foxnews.com/media/greg-gutfeld-chesa-boudin-dangerous-white-leftist,Greg Gutfeld : The only thing more dangerous to a minority population is a White leftist,20220609T013000Z,foxnews.com,English,United States,False,national
https://www.breitbart.com/politics/2022/06/08/report-u-s-has-75-soros-backed-radical-prosecutors/,Report : U . S . Has 75  Soros - backed  Radical Prosecutors,20220608T230000Z,breitbart.com,English,United States,False,national
https://news.yahoo.com/bad-night-progressives-us-polls-205113829.html,Bad night for progressives in US polls ? Maybe,20220608T214500Z,news.yahoo.com,English,United States,False,unclassified
https://minnlawyer.com/2022/06/08/san-francisco-ousts-liberal-da-boudin-in-heated-recall/,San Francisco ousts liberal DA Boudin in heated recall,20220608T204500Z,minnlawyer.com,English,United States,True,unclassified
https://www.durangoherald.com/articles/primary-sends-mixed-signals-in-heavily-democratic-california/,Primary sends mixed signals in heavily Democratic California,20220609T021500Z,durangoherald.com,English,United States,False,unclassified
https://www.amren.com/blog/2022/06/chesa-boudin-crime-asian-vote/,Who Got Rid of Chesa Boudin ? - American Renaissance,20220608T223000Z,amren.com,English,United States,True,unclassified
https://www.sfchronicle.com/election/article/These-were-the-neighborhoods-that-drove-the-17228393.php,Chesa Boudin recall : SF neighborhood voter data reveals key reason for ouster,20220608T201500Z,sfchronicle.com,English,United States,True,local
https://www.washingtonpost.com/politics/2022/06/08/crime-midterms-democrats/,Crime is a growing theme ahead of midterm elections - The Washington Post,20220608T183000Z,washingtonpost.com,English,United States,False,national
https://www.newser.com/story/321515/what-progressive-das-recall-means-for-democrats.html,What Progressive DA Recall Means for Democrats,20220608T190000Z,newser.com,English,United States,True,unclassified
https://www.breitbart.com:443/politics/2022/06/08/audio-murder-suspect-wants-plea-deal-to-avoid-death-penalty-before-voters-recall-george-gascon/,AUDIO : Murder Suspect Wants Plea Deal to Avoid Death Penalty Before Voters Recall George Gascón,20220609T003000Z,breitbart.com,English,United States,True,national
https://www.breitbart.com/politics/2022/06/08/audio-murder-suspect-wants-plea-deal-to-avoid-death-penalty-before-voters-recall-george-gascon/,AUDIO : Murder Suspect Wants Plea Deal to Avoid Death Penalty Before Voters Recall George Gascón,20220609T001500Z,breitbart.com,English,United States,True,national
https://www.nytimes.com/2022/06/08/briefing/gun-hearings-ukraine-bridge-jurassic-world.html,Your Wednesday Evening Briefing,20220608T234500Z,nytimes.com,English,United States,False,national
https://www.chron.com/news/article/Dems-confront-criticism-on-crime-after-San-17228820.php,Dems confront criticism on crime after San Francisco defeat,20220608T221500Z,chron.com,English,United States,False,unclassified
https://www.sfgate.com/news/article/Dems-confront-criticism-on-crime-after-San-17228820.php,Dems confront criticism on crime after San Francisco defeat,20220608T214500Z,sfgate.com,English,United States,False,local
https://www.foxnews.com/us/alvin-bragg-nyc-mayor-eric-adams-criticism,DA Alvin Bragg evades NYC Mayor Eric Adams criticism that criminal justice system is  laughingstock  ,20220608T211500Z,foxnews.com,English,United States,False,national
https://www.newsweek.com/will-ls-woke-da-george-gascon-next-victim-california-revolt-1705788,Will L . A .  Woke  DA George Gascón Be Next Victim of California Revolt ? ,20220608T211500Z,newsweek.com,English,United States,False,national
https://www.wfmz.com/news/us/dems-confront-criticism-on-crime-after-san-francisco-defeat/article_ea693c5e-e772-11ec-a138-ef27d3096493.html,Dems confront criticism on crime after San Francisco defeat,20220608T234500Z,wfmz.com,English,United States,False,unclassified
https://abcnews.go.com/Politics/wireStory/dems-confront-criticism-crime-san-francisco-defeat-85270659,Dems confront criticism on crime after San Francisco defeat,20220608T221500Z,abcnews.go.com,English,United States,False,national
https://www.ctpost.com/news/article/Dems-confront-criticism-on-crime-after-San-17228820.php,Dems confront criticism on crime after San Francisco defeat,20220608T223000Z,ctpost.com,English,United States,False,unclassified
https://www.startribune.com/dems-confront-criticism-on-crime-after-san-francisco-defeat/600180411/,Dems confront criticism on crime after San Francisco defeat,20220608T224500Z,startribune.com,English,United States,False,unclassified
https://www.stltoday.com/news/article_6124c321-497c-5186-9e5a-95f1b68b8736.html,Dems confront criticism on crime after San Francisco defeat,20220608T220000Z,stltoday.com,English,United States,False,unclassified
https://www.sandiegouniontribune.com/news/california/story/2022-06-08/dems-confront-criticism-on-crime-after-san-francisco-defeat,Dems confront criticism on crime after San Francisco defeat,20220608T233000Z,sandiegouniontribune.com,English,United States,False,unclassified
https://mynorthwest.com/3508860/dems-confront-criticism-on-crime-after-san-francisco-defeat/,Dems confront criticism on crime after San Francisco defeat,20220608T231500Z,mynorthwest.com,English,United States,False,unclassified
https://www.dailyherald.com/article/20220608/news/306089903/,Dems confront criticism on crime after San Francisco defeat,20220608T223000Z,dailyherald.com,English,United States,False,unclassified
https://www.pressherald.com/2022/06/08/democrats-confront-criticism-on-crime-after-san-francisco-defeat/,Democrats confront criticism on crime after San Francisco defeat,20220609T001500Z,pressherald.com,English,United States,False,unclassified
https://www.stamfordadvocate.com/news/article/Dems-confront-criticism-on-crime-after-San-17228820.php,Dems confront criticism on crime after San Francisco defeat,20220609T001500Z,stamfordadvocate.com,English,United States,False,unclassified
https://www.greenwichtime.com/news/article/Dems-confront-criticism-on-crime-after-San-17228820.php,Dems confront criticism on crime after San Francisco defeat,20220609T001500Z,greenwichtime.com,English,United States,False,unclassified
https://tulsaworld.com/news/national/dems-confront-criticism-on-crime-after-san-francisco-defeat/article_7471036f-0293-517f-8db3-b14d4c803b9a.html,Dems confront criticism on crime after San Francisco defeat,20220608T220000Z,tulsaworld.com,English,United States,False,unclassified
https://tucson.com/news/national/dems-confront-criticism-on-crime-after-san-francisco-defeat/article_982aa4c0-66f0-5857-8462-050633577353.html,Dems confront criticism on crime after San Francisco defeat,20220608T233000Z,tucson.com,English,United States,False,unclassified
https://www.newstimes.com/news/article/Dems-confront-criticism-on-crime-after-San-17228820.php,Dems confront criticism on crime after San Francisco defeat,20220608T233000Z,newstimes.com,English,United States,False,unclassified
https://www.nhregister.com/news/article/Dems-confront-criticism-on-crime-after-San-17228820.php,Dems confront criticism on crime after San Francisco defeat,20220608T220000Z,nhregister.com,English,United States,False,unclassified
http://www.msn.com/en-us/news/crime/da-alvin-bragg-evades-nyc-mayor-eric-adams-criticism-that-criminal-justice-system-is-laughingstock/ar-AAYeLPm,DA Alvin Bragg evades NYC Mayor Eric Adams criticism that criminal justice system is  laughingstock  ,20220608T213000Z,msn.com,English,United States,False,unclassified
https://www.whec.com/national/dems-confront-criticism-on-crime-after-san-francisco-defeat/6495268/?cat=10036,Dems confront criticism on crime after San Francisco defeat,20220608T233000Z,whec.com,English,United States,False,unclassified
https://www.news-gazette.com/news/nation-world/dems-confront-criticism-on-crime-after-san-francisco-defeat/article_1e853609-2b2e-5ef9-8128-9472ea91f22f.html,Dems confront criticism on crime after San Francisco defeat,20220609T001500Z,news-gazette.com,English,United States,False,unclassified
https://www.expressnews.com/news/article/Dems-confront-criticism-on-crime-after-San-17228820.php,Dems confront criticism on crime after San Francisco defeat,20220608T234500Z,expressnews.com,English,United States,False,unclassified
https://www.turnto23.com/news/election-2022/dems-confront-criticism-on-crime-after-san-francisco-defeat,Dems confront criticism on crime after San Francisco defeat,20220609T020000Z,turnto23.com,English,United States,False,unclassified
https://www.msn.com/en-us/news/politics/news-analysis-after-primaries-california-takes-on-unique-role-in-battle-for-control-of-congress/ar-AAYeRWe,"News Analysis : After primaries , California takes on unique role in battle for control of Congress",20220608T231500Z,msn.com,English,United States,False,unclassified
https://www.registercitizen.com/news/article/Primary-sends-mixed-signals-in-heavily-Democratic-17229270.php,Primary sends mixed signals in heavily Democratic California,20220609T020000Z,registercitizen.com,English,United States,False,unclassified
https://www.latimes.com/politics/story/2022-06-08/la-na-pol-california-primary-analysis-general-election-congress,How California factors into the battle for control of Congress,20220608T224500Z,latimes.com,English,United States,False,national
https://freerepublic.com/tag/*/index?more=4069707,Latest Articles,20220609T043000Z,freerepublic.com,English,United States,False,national
https://siouxcityjournal.com/news/national/dems-confront-criticism-on-crime-after-san-francisco-defeat/article_5dc01145-8a9b-5d7d-87eb-4daa5af1649a.html,Dems confront criticism on crime after San Francisco defeat,20220608T220000Z,siouxcityjournal.com,English,United States,False,unclassified
https://missoulian.com/news/national/dems-confront-criticism-on-crime-after-san-francisco-defeat/article_204468e6-618b-5fea-90cf-29a40f57c271.html,Dems confront criticism on crime after San Francisco defeat,20220608T231500Z,missoulian.com,English,United States,False,unclassified
https://www.bakersfield.com/ap/national/dems-confront-criticism-on-crime-after-san-francisco-defeat/article_40cf15e0-071b-5872-92a2-aaafde0968da.html,Dems confront criticism on crime after San Francisco defeat,20220608T234500Z,bakersfield.com,English,United States,False,unclassified
https://www.smdailyjournal.com/news/bay_area/dems-confront-criticism-on-crime-after-san-francisco-defeat/article_77dd6fd4-e777-11ec-848b-2b7f68e09670.html,Dems confront criticism on crime after San Francisco defeat,20220608T230000Z,smdailyjournal.com,English,United States,False,local
https://www.thehour.com/news/article/Dems-confront-criticism-on-crime-after-San-17228820.php,Dems confront criticism on crime after San Francisco defeat,20220608T214500Z,thehour.com,English,United States,False,unclassified
https://poststar.com/news/national/gymnasts-seek-1-billion-from-fbi-calls-to-act-after-deadly-shootings-and-a-seals/article_a41d4087-7c3e-554b-b968-c2ae1225f215.html,"Gymnasts seek $1 billion from FBI , calls to act after deadly shootings and a Seals and Crofts co - founder die : Listen to today top headlines",20220608T191500Z,poststar.com,English,United States,False,unclassified
http://new.irasciblemusings.com/author/michael-barone-washington-examiner/,"Michael Barone , Washington Examiner – Irascible Musings",20220608T203000Z,new.irasciblemusings.com,English,United States,False,unclassified
https://www.sfchronicle.com/bayarea/article/Can-London-Breed-pull-off-high-wire-act-Boudin-17229193.php,Chesa Boudin recall puts spotlight on SF Mayor London Breed,20220609T014500Z,sfchronicle.com,English,United States,True,local
https://www.washingtonpost.com/opinions/2022/06/08/chesa-boudin-recall-reflects-fear-of-crime-but-shouldnt-halt-reform/,"Opinion | Chesa Boudin recall reflects fear of crime , but shouldnt halt reform",20220608T231500Z,washingtonpost.com,English,United States,True,national
https://www.washingtonpost.com/opinions/2022/06/08/democrats-trouble-crime-debate-confused/,Opinion | Are Democrats in trouble on crime ? Or is our debate deeply confused ? ,20220608T231500Z,washingtonpost.com,English,United States,False,national
https://www.gjsentinel.com/news/us/dems-confront-criticism-on-crime-after-san-francisco-defeat/article_0bb5abf2-3c39-5c72-ac14-947b06e4fe1f.html,Dems confront criticism on crime after San Francisco defeat,20220609T010000Z,gjsentinel.com,English,United States,False,unclassified
https://www.journalgazette.net/news/national/dems-confront-criticism-on-crime-after-san-francisco-defeat/article_08705461-d1d7-5aef-9ec7-bfada37672fb.html,Dems confront criticism on crime after San Francisco defeat,20220609T020000Z,journalgazette.net,English,United States,False,unclassified
https://www.berkshireeagle.com/ap/national/dems-confront-criticism-on-crime-after-san-francisco-defeat/article_c623bc63-db09-5ac3-9b78-5b4f0198f331.html,Dems confront criticism on crime after San Francisco defeat,20220609T011500Z,berkshireeagle.com,English,United States,False,unclassified
https://www.greenwichtime.com/news/article/Primary-sends-mixed-signals-in-heavily-Democratic-17229270.php,Primary sends mixed signals in heavily Democratic California,20220609T023000Z,greenwichtime.com,English,United States,False,unclassified
https://www.yakimaherald.com/news/nation_and_world/nation/dems-confront-criticism-on-crime-after-san-francisco-defeat/article_793276e2-20b4-5131-a72d-3d083944bb01.html,Dems confront criticism on crime after San Francisco defeat,20220609T033000Z,yakimaherald.com,English,United States,False,unclassified
https://wacotrib.com/news/national/gymnasts-seek-1-billion-from-fbi-calls-to-act-after-deadly-shootings-and-a-seals/article_bea888d8-0445-55f1-ab92-61199c9681dd.html,"Gymnasts seek $1 billion from FBI , calls to act after deadly shootings and a Seals and Crofts co - founder die : Listen to today top headlines",20220608T191500Z,wacotrib.com,English,United States,False,unclassified
https://freerepublic.com/tag/*/index?more=4069661,Latest Articles,20220609T013000Z,freerepublic.com,English,United States,False,national
https://www.chron.com/news/article/Primary-sends-mixed-signals-in-heavily-Democratic-17229270.php,Primary sends mixed signals in heavily Democratic California,20220609T020000Z,chron.com,English,United States,False,unclassified
https://www.sfgate.com/news/article/Primary-sends-mixed-signals-in-heavily-Democratic-17229270.php,Primary sends mixed signals in heavily Democratic California,20220609T011500Z,sfgate.com,English,United States,False,local
https://www.wral.com/primary-sends-mixed-signals-in-heavily-democratic-california/20321814/,Primary sends mixed signals in heavily Democratic California :: WRAL . com,20220609T040000Z,wral.com,English,United States,False,unclassified
https://apnews.com/3cf602b710b6a76ab7952698b4f601ca,Primary sends mixed signals in heavily Democratic California,20220609T021500Z,apnews.com,English,United States,False,national
https://apnews.com/article/2022-midterm-elections-los-angeles-california-san-francisco-gavin-newsom-3cf602b710b6a76ab7952698b4f601ca,Primary sends mixed signals in heavily Democratic California,20220609T020000Z,apnews.com,English,United States,False,national
https://www.lapd.com/article/newswatch-june-8-2022,"NewsWatch June 8 , 2022",20220609T040000Z,lapd.com,English,United States,False,unclassified
https://townhall.com/columnists/austinbay/2022/06/09/political-corruption-and-injustice-threaten-us-national-security-n2608444,Political Corruption and Injustice Threaten U . S . National Security,20220609T043000Z,townhall.com,English,United States,False,unclassified
https://classichits1390.iheart.com/featured/the-clay-travis-and-buck-sexton-show/content/2022-06-09-clay-travis-and-buck-sexton-nv-senate-candidate-laxalt-sounds-the-alarm-on-danger-from-the-left/,NV Senate Candidate Laxalt Sounds the Alarm on Danger from the Left | 1390 KRRZ | The Clay Travis and Buck Sexton Show,20220609T023000Z,classichits1390.iheart.com,English,United States,False,unclassified
https://www.sandiegouniontribune.com/news/california/story/2022-06-08/primary-sends-mixed-signals-in-heavily-democratic-california,Primary sends mixed signals in heavily Democratic California,20220609T011500Z,sandiegouniontribune.com,English,United States,False,unclassified
https://mynorthwest.com/3509108/primary-sends-mixed-signals-in-heavily-democratic-california/,Primary sends mixed signals in heavily Democratic California,20220609T033000Z,mynorthwest.com,English,United States,False,unclassified
https://madison.com/news/national/primary-sends-mixed-signals-in-heavily-democratic-california/article_7f5d4f18-80be-591a-ae5b-f02a70beb5cb.html,Primary sends mixed signals in heavily Democratic California,20220609T031500Z,madison.com,English,United States,False,unclassified
https://www.wfmz.com/news/primary-sends-mixed-signals-in-heavily-democratic-california/article_e935cd81-8f04-5471-919d-0901766ca6ca.html,Primary sends mixed signals in heavily Democratic California,20220609T013000Z,wfmz.com,English,United States,False,unclassified
https://tucson.com/news/national/primary-sends-mixed-signals-in-heavily-democratic-california/article_1928b556-01b9-53a9-94b9-fbab8e378ab2.html,Primary sends mixed signals in heavily Democratic California,20220609T030000Z,tucson.com,English,United States,False,unclassified
https://www.msn.com/en-gb/news/world/to-some-guns-are-more-important-than-children-families-testify-at-house-hearing-live/ar-AAYdD9U,"  To some , guns are more important than children : families testify at House hearing – live",20220608T193000Z,msn.com,English,United States,False,unclassified
https://www.vcstar.com/story/news/politics/2022/06/08/ca-election-results-governor-senate-insurance-commissioner-election-results-california-primary/7554384001/,"Election results California : governor , Senate , insurance commissioner",20220608T190000Z,vcstar.com,English,United States,False,unclassified
https://www.ctpost.com/news/article/Primary-sends-mixed-signals-in-heavily-Democratic-17229270.php,Primary sends mixed signals in heavily Democratic California,20220609T024500Z,ctpost.com,English,United States,False,unclassified
https://www.desertsun.com/story/news/politics/2022/06/08/ca-election-results-governor-senate-insurance-commissioner-election-results-california-primary/7554384001/,"Election results California : governor , Senate , insurance commissioner",20220608T224500Z,desertsun.com,English,United States,False,unclassified
https://www.channel3000.com/i/primary-sends-mixed-signals-in-heavily-democratic-california/,Primary sends mixed signals in heavily Democratic California,20220609T023000Z,channel3000.com,English,United States,False,unclassified
https://www.stamfordadvocate.com/news/article/Primary-sends-mixed-signals-in-heavily-Democratic-17229270.php,Primary sends mixed signals in heavily Democratic California,20220609T030000Z,stamfordadvocate.com,English,United States,False,unclassified
https://m.lasvegassun.com/news/2022/jun/08/primary-sends-mixed-signals-in-heavily-democratic/,Primary sends mixed signals in heavily Democratic California,20220609T040000Z,m.lasvegassun.com,English,United States,False,unclassified
https://www.newstimes.com/news/article/Primary-sends-mixed-signals-in-heavily-Democratic-17229270.php,Primary sends mixed signals in heavily Democratic California,20220609T024500Z,newstimes.com,English,United States,False,unclassified
https://www.nhregister.com/news/article/Primary-sends-mixed-signals-in-heavily-Democratic-17229270.php,Primary sends mixed signals in heavily Democratic California,20220609T013000Z,nhregister.com,English,United States,False,unclassified
https://www.whec.com/politics/primary-sends-mixed-signals-in-heavily-democratic-california/6495418/?cat=10036,Primary sends mixed signals in heavily Democratic California,20220609T040000Z,whec.com,English,United States,False,unclassified
https://www.bakersfield.com/ap/national/primary-sends-mixed-signals-in-heavily-democratic-california/article_60597fa5-a70e-5237-82f1-3beb7091d3a2.html,Primary sends mixed signals in heavily Democratic California,20220609T044500Z,bakersfield.com,English,United States,False,unclassified
https://wnyt.com/politics/primary-sends-mixed-signals-in-heavily-democratic-california/6495421/?cat=661,Primary sends mixed signals in heavily Democratic California,20220609T044500Z,wnyt.com,English,United States,False,unclassified
https://isp.netscape.com/news/story/0001/20220609/3cf602b710b6a76ab7952698b4f601ca,Primary sends mixed signals in heavily Democratic California,20220609T014500Z,isp.netscape.com,English,United States,False,unclassified
https://www.wboc.com/news/national/primary-sends-mixed-signals-in-heavily-democratic-california/article_c7be5eff-e3f7-56b9-a37b-67b2110c21c9.html,Primary sends mixed signals in heavily Democratic California,20220609T020000Z,wboc.com,English,United States,False,unclassified
https://www.thehour.com/news/article/Primary-sends-mixed-signals-in-heavily-Democratic-17229270.php,Primary sends mixed signals in heavily Democratic California,20220609T021500Z,thehour.com,English,United States,False,unclassified
https://www.kxly.com/i/primary-sends-mixed-signals-in-heavily-democratic-california/,Primary sends mixed signals in heavily Democratic California,20220609T023000Z,kxly.com,English,United States,False,unclassified
https://www.visaliatimesdelta.com/story/news/politics/2022/06/08/ca-election-results-governor-senate-insurance-commissioner-election-results-california-primary/7554384001/,"Election results California : governor , Senate , insurance commissioner",20220609T021500Z,visaliatimesdelta.com,English,United States,False,unclassified
http://www.hngn.com/articles/242623/20220608/joe-biden-vs-stairs-goes-viral-potus-slips-climbing-air-force-one.htm,Joe Biden vs . Stairs Goes Viral After POTUS Slips While Climbing Air Force One [ VIDEO ] ,20220609T010000Z,hngn.com,English,United States,False,unclassified
https://www.kaaltv.com/national-news/dems-confront-criticism-on-crime-after-san-francisco-defeat/6495270/?cat=10159,Dems confront criticism on crime after San Francisco defeat,20220608T230000Z,kaaltv.com,English,United States,False,unclassified
https://www.myjournalcourier.com/news/article/Dems-confront-criticism-on-crime-after-San-17228820.php,Dems confront criticism on crime after San Francisco defeat,20220608T214500Z,myjournalcourier.com,English,United States,False,unclassified
https://www.ifiberone.com/news/national_news/dems-confront-criticism-on-crime-after-san-francisco-defeat/article_f45db5ae-0317-599f-9d2d-62d73b9efbe8.html,Dems confront criticism on crime after San Francisco defeat,20220608T220000Z,ifiberone.com,English,United States,False,unclassified
https://www.theridgefieldpress.com/news/article/Dems-confront-criticism-on-crime-after-San-17228820.php,Dems confront criticism on crime after San Francisco defeat,20220608T221500Z,theridgefieldpress.com,English,United States,False,unclassified
https://www.middletownpress.com/news/article/Dems-confront-criticism-on-crime-after-San-17228820.php,Dems confront criticism on crime after San Francisco defeat,20220608T224500Z,middletownpress.com,English,United States,False,unclassified
https://www.sheltonherald.com/news/article/Dems-confront-criticism-on-crime-after-San-17228820.php,Dems confront criticism on crime after San Francisco defeat,20220609T001500Z,sheltonherald.com,English,United States,False,unclassified
https://www.registercitizen.com/news/article/Dems-confront-criticism-on-crime-after-San-17228820.php,Dems confront criticism on crime after San Francisco defeat,20220608T231500Z,registercitizen.com,English,United States,False,unclassified
https://www.trumbulltimes.com/news/article/Dems-confront-criticism-on-crime-after-San-17228820.php,Dems confront criticism on crime after San Francisco defeat,20220608T234500Z,trumbulltimes.com,English,United States,False,unclassified
https://www.wiltonbulletin.com/news/article/Dems-confront-criticism-on-crime-after-San-17228820.php,Dems confront criticism on crime after San Francisco defeat,20220608T230000Z,wiltonbulletin.com,English,United States,False,unclassified
https://www.ncadvertiser.com/news/article/Dems-confront-criticism-on-crime-after-San-17228820.php,Dems confront criticism on crime after San Francisco defeat,20220608T223000Z,ncadvertiser.com,English,United States,False,unclassified
https://www.theintelligencer.com/news/article/Dems-confront-criticism-on-crime-after-San-17228820.php,Dems confront criticism on crime after San Francisco defeat,20220608T223000Z,theintelligencer.com,English,United States,False,unclassified
https://www.darientimes.com/news/article/Dems-confront-criticism-on-crime-after-San-17228820.php,Dems confront criticism on crime after San Francisco defeat,20220609T000000Z,darientimes.com,English,United States,False,unclassified
https://www.ifiberone.com/south_sound/news/national_news/dems-confront-criticism-on-crime-after-san-francisco-defeat/article_f45db5ae-0317-599f-9d2d-62d73b9efbe8.html,Dems confront criticism on crime after San Francisco defeat,20220608T220000Z,ifiberone.com,English,United States,False,unclassified
https://muscatinejournal.com/news/national/dems-confront-criticism-on-crime-after-san-francisco-defeat/article_c7deb518-14f6-57af-b771-503ac628666f.html,Dems confront criticism on crime after San Francisco defeat,20220608T220000Z,muscatinejournal.com,English,United States,False,unclassified
https://www.couriernews.com/news/national/dems-confront-criticism-on-crime-after-san-francisco-defeat/article_1b18c176-2bcc-5437-bea2-e1d0d57165db.html,Dems confront criticism on crime after San Francisco defeat,20220609T040000Z,couriernews.com,English,United States,False,unclassified
https://www.bozemandailychronicle.com/ap_news/us/dems-confront-criticism-on-crime-after-san-francisco-defeat/article_cdcd668e-779e-573d-9218-d5189b749604.html,Dems confront criticism on crime after San Francisco defeat,20220608T224500Z,bozemandailychronicle.com,English,United States,False,unclassified
https://www.caledonianrecord.com/news/national/dems-confront-criticism-on-crime-after-san-francisco-defeat/article_5edb9854-e8a0-5422-ab95-df382dac1e68.html,Dems confront criticism on crime after San Francisco defeat,20220608T234500Z,caledonianrecord.com,English,United States,False,unclassified
https://www.mymotherlode.com/news/national/general-election/2609151/dems-confront-criticism-on-crime-after-san-francisco-defeat.html,Dems confront criticism on crime after San Francisco defeat,20220608T221500Z,mymotherlode.com,English,United States,False,unclassified
https://www.kokomotribune.com/news/nation_world_news/dems-confront-criticism-on-crime-after-san-francisco-defeat/article_34242ec1-f425-5202-b759-d02aabd774fe.html,Dems confront criticism on crime after San Francisco defeat,20220609T004500Z,kokomotribune.com,English,United States,False,unclassified
https://accesswdun.com/article/2022/6/1108695,Dems confront criticism on crime after San Francisco de ... ,20220609T020000Z,accesswdun.com,English,United States,False,unclassified
https://www.thecalifornian.com/story/news/politics/2022/06/08/ca-election-results-governor-senate-insurance-commissioner-election-results-california-primary/7554384001/,"Election results California : governor , Senate , insurance commissioner",20220609T010000Z,thecalifornian.com,English,United States,False,unclassified
https://www.mdjonline.com/tribune/lifestyles/analysis-after-primaries-california-takes-on-unique-role-in-battle-for-control-of-congress/article_0a204399-2091-5060-bd4e-e79ddf747f1d.html,"Analysis : After primaries , California takes on unique role in battle for control of Congress",20220609T041500Z,mdjonline.com,English,United States,False,unclassified
https://www.ebar.com/news/news/316290,Bay Area Reporter :: Voters narrowly reject SF Muni bond,20220609T011500Z,ebar.com,English,United States,False,unclassified
https://www.redding.com/story/news/politics/2022/06/08/ca-election-results-governor-senate-insurance-commissioner-election-results-california-primary/7554384001/,"Election results California : governor , Senate , insurance commissioner",20220608T224500Z,redding.com,English,United States,False,unclassified
https://www.vvdailypress.com/story/news/politics/2022/06/08/ca-election-results-governor-senate-insurance-commissioner-election-results-california-primary/7554384001/,"Election results California : governor , Senate , insurance commissioner",20220608T214500Z,vvdailypress.com,English,United States,False,unclassified
https://www.mtshastanews.com/story/news/politics/2022/06/08/ca-election-results-governor-senate-insurance-commissioner-election-results-california-primary/7554384001/,"Election results California : governor , Senate , insurance commissioner",20220608T191500Z,mtshastanews.com,English,United States,False,unclassified
https://www.siskiyoudaily.com/story/news/politics/2022/06/08/ca-election-results-governor-senate-insurance-commissioner-election-results-california-primary/7554384001/,"Election results California : governor , Senate , insurance commissioner",20220608T221500Z,siskiyoudaily.com,English,United States,False,unclassified
https://www.recordnet.com/story/news/politics/2022/06/08/ca-election-results-governor-senate-insurance-commissioner-election-results-california-primary/7554384001/,"Election results California : governor , Senate , insurance commissioner",20220608T214500Z,recordnet.com,English,United States,False,unclassified
https://www.trumbulltimes.com/news/article/Primary-sends-mixed-signals-in-heavily-Democratic-17229270.php,Primary sends mixed signals in heavily Democratic California,20220609T044500Z,trumbulltimes.com,English,United States,False,unclassified
https://www.theridgefieldpress.com/news/article/Primary-sends-mixed-signals-in-heavily-Democratic-17229270.php,Primary sends mixed signals in heavily Democratic California,20220609T031500Z,theridgefieldpress.com,English,United States,False,unclassified
https://www.sheltonherald.com/news/article/Primary-sends-mixed-signals-in-heavily-Democratic-17229270.php,Primary sends mixed signals in heavily Democratic California,20220609T043000Z,sheltonherald.com,English,United States,False,unclassified
https://www.wiltonbulletin.com/news/article/Primary-sends-mixed-signals-in-heavily-Democratic-17229270.php,Primary sends mixed signals in heavily Democratic California,20220609T023000Z,wiltonbulletin.com,English,United States,False,unclassified
https://www.darientimes.com/news/article/Primary-sends-mixed-signals-in-heavily-Democratic-17229270.php,Primary sends mixed signals in heavily Democratic California,20220609T014500Z,darientimes.com,English,United States,False,unclassified
https://www.middletownpress.com/news/article/Primary-sends-mixed-signals-in-heavily-Democratic-17229270.php,Primary sends mixed signals in heavily Democratic California,20220609T013000Z,middletownpress.com,English,United States,False,unclassified
https://www.ncadvertiser.com/news/article/Primary-sends-mixed-signals-in-heavily-Democratic-17229270.php,Primary sends mixed signals in heavily Democratic California,20220609T020000Z,ncadvertiser.com,English,United States,False,unclassified
https://www.valdostadailytimes.com/news/national_international/primary-sends-mixed-signals-in-heavily-democratic-california/article_1f4992f0-6820-540e-b9f3-1d49decffc0a.html,Primary sends mixed signals in heavily Democratic California,20220609T044500Z,valdostadailytimes.com,English,United States,False,unclassified
https://www.register-herald.com/region/primary-sends-mixed-signals-in-heavily-democratic-california/article_7fdd06ca-c744-5689-9fc8-91a900a57922.html,Primary sends mixed signals in heavily Democratic California,20220609T041500Z,register-herald.com,English,United States,False,unclassified
https://www.mankatofreepress.com/news/state_national_news/primary-sends-mixed-signals-in-heavily-democratic-california/article_51bfb5ed-407d-54a1-830a-96f459b23212.html,Primary sends mixed signals in heavily Democratic California,20220609T043000Z,mankatofreepress.com,English,United States,False,unclassified
https://www.ifiberone.com/news/national_news/primary-sends-mixed-signals-in-heavily-democratic-california/article_3294bf4e-a647-56f5-ad60-ac77fa57e0b8.html,Primary sends mixed signals in heavily Democratic California,20220609T023000Z,ifiberone.com,English,United States,False,unclassified
https://www.caledonianrecord.com/news/national/primary-sends-mixed-signals-in-heavily-democratic-california/article_bd75ea2f-6e1b-5421-a6c4-d7e53eaaf5af.html,Primary sends mixed signals in heavily Democratic California,20220609T023000Z,caledonianrecord.com,English,United States,False,unclassified
https://www.nvdaily.com/associated_press_national/primary-sends-mixed-signals-in-heavily-democratic-california/article_22a4d0fa-9a09-597c-8bd4-5d908af3b165.html,Primary sends mixed signals in heavily Democratic California,20220609T014500Z,nvdaily.com,English,United States,False,unclassified
https://www.bozemandailychronicle.com/ap_news/us/primary-sends-mixed-signals-in-heavily-democratic-california/article_0c55f0a5-966a-5971-b57b-1ff0171747db.html,Primary sends mixed signals in heavily Democratic California,20220609T013000Z,bozemandailychronicle.com,English,United States,False,unclassified
https://www.ivpressonline.com/news/nation/primary-sends-mixed-signals-in-heavily-democratic-california/article_c949d7f7-1b8e-567e-ad5a-4ed9fb0b2774.html,Primary sends mixed signals in heavily Democratic California,20220609T021500Z,ivpressonline.com,English,United States,False,unclassified
https://www.mymotherlode.com/news/national/general-election/2609571/primary-sends-mixed-signals-in-heavily-democratic-california.html,Primary sends mixed signals in heavily Democratic California,20220609T021500Z,mymotherlode.com,English,United States,False,unclassified
https://accesswdun.com/article/2022/6/1108730,Primary sends mixed signals in heavily Democratic Calif ... ,20220609T020000Z,accesswdun.com,English,United States,False,unclassified
https://santamariatimes.com/news/state-and-regional/primary-sends-mixed-signals-in-heavily-democratic-california/article_0e489b25-0a5e-5cce-b5f2-dfa07c2b3d2a.html,Primary sends mixed signals in heavily Democratic California,20220609T020000Z,santamariatimes.com,English,United States,False,unclassified
https://drleonardcoldwell.com/2022/06/08/democrats-yell-do-something-on-guns-while-their-prosecutors-and-policies-create-our-culture-of-crime/,Democrats Yell  Do Something ! On Guns While Their Prosecutors And Policies Create Our Culture Of Crime,20220608T184500Z,drleonardcoldwell.com,English,United States,False,unclassified
https://www.wfae.org/united-states-world/united-states-world/2022-06-08/morning-news-brief,Morning news brief,20220608T183000Z,wfae.org,English,United States,False,unclassified
https://www.foxla.com/news/accused-killer-wants-plea-deal-before-gascon-recall-election,Accused killer wants plea deal before Gascón recall election,20220609T064500Z,foxla.com,English,United States,True,unclassified
https://www.wbal.com/article/569896/111/key-takeaways-from-the-june-7-primaries,Key takeaways from the June 7 primaries,20220609T113000Z,wbal.com,English,United States,False,unclassified
https://www.850wftl.com/key-takeaways-from-the-june-7-primaries/,Key takeaways from the June 7 primaries – 850 WFTL,20220609T140000Z,850wftl.com,English,United States,False,unclassified
https://kxel.com/2022/06/09/key-takeaways-from-the-june-7-primaries/,Key takeaways from the June 7 primaries,20220609T123000Z,kxel.com,English,United States,False,unclassified
https://news.yahoo.com/fear-over-crime-homelessness-california-120043420.html,Fear over crime and homelessness in California paid off in some primaries . Will it carry over to November ? ,20220609T131500Z,news.yahoo.com,English,United States,False,unclassified
https://www.latimes.com/california/story/2022-06-09/fear-crime-homelessness-california-primaries-recall-boudin-november,Crime and homelessness tilted California primaries . What next ? ,20220609T130000Z,latimes.com,English,United States,False,national
https://www.newdelhitimes.com/us-primary-voting-carries-warning-message-for-democrats/,US Primary Voting Carries Warning Message for Democrats - New Delhi Times - India Only International Newspaper,20220609T100000Z,newdelhitimes.com,English,United States,False,unclassified
https://www.wcvb.com/article/san-francisco-ousts-progressive-da-chesa-boudin/40223541,San Francisco ousts progressive DA Chesa Boudin in heated recall,20220609T061500Z,wcvb.com,English,United States,True,unclassified
https://www.latimes.com/california/story/2022-06-09/skelton-chesa-boudin-san-francisco-district-attorney-ouster,San Francisco voters had heard and seen enough of Chesa Boudin,20220609T123000Z,latimes.com,English,United States,True,national
https://www.msn.com/en-us/news/politics/san-francisco-voters-had-heard-and-seen-enough-of-chesa-boudin/ar-AAYfIRO,San Francisco voters had heard and seen enough of Chesa Boudin,20220609T130000Z,msn.com,English,United States,True,unclassified
https://www.heritage.org/crime-and-justice/commentary/recall-chesa-boudin-san-francisco-shows-rogue-prosecutor-movement,Recall of Chesa Boudin in San Francisco Shows Rogue Prosecutor Movement for Failure It Is,20220609T151500Z,heritage.org,English,United States,True,unclassified
https://www.cincinnati.com/story/opinion/op-ed/philboas/2022/06/08/san-francisco-voters-boot-extremists-chesa-boudin/7554050001/,San Francisco voters just said  to hell with the extremists  ,20220609T151500Z,cincinnati.com,English,United States,False,unclassified
https://nationalinterest.org/blog/politics/san-francisco-votes-overwhelmingly-oust-progressive-da-chesa-boudin-202911,San Francisco Votes Overwhelmingly to Oust Progressive DA Chesa Boudin,20220609T114500Z,nationalinterest.org,English,United States,True,unclassified
https://www.counterpunch.org/2022/06/09/how-they-made-chesa-boudin-the-fall-gay/,How They Made Chesa Boudin the Fall Gay,20220609T113000Z,counterpunch.org,English,United States,True,unclassified
https://radio.foxnews.com/2022/06/09/san-fran-felon-coddling-da-ousted/,San Fran Felon - Coddling DA Ousted ! ,20220609T150000Z,radio.foxnews.com,English,United States,False,unclassified
https://www.newyorker.com/news/the-political-scene/why-san-francisco-fired-chesa-boudin,Why San Francisco Fired Chesa Boudin,20220609T050000Z,newyorker.com,English,United States,True,unclassified
https://www.washingtonexaminer.com/news/midterm-memo-california-democrats-punish-incumbents-as-november-red-wave-builds,Midterm Memo : California Democrats punish incumbents as November red wave builds,20220609T104500Z,washingtonexaminer.com,English,United States,False,unclassified
https://canadafreepress.com/article/san-francisco-voters-oust-da-chesa-boudin-over-soft-on-crime-policies,San Francisco voters oust DA Chesa Boudin over soft - on - crime policies,20220609T130000Z,canadafreepress.com,English,United States,True,unclassified
https://cnsnews.com/index.php/article/national/susan-jones/san-franciscans-recall-leftist-boudin-who-says-we-have-already-won,"San Franciscans Recall Leftist Boudin , Who Says ,  We Have Already Won  ",20220609T103000Z,cnsnews.com,English,United States,True,unclassified
https://www.realclearpolitics.com/2022/06/09/american_voters_increasingly_worried_about_crime_571923.html,American Voters Increasingly Worried About Crime,20220609T134500Z,realclearpolitics.com,English,United States,False,national
https://www.washingtonexaminer.com/opinion/editorials/california-sends-democrats-a-warning-about-november,California sends Democrats a warning about November,20220609T093000Z,washingtonexaminer.com,English,United States,False,unclassified
http://www.msn.com/en-us/news/politics/california-sends-democrats-a-warning-about-november/ar-AAYf5kN,California sends Democrats a warning about November,20220609T054500Z,msn.com,English,United States,False,unclassified
https://www.nytimes.com/interactive/2022/06/07/us/elections/results-mississippi-us-house-district-4.html,Mississippi Fourth Congressional District Primary Election Results,20220609T073000Z,nytimes.com,English,United States,False,national
https://www.mediaite.com/tv/james-carville-turns-back-the-clock-to-deliver-chesa-boudins-electoral-autopsy-report-its-the-economy-stupid/,Carville Turns Back Clock on SF DA Race : The Economy Stupid,20220609T050000Z,mediaite.com,English,United States,False,unclassified
https://www.legitgov.org/san-francisco-voters-oust-da-chesa-boudin-over-soft-crime-policies,San Francisco voters oust DA Chesa Boudin over soft - on - crime policies,20220609T064500Z,legitgov.org,English,United States,True,unclassified
https://www.sfchronicle.com/opinion/letterstotheeditor/article/Letters-Here-are-the-qualifications-needed-for-17229070.php,Letters : Here are the qualifications needed for Chesa Boudin replacement,20220609T134500Z,sfchronicle.com,English,United States,True,local
https://hotair.com/ed-morrissey/2022/06/09/biden-nominee-cant-tell-you-if-sex-offenders-require-a-minimum-sentence-n475091,Biden nominee : Cant tell you if sex offenders require a minimum sentence,20220609T150000Z,hotair.com,English,United States,False,unclassified
https://dentonrc.com/opinion/columnists/what-were-they-thinking/article_e5812a65-036b-5cd9-841b-41d0ced05067.html,What were they thinking ? ,20220609T080000Z,dentonrc.com,English,United States,False,unclassified
https://www.governing.com/now/law-and-order-backlash-in-california,Law and Order Backlash in California,20220609T053000Z,governing.com,English,United States,False,unclassified
https://townhall.com/tipsheet/leahbarkoukis/2022/06/09/biden-tripped-up-the-stairs-again-n2608469,Watch : Biden Trips Up the Stairs ... Again,20220609T114500Z,townhall.com,English,United States,False,unclassified
https://www.thenation.com/article/politics/chesa-boudin-recall/,Why California Voters Recalled Chesa Boudin,20220609T104500Z,thenation.com,English,United States,True,unclassified
https://www.americanthinker.com/blog/2022/06/what_will_happen_now_that_voters_kicked_out_chesa.html,What will happen now that voters kicked out Chesa ? ,20220609T091500Z,americanthinker.com,English,United States,False,unclassified
https://www.ktvu.com/news/democrats-confront-criticism-on-crime-after-san-francisco-defeat-of-liberal-da,Democrats confront criticism on crime after San Francisco defeat of liberal DA,20220609T140000Z,ktvu.com,English,United States,False,local
https://nationalinterest.org/blog/politics/progressives-take-hit-los-angeles-and-san-francisco-votes-202896,Progressives Take a Hit in Los Angeles and San Francisco Votes,20220609T114500Z,nationalinterest.org,English,United States,False,unclassified
https://freerepublic.com/tag/*/index?more=4069717,Latest Articles,20220609T064500Z,freerepublic.com,English,United States,False,national
https://freerepublic.com/tag/*/index?more=4069715,Latest Articles,20220609T054500Z,freerepublic.com,English,United States,False,national
https://freerepublic.com/tag/*/index?more=4069710,Latest Articles,20220609T050000Z,freerepublic.com,English,United States,False,national
https://www.cnn.com/2022/06/08/politics/june-7-primary-election-winners-losers/,Election results : June 7 winners and losers,20220609T091500Z,cnn.com,English,United States,False,national
https://www.forbes.com/sites/zacheverson/2022/06/09/checks--imbalances-bill-aims-to-prevent-another-trump-hotel-but-would-it/,Checks & Imbalances : Bill Aims To Prevent Another Trump Hotel . But Would It ? ,20220609T151500Z,forbes.com,English,United States,False,unclassified
https://www.foxnews.com/opinion/greg-gutfeld-san-francisco-recall-district-attorney-chesa-boudin-sign-voters-done-progressive-experiments,Greg Gutfeld : SF recall of DA Chesa Boudin is a sign voters are done with  progressive experiments  ,20220609T060000Z,foxnews.com,English,United States,True,national
https://www.nytimes.com/live/2022/06/09/us/midterms-primary-elections,Midterm Primary Elections : News and Updates - The New York Times,20220609T140000Z,nytimes.com,English,United States,False,national
https://news.yahoo.com/column-no-criminal-justice-reform-110014998.html,"Column : No , the criminal justice reform movement isnt dead . But it may need to grow up",20220609T121500Z,news.yahoo.com,English,United States,False,unclassified
https://www.latimes.com/california/story/2022-06-09/progressive-criminal-justice-reform-movement-chesa-boudin-district-attorneys,"Criminal justice reform isnt dead , but has lessons to heed",20220609T113000Z,latimes.com,English,United States,False,national
https://www.dailysignal.com/2022/06/09/rep-kevin-hern-presents-a-gop-budget-to-fix-america/,Rep . Kevin Hern Presents a GOP Budget to Fix America,20220609T103000Z,dailysignal.com,English,United States,False,unclassified
https://www.latimes.com/world-nation/newsletter/2022-06-09/november-election-voter-fears-todays-headlines-newsletter-todays-headlines,Today Headlines : Will California voter fears over crime and homelessness carry over to November ? ,20220609T133000Z,latimes.com,English,United States,False,national
https://www.msn.com/en-us/news/politics/the-hills-morning-report-%e2%80%94-high-drama-expected-at-first-jan-6-committee-hearing/ar-AAYfRdt,The Hill Morning Report High drama expected at first Jan . 6 committee hearing,20220609T111500Z,msn.com,English,United States,False,unclassified
https://lasvegassun.com/news/2022/jun/08/primary-sends-mixed-signals-in-heavily-democratic/,Primary sends mixed signals in heavily Democratic California,20220609T050000Z,lasvegassun.com,English,United States,False,unclassified
https://freerepublic.com/tag/*/index?more=4069720,Latest Articles,20220609T080000Z,freerepublic.com,English,United States,False,national
https://freerepublic.com/tag/*/index?more=4069724,Latest Articles,20220609T093000Z,freerepublic.com,English,United States,False,national
https://freerepublic.com/tag/*/index?more=4069735,Latest Articles,20220609T111500Z,freerepublic.com,English,United States,False,national
https://www.wfmj.com/story/46654634/primary-sends-mixed-signals-in-heavily-democratic-california,Primary sends mixed signals in heavily Democratic California,20220609T054500Z,wfmj.com,English,United States,False,unclassified
https://www.gjsentinel.com/news/us/primary-sends-mixed-signals-in-heavily-democratic-california/article_61af9b5a-f7ed-5423-87c9-3b65ccb1d917.html,Primary sends mixed signals in heavily Democratic California,20220609T054500Z,gjsentinel.com,English,United States,False,unclassified
https://nystateofpolitics.com/state-of-politics/new-york/ny-state-of-politics/2022/06/09/republicans-want-recall-mechanism-in-new-york-for-district-attorneys,Republicans want recall mechanism for district attorneys,20220609T141500Z,nystateofpolitics.com,English,United States,True,unclassified
https://www.milfordmirror.com/news/article/Primary-sends-mixed-signals-in-heavily-Democratic-17229270.php,Primary sends mixed signals in heavily Democratic California,20220609T053000Z,milfordmirror.com,English,United States,False,unclassified
https://wcfcourier.com/news/national/primary-sends-mixed-signals-in-heavily-democratic-california/article_89472ec2-bbd8-5067-a0ad-4d382513c4ba.html,Primary sends mixed signals in heavily Democratic California,20220609T060000Z,wcfcourier.com,English,United States,False,unclassified
https://www.cityandstateny.com/politics/2022/06/gop-gubernatorial-candidates-use-boudins-recall-rebuke-da-bragg-hochul/367956/,"GOP gubernatorial candidates use Boudin recall to rebuke DA Bragg , Hochul",20220609T170000Z,cityandstateny.com,English,United States,True,national
https://www.realclearpolitics.com/2022/06/09/no_ca_didnt_send_a_message_on_crime--only_voter_apathy_571981.html,"No , CA Didnt Send a Message on Crime -- Only Voter Apathy",20220609T180000Z,realclearpolitics.com,English,United States,False,national
https://www.sfchronicle.com/podcasts/article/The-new-Asian-American-activism-17231915.php,The new generation of Asian American activists,20220610T093000Z,sfchronicle.com,English,United States,False,local
https://nymag.com/intelligencer/article/chesa-boudin-recall-san-francisco-crime-left-liberals-defund-democrats.html,Chesa Boudin and the Debacle of Urban Left - wing Politics,20220609T210000Z,nymag.com,English,United States,True,national
https://www.ktvu.com/news/dog-adoption-fees-waived-in-san-francisco-for-the-summer,Dog adoption fees waived in San Francisco for the summer,20220609T223000Z,ktvu.com,English,United States,False,local
https://www.msn.com/en-us/news/opinion/chesa-boudin-and-the-debacle-of-urban-left-wing-politics/ar-AAYhmp6,Chesa Boudin and the Debacle of Urban Left - wing Politics,20220609T213000Z,msn.com,English,United States,True,unclassified
https://www.sfexaminer.com/news/voters-oust-chesa-boudin-as-san-francisco-district-attorney/article_1736bebe-e5ed-11ec-8415-83c1f9cf4e51.html,Voters oust Chesa Boudin as San Francisco district attorney,20220609T154500Z,sfexaminer.com,English,United States,True,local
https://www.breitbart.com/politics/2022/06/08/report-reality-intruded-democrats-midterm-hopes-disappointing-california-primary/,  Reality Has Intruded  on Democrat Midterm Hopes After CA Primary,20220609T153000Z,breitbart.com,English,United States,False,national
http://www.msn.com/en-us/news/us/san-francisco-crime-victim-celebrates-recall-of-progressive-da-a-feeling-of-validation/ar-AAYi8bi,San Francisco crime victim celebrates recall of progressive DA :  A feeling of validation  ,20220610T080000Z,msn.com,English,United States,True,unclassified
https://www.foxnews.com/politics/san-francisco-crime-victim-celebrates-recall-progressive-district-attorney,San Francisco crime victim celebrates recall of progressive DA :  A feeling of validation  ,20220610T063000Z,foxnews.com,English,United States,True,national
https://hanfordsentinel.com/opinion/columnists/voters-in-sf-and-la-voice-their-disgust-dan-walters/article_4d346af8-6243-5037-89eb-564006ca38cf.html,Voters in SF and LA voice their disgust | Dan Walters,20220609T171500Z,hanfordsentinel.com,English,United States,False,unclassified
https://talkingpointsmemo.com/cafe/chese-boudin-backlash-san-francisco-prosecutor,How Much Can Recall Of Chesa Boudin Tell Us About National Mood ? ,20220609T191500Z,talkingpointsmemo.com,English,United States,True,unclassified
https://www.naturalnews.com/2022-06-09-sf-voters-recall-anti-cop-da-boudin.html,"Voters in liberal San Francisco RECALL anti - cop , soft - on - crime DA Chesa Boudin",20220610T074500Z,naturalnews.com,English,United States,True,unclassified
https://kpel965.com/boudin-recall-san-francisco-louisiana/,"Boudin Recalled ? Dont Worry Louisiana , It Not What You Think",20220610T021500Z,kpel965.com,English,United States,True,unclassified
https://www.desmoinesregister.com/story/opinion/op-ed/philboas/2022/06/08/san-francisco-voters-boot-extremists-chesa-boudin/7554050001/,San Francisco voters just said  to hell with the extremists  ,20220609T180000Z,desmoinesregister.com,English,United States,False,unclassified
https://www.politico.com/newsletters/california-playbook/2022/06/09/whats-the-deal-with-californias-low-voter-turnout-00038392,What the deal with California low voter turnout ?- POLITICO,20220609T204500Z,politico.com,English,United States,False,national
https://www.newsweek.com/chesa-boudin-inflection-point-fight-civilizational-sanity-opinion-1714505,The Chesa Boudin Inflection Point in the Fight for Civilizational Sanity,20220610T110000Z,newsweek.com,English,United States,True,national
https://townhall.com/columnists/joshhammer/2022/06/10/the-chesa-boudin-inflection-point-in-the-fight-for-civilizational-sanity-n2608529,The Chesa Boudin Inflection Point in the Fight for Civilizational Sanity,20220610T050000Z,townhall.com,English,United States,True,unclassified
https://www.washingtonexaminer.com/news/democrats-not-happy-says-david-drucker,"WATCH :  Democrats themselves are not happy , says David Drucker on midterm outlook",20220609T214500Z,washingtonexaminer.com,English,United States,False,unclassified
https://www.sandiegouniontribune.com/news/california/story/2022-06-09/fear-crime-homelessness-california-primaries-recall-boudin-november,Crime and homelessness tilted California primaries . What next ? - The San Diego Union - Tribune,20220610T041500Z,sandiegouniontribune.com,English,United States,False,unclassified
https://www1.cbn.com/cbnnews/us/2022/june/progressive-prosecutors-feel-the-heat-from-americans-fed-up-with-crime-explosion-real-victims-of-real-crimes,  Progressive  Prosecutors Feel the Heat from Americans Fed Up with Crime Explosion :  Real Victims of Real Crimes  ,20220609T164500Z,cbn.com,English,United States,False,unclassified
https://www.msn.com/en-us/news/world/the-chesa-boudin-inflection-point-in-the-fight-for-civilizational-sanity-opinion/ar-AAYiDVh,The Chesa Boudin Inflection Point in the Fight for Civilizational Sanity,20220610T111500Z,msn.com,English,United States,True,unclassified
https://www.washingtonexaminer.com/restoring-america/fairness-justice/recall-chesa-boudin-shows-prosecutor-movement-failure,Recall of Chesa Boudin in San Francisco shows rogue prosecutor movement for failure it is,20220609T190000Z,washingtonexaminer.com,English,United States,True,unclassified
https://www.sfchronicle.com/bayarea/article/S-F-Mayor-Breed-wants-millions-to-hire-and-keep-17231703.php,S . F . Mayor Breed wants millions to hire and keep police officers . But will the plan work ? ,20220609T233000Z,sfchronicle.com,English,United States,False,local
https://www.indystar.com/story/opinion/op-ed/philboas/2022/06/08/san-francisco-voters-boot-extremists-chesa-boudin/7554050001/,San Francisco voters just said  to hell with the extremists  ,20220609T153000Z,indystar.com,English,United States,False,unclassified
https://pjmedia.com/news-and-politics/kevindowneyjr/2022/06/09/san-francisco-tosses-their-liberal-da-has-the-progressive-purge-begun-n1604232,San Francisco Tosses Their Liberal DA Has the Progressive Purge Begun ? – PJ Media,20220609T181500Z,pjmedia.com,English,United States,False,unclassified
http://www.msn.com/en-us/news/world/recall-of-chesa-boudin-in-san-francisco-shows-rogue-prosecutor-movement-for-failure-it-is/ar-AAYhkIq,Recall of Chesa Boudin in San Francisco shows rogue prosecutor movement for failure it is,20220609T183000Z,msn.com,English,United States,True,unclassified
https://www.counterpunch.org/2022/06/09/how-they-made-chesa-boudin-the-fall-guy/,How They Made Chesa Boudin the Fall Guy,20220609T223000Z,counterpunch.org,English,United States,True,unclassified
https://www.investmentwatchblog.com/soros-was-able-to-get-chesa-boudin-and-similar-das-in-because-nobody-was-paying-attention/,Soros Was Able to Get Chesa Boudin and Similar DA In Because Nobody Was Paying Attention – Investment Watch,20220610T024500Z,investmentwatchblog.com,English,United States,True,unclassified
https://santamariatimes.com/news/local/state-and-regional/voters-in-sf-and-la-voice-their-disgust-dan-walters/article_d1f89ef4-a070-5911-a920-1824267d2f6f.html,Voters in SF and LA voice their disgust | Dan Walters,20220609T163000Z,santamariatimes.com,English,United States,False,unclassified
https://lompocrecord.com/opinion/columnists/voters-in-sf-and-la-voice-their-disgust-dan-walters/article_5f6d40fe-da37-5157-8aeb-7e9364f6111c.html,Voters in SF and LA voice their disgust | Dan Walters,20220609T171500Z,lompocrecord.com,English,United States,False,unclassified
https://www.politico.com/news/2022/06/10/chesa-boudin-progressive-agenda-california-00038675,"Chesa Boudin is out in San Francisco , but his agenda is alive in California",20220610T100000Z,politico.com,English,United States,True,national
https://www.mediamatters.org/crime-and-criminal-justice/how-right-wing-campaign-oust-progressive-da-took-hold-deep-blue-san,How a right - wing campaign to oust a progressive DA took hold in deep blue San Francisco,20220609T204500Z,mediamatters.org,English,United States,False,unclassified
https://www.desertsun.com/story/news/politics/elections/2022/06/09/low-turnout-californias-primaries-troubles-experts/7569045001/,Low turnout in California primaries troubles experts,20220610T033000Z,desertsun.com,English,United States,False,unclassified
http://www.nydailynews.com/news/politics/new-york-elections-government/ny-republicans-proposal-voters-manhattan-district-attorney-removal-20220609-ngh7m7gm6jh53dj3forue6rgl4-story.html,New York Republicans propose potential recall for prosecutors,20220609T220000Z,nydailynews.com,English,United States,True,unclassified
https://hotair.com/john-s-2/2022/06/09/la-murder-suspect-hopefully-i-can-get-a-deal-before-gascon-gets-recalled-n475204,LA murder suspect : Hopefully I can get a deal before Gascon gets recalled,20220610T000000Z,hotair.com,English,United States,True,unclassified
https://laist.com/news/criminal-justice/chesa-boudin-recall-is-not-a-death-knell-for-california-criminal-justice-reform,Chesa Boudin Recall Is Not A Death Knell For California Criminal Justice Reform,20220609T180000Z,laist.com,English,United States,True,unclassified
https://townhall.com/columnists/michaelbarone/2022/06/10/what-was-the-left-thinking-n2608507,What Was the Left Thinking ? ,20220610T061500Z,townhall.com,English,United States,False,unclassified
https://www.visaliatimesdelta.com/story/news/politics/elections/2022/06/09/low-turnout-californias-primaries-troubles-experts/7569045001/,Low turnout in California primaries troubles experts,20220610T061500Z,visaliatimesdelta.com,English,United States,False,unclassified
https://newsbusters.org/blogs/nb/curtis-houck/2022/06/09/nets-lefties-scramble-back-drawing-board-after-soros-da-gets,"Nets , Lefties Scramble Back to Drawing Board After Soros DA Gets Tossed in SF",20220610T114500Z,newsbusters.org,English,United States,False,unclassified
https://www.sfgate.com/politics/article/Tom-Cotton-tweets-about-Boudin-17230958.php,Did Tom Cotton get duped into bad Chesa Boudin tweets ? ,20220609T200000Z,sfgate.com,English,United States,True,local
https://dailycaller.com/2022/06/09/cnn-analyst-hypocritical-left-lecturing-violence-kavanaugh-attack/,CNN Analyst Calls Out The  Hypocritical  Left For  Lecturing  About Violence While Downplaying Kavanaugh Attack,20220609T181500Z,dailycaller.com,English,United States,False,national
https://www.palmbeachpost.com/story/news/politics/2022/06/07/primary-results-california-iowa-nj-midterms/7522183001/,"Primary elections 2022 : Recap of California , Iowa , NJ races",20220609T190000Z,palmbeachpost.com,English,United States,False,unclassified
https://www.newdelhitimes.com/dems-confront-criticism-on-crime-after-san-francisco-defeat/,Dems confront criticism on crime after San Francisco defeat - New Delhi Times - India Only International Newspaper,20220610T004500Z,newdelhitimes.com,English,United States,False,unclassified
https://www.ncronline.org/news/opinion/links-primary-results-gay-pride-and-tampa-bay-rays-latino-priests,Links : Primary results ; gay pride and the Tampa Bay Rays ; Latino priests,20220609T163000Z,ncronline.org,English,United States,False,unclassified
https://www.city-journal.org:443/a-turning-point-for-san-francisco,A Turning Point for San Francisco ?: 10 Blocks podcast,20220609T224500Z,city-journal.org,English,United States,False,unclassified
https://www.fox10phoenix.com/news/democrats-confront-criticism-on-crime-after-san-francisco-defeat-of-liberal-da,Democrats confront criticism on crime after San Francisco defeat of liberal DA,20220609T180000Z,fox10phoenix.com,English,United States,False,unclassified
https://www.fox5ny.com/news/democrats-confront-criticism-on-crime-after-san-francisco-defeat-of-liberal-da,Democrats confront criticism on crime after San Francisco defeat of liberal DA,20220609T174500Z,fox5ny.com,English,United States,False,unclassified
https://www.washingtonexaminer.com/restoring-america/fairness-justice/voters-vs-soros-revolutionaries,Voters vs . Soros revolutionaries,20220609T200000Z,washingtonexaminer.com,English,United States,False,unclassified
https://www.washingtonexaminer.com/politics/anniversary-real-liberalism-its-all-russia,"Anniversary , real liberalism , it all Russia | Washington Examiner",20220610T033000Z,washingtonexaminer.com,English,United States,False,unclassified
https://newsbusters.org/blogs/business/jeffrey-clark/2022/06/09/former-nyc-police-commissioner-slams-soros-das-very,Former NYC Police Commissioner SLAMS Soros DAs :  Very Insidious Plot  ,20220609T211500Z,newsbusters.org,English,United States,False,unclassified
https://www.newsbusters.org/blogs/business/jeffrey-clark/2022/06/09/former-nyc-police-commissioner-slams-soros-das-very,Former NYC Police Commissioner SLAMS Soros DAs :  Very Insidious Plot  ,20220609T214500Z,newsbusters.org,English,United States,False,unclassified
https://www.lapd.com/article/newswatch-june-9-2022,"NewsWatch June 9 , 2022",20220610T040000Z,lapd.com,English,United States,False,unclassified
https://www.dailyrepublic.com/all-dr-news/wires/s-f-june-voter-turnout-expected-to-reach-45-higher-than-for-school-board-recall-san-francisco-chronicle/,"S . F . June voter turnout expected to reach 45 %, higher than for school board recall [ San Francisco Chronicle ] ",20220609T193000Z,dailyrepublic.com,English,United States,True,unclassified
https://www.nytimes.com/live/2022/06/09/us/midterms-primary-elections/ryan-zinke-montana-trump,"Ryan Kelley , a candidate for Michigan governor who was at the Capitol on Jan . 6 , is arrested by the F . B . I . ",20220610T013000Z,nytimes.com,English,United States,False,national
https://www.foxnews.com/politics/los-angeles-mayor-race-caruso-trump-comparison-rep-karen-bass,"Los Angeles mayor race : Caruso brushes off Trump comparisons from Rep . Bass , touts law - and - order policies",20220609T160000Z,foxnews.com,English,United States,False,national
https://lauraingraham.com/2022/06/liberals-start-rejecting-their-own-time-for-a-republican-strategy-for-victory/,Liberals Start Rejecting Their Own : Time For A Republican Strategy For Victory,20220610T003000Z,lauraingraham.com,English,United States,False,unclassified
https://neonnettle.com/news/19287-anti-trump-robert-de-niro-s-attempt-to-defend-biden-backfires-spectacularly-watch,Anti - Trump Robert De Niro Attempt to Defend Biden Backfires Spectacularly - WATCH,20220609T191500Z,neonnettle.com,English,United States,False,unclassified
https://www.nbcbayarea.com/decision-2022/primary-sends-mixed-signals-in-heavily-democratic-california/2914378/,Takeaways From California Primary – NBC Bay Area,20220609T190000Z,nbcbayarea.com,English,United States,False,local
https://www.ktvu.com/news/primary-sends-mixed-signals-in-heavily-democratic-california,Primary sends mixed signals in heavily Democratic California,20220609T174500Z,ktvu.com,English,United States,False,local
https://www.foxla.com/news/primary-sends-mixed-signals-in-heavily-democratic-california,Primary sends mixed signals in heavily Democratic California,20220609T163000Z,foxla.com,English,United States,False,unclassified
https://www.vvdailypress.com/story/news/politics/elections/2022/06/09/low-turnout-californias-primaries-troubles-experts/7569045001/,Low turnout in California primaries troubles experts,20220610T070000Z,vvdailypress.com,English,United States,False,unclassified
https://www.thecalifornian.com/story/news/politics/elections/2022/06/09/low-turnout-californias-primaries-troubles-experts/7569045001/,Low turnout in California primaries troubles experts,20220610T014500Z,thecalifornian.com,English,United States,False,unclassified
https://sfbayview.com/2022/06/turned-hard-right-by-recall-san-francisco-can-bounce-back-in-november-run-chesa-run/,"Turned hard right by recall , San Francisco can bounce back in November : Run , Chesa , run ! ",20220610T044500Z,sfbayview.com,English,United States,True,local
https://www.recordnet.com/story/news/state/2022/06/09/california-voters-fed-up-crime-target-criminal-justice-reformers-chesa-boudin-ca-election-results/7569264001/,Chesa Boudin recall may not be death knell for California crime reform,20220609T210000Z,recordnet.com,English,United States,True,unclassified
https://www.fltimes.com/news/nation/editorial-ignore-the-early-reviews-california-s-criminal-justice-reform-movement-fared-well-on-election/article_78648b02-df88-569a-a7eb-4a627deb7ccb.html,Editorial : Ignore the early reviews . California criminal justice reform movement fared well on Election Day | Nation,20220610T103000Z,fltimes.com,English,United States,False,unclassified
https://www.mynspr.org/show/nspr-headlines/2022-06-09/primary-election-updates-wildfire-timber-initiative-campsites-for-chicos-unhoused,Primary election updates | Wildfire timber initiative | Campsites for Chico unhoused,20220609T204500Z,mynspr.org,English,United States,False,unclassified
https://www.fox35orlando.com/news/democrats-confront-criticism-on-crime-after-san-francisco-defeat,Democrats confront criticism on crime after San Francisco defeat,20220609T153000Z,fox35orlando.com,English,United States,False,unclassified
https://www.peoplesworld.org/article/june-7-voting-sends-warning-signals-from-california/,June 7 voting sends warning signals from California,20220609T180000Z,peoplesworld.org,English,United States,False,unclassified
https://jewishcurrents.org/after-chesa-boudin,After Chesa Boudin,20220610T031500Z,jewishcurrents.org,English,United States,True,unclassified
https://www.smdailyjournal.com/opinion/letters_to_editor/boudin-recall-was-a-course-correction/article_770013d6-eaed-11ec-856e-93d9867799f4.html,Boudin recall was a course correction,20220613T134500Z,smdailyjournal.com,English,United States,True,local
https://www.nytimes.com/2022/06/13/us/justice-reform-boudin-recall-san-francisco.html,The Lessons Liberal Prosecutors Are Drawing From San Francisco Backlash,20220613T204500Z,nytimes.com,English,United States,False,national
https://www.sfexaminer.com/news/asian-activism-is-helping-to-reshape-san-franciscos-political-landscape/article_11156152-e755-11ec-b56c-e3c47811832f.html,Asian activism is helping to reshape San Francisco political landscape,20220610T211500Z,sfexaminer.com,English,United States,False,local
https://www.msn.com/en-us/news/us/what-the-san-francisco-da-recall-really-tells-us/ar-AAYjuzn,What the San Francisco DA Recall Really Tells Us,20220610T163000Z,msn.com,English,United States,True,unclassified
https://slate.com/news-and-politics/2022/06/chesa-boudin-recall-what-it-means-and-what-it-doesnt.html,Chesa Boudin Recall : what it means and what it doesnt . ,20220610T163000Z,slate.com,English,United States,True,national
https://redstate.com/smoosieq/2022/06/11/moore-to-the-point-chesa-boudin-and-glimmers-of-hope-n577397,Moore to the Point - Chesa Boudin and Glimmers of Hope,20220611T193000Z,redstate.com,English,United States,True,unclassified
https://www.realclearpolitics.com/articles/2022/06/13/boudin_recall_reveals_democrats_rift_with_minority_voters__147734.html,Boudin Recall Reveals Democrat Rift with Minority Voters,20220613T150000Z,realclearpolitics.com,English,United States,True,national
https://www.sfgate.com/politics/article/Newsom-puts-Democrats-on-blast-17238508.php,Gov . Gavin Newsom puts national Democrats on blast again,20220613T210000Z,sfgate.com,English,United States,False,local
https://www.sfchronicle.com/bayarea/article/Boudin-recall-margins-narrow-with-voters-split-17238684.php,"Chesa Boudin recall margins narrow , with voters split 55 % to 45 % in support",20220613T224500Z,sfchronicle.com,English,United States,True,local
https://www.sfchronicle.com/opinion/letterstotheeditor/article/Letters-Why-white-suburbs-owe-a-debt-for-the-17234387.php,Letters : Why white suburbs owe a debt for the racism that helped create them,20220612T140000Z,sfchronicle.com,English,United States,False,local
https://www.msn.com/en-us/news/world/boudin-recall-margins-narrow-with-voters-split-55-to-45-in-support/ar-AAYpNc4,"Boudin recall margins narrow , with voters split 55 % to 45 % in support",20220613T194500Z,msn.com,English,United States,True,unclassified
https://www.nytimes.com/2022/06/12/briefing/russia-sievierodonetsk-china-asia.html,Your Monday Briefing : Russia Encircles Sievierdonetsk,20220612T213000Z,nytimes.com,English,United States,False,national
https://napavalleyregister.com/news/state-and-regional/voters-in-sf-and-la-voice-their-disgust/article_b81221a1-82cb-5866-811d-67626a847656.html,Voters in SF and LA voice their disgust,20220613T183000Z,napavalleyregister.com,English,United States,False,unclassified
https://www.heraldmailmedia.com/story/opinion/2022/06/13/searching-balance-effective-criminal-justice-system/7580867001/,Searching for balance for an effective criminal justice system,20220613T130000Z,heraldmailmedia.com,English,United States,False,unclassified
https://freebeacon.com/democrats/soros-stiff-arms-chesa-boudin-after-san-francisco-voters-kick-him-to-curb/,Soros Stiff - Arms Chesa Boudin After San Francisco Voters Kick Him to Curb,20220610T223000Z,freebeacon.com,English,United States,True,unclassified
https://twitchy.com/gregp-3534/2022/06/10/patty-youre-a-fascist-it-sure-looks-like-true-blue-liberal-patricia-arquette-is-fed-up-with-crime-in-california/,  Patty youre a fascist : It sure looks like true - blue liberal Patricia Arquette is fed up with crime in California – twitchy . com,20220611T041500Z,twitchy.com,English,United States,False,unclassified
https://www.smdailyjournal.com/opinion/guest_perspectives/voters-in-san-francisco-and-los-angeles-voice-their-disgust/article_8113d800-e875-11ec-ba6f-6b80483b4d5c.html,Voters in San Francisco and Los Angeles voice their disgust,20220610T151500Z,smdailyjournal.com,English,United States,False,local
https://www.fairfieldsuntimes.com/opinion/boudin-recall-reveals-democrats-rift-with-minority-voters/article_95567b2c-6a4d-5d13-974d-36816fb7ed2a.html,Boudin Recall Reveals Democrat Rift with Minority Voters | Opinion,20220613T191500Z,fairfieldsuntimes.com,English,United States,True,unclassified
https://www.sfexaminer.com/our_sections/forum/with-chesa-boudin-out-san-francisco-mayor-london-breed-must-step-up-the-game/article_fd70e5cc-e8da-11ec-b010-93fd75249838.html,"With Chesa Boudin out , San Francisco Mayor London Breed must step up the game",20220611T153000Z,sfexaminer.com,English,United States,True,local
https://www.washingtonpost.com/business/biden-needs-to-unleash-his-inner-biden/2022/06/12/63c42c5a-ea50-11ec-9f90-79df1fb28296_story.html,Biden Needs to Unleash His Inner Biden - The Washington Post,20220612T154500Z,washingtonpost.com,English,United States,False,national
https://www.theatlantic.com/ideas/archive/2022/06/chesa-boudin-recall-election-trend-san-francisco/661248/,Chesa Boudin and the Scourge of America Recall Boom,20220610T183000Z,theatlantic.com,English,United States,True,national
https://www.sfexaminer.com/our_sections/forum/after-chesa-boudin-what-should-san-francisco-expect-from-its-district-attorney/article_8dd0a886-e8c3-11ec-8112-d7505388f489.html,After Chesa Boudin : What should San Francisco expect from its District Attorney ? ,20220610T194500Z,sfexaminer.com,English,United States,True,local
https://www.sfchronicle.com/politics/joegarofoli/article/california-voter-burnout-17233860.php,"If  voter burnout  is real , here how California can overcome it",20220612T113000Z,sfchronicle.com,English,United States,False,local
https://www.realclearpolitics.com/2022/06/10/what_the_boudin_recall_really_tells_us_572066.html,What the Boudin Recall Really Tells Us | RealClearPolitics,20220610T211500Z,realclearpolitics.com,English,United States,True,national
https://www.christianpost.com:443/voices/district-attorney-boudin-the-chickens-do-come-home-to-roost.html,District Attorney Boudin : The chickens do come home to roost ! ,20220610T204500Z,christianpost.com,English,United States,True,unclassified
https://www.dailysignal.com/2022/06/10/the-chesa-boudin-inflection-point-in-the-fight-for-civilizational-sanity/,The Chesa Boudin Inflection Point in the Fight for Civilizational Sanity,20220611T003000Z,dailysignal.com,English,United States,True,unclassified
https://www.sfchronicle.com/politics/,Politics - San Francisco Chronicle,20220613T174500Z,sfchronicle.com,English,United States,False,local
https://www.sfchronicle.com/bayarea/article/Newsom-says-recall-of-San-Francisco-DA-Boudin-was-17236857.php,Newsom says recall of San Francisco DA Boudin was  so predictable  ,20220612T224500Z,sfchronicle.com,English,United States,True,local
https://townhall.com/tipsheet/miacathell/2022/06/13/soros-now-actively-distancing-himself-from-loser-da-chesa-boudin-n2608433,Soros Now Actively Distancing Himself From Loser DA Chesa Boudin,20220613T200000Z,townhall.com,English,United States,True,unclassified
http://www.truenorthreports.com/will-chittenden-states-attorney-sarah-george-face-boudin-like-voter-backlash,Will Chittenden State Attorney Sarah George face Boudin - like voter backlash ? ,20220610T134500Z,truenorthreports.com,English,United States,True,unclassified
https://www.dailyrepublic.com/all-dr-news/opinion/local-opinion-columnists/calmatters-commentary-voters-in-sf-la-voice-disgust/,"CalMatters Commentary : Voters in SF , LA voice disgust",20220610T143000Z,dailyrepublic.com,English,United States,False,unclassified
https://www.americanthinker.com/blog/2022/06/mystery_soros_distances_himself_from_chesa_boudin.html,Mystery : Soros distances himself from Chesa Boudin,20220612T091500Z,americanthinker.com,English,United States,True,unclassified
https://redstate.com/jeffc/2022/06/13/gavin-newsom-parrots-braindead-red-state-murder-rate-argument-n578116,Gavin Newsom Parrots Braindead  Red State Murder Rate  Argument – RedState,20220613T203000Z,redstate.com,English,United States,False,unclassified
https://freebeacon.com/satire/chesa-boudin-felicia-sonmez/,The First Good Week of Biden Presidency - Washington Free Beacon,20220610T223000Z,freebeacon.com,English,United States,False,unclassified
https://www.gopusa.com/the-chesa-boudin-inflection-point-in-the-fight-for-civilizational-sanity/,The Chesa Boudin Inflection Point in the Fight for Civilizational Sanity,20220613T160000Z,gopusa.com,English,United States,True,unclassified
https://www.breitbart.com/politics/2022/06/13/gavin-newsom-america-has-a-red-state-murder-problem/,Gavin Newsom : America Has a  Red State Murder Problem  ,20220613T170000Z,breitbart.com,English,United States,False,national
https://www.breitbart.com/crime/2022/06/13/gavin-newsom-america-has-a-red-state-murder-problem/,Gavin Newsom : America Has a  Red State Murder Problem  ,20220613T144500Z,breitbart.com,English,United States,False,national
https://hannity.com/media-room/liberal-lunacy-san-fran-mayor-announces-drag-laureate-position-pays-35k-from-public-library-fund/,"LIBERAL LUNACY : San Fran Mayor Announces Drag Laureate Position , Pays $35K From Public Library Fund",20220610T200000Z,hannity.com,English,United States,False,unclassified
https://www.christianpost.com:443/voices/behind-the-recall-in-san-francisco.html,Behind the recall in San Francisco,20220612T153000Z,christianpost.com,English,United States,True,unclassified
https://www.sfexaminer.com/our_sections/forum/da-chesa-boudin-sees-victory-in-san-francisco-recall-defeat/article_14ee94a6-e6f1-11ec-a66e-2fa670a5627f.html,DA Chesa Boudin sees  victory  in San Francisco recall defeat,20220611T103000Z,sfexaminer.com,English,United States,True,local
https://www.washingtontimes.com/news/2022/jun/12/this-weeks-woke-offering-is-washington-commanders-/,This week  woke  offering is Washington Commanders Defensive Coordinator Jack Del Rio,20220612T230000Z,washingtontimes.com,English,United States,False,national
https://www.washingtontimes.com:443/news/2022/jun/12/this-weeks-woke-offering-is-washington-commanders-/,This week  woke  offering is Washington Commanders Defensive Coordinator Jack Del Rio,20220612T221500Z,washingtontimes.com,English,United States,False,national
https://www.dailysignal.com/2022/06/13/left-wing-prosecutor-soft-on-alien-drug-dealers-so-they-werent-deported/,Left - Wing Prosecutor Soft on Alien Drug Dealers So They Werent Deported,20220613T230000Z,dailysignal.com,English,United States,False,unclassified
https://www.realclearpolitics.com/2022/06/10/voters_vs_soros_revolutionaries_572063.html,Voters vs . Soros Revolutionaries | RealClearPolitics,20220610T211500Z,realclearpolitics.com,English,United States,False,national
https://www.msn.com/en-us/news/politics/pennsylvania-house-republicans-initiate-process-to-impeach-da-larry-krasner-widespread-lawlessness-in-the-city-of-philadelphia/ar-AAYp570,Pennsylvania House Republicans Initiate Process To Impeach DA Larry Krasner :  Widespread Lawlessness In The City Of Philadelphia  ,20220613T211500Z,msn.com,English,United States,False,unclassified
https://patriotpost.us/opinion/88996-the-chesa-boudin-inflection-point-in-the-fight-for-civilizational-sanity-2022-06-10,Josh Hammer : The Chesa Boudin Inflection Point in the Fight for Civilizational Sanity,20220610T161500Z,patriotpost.us,English,United States,True,unclassified
https://www.arkansasonline.com/news/2022/jun/13/michael-barone-what-were-they-thinking/,MICHAEL BARONE : What were they thinking ? ,20220613T121500Z,arkansasonline.com,English,United States,False,unclassified
https://www.wvtf.org/2022-06-12/chesa-boudins-ouster-raises-questions-about-the-future-for-progressive-prosecutors,Chesa Boudin ouster raises questions about the future for progressive prosecutors,20220613T013000Z,wvtf.org,English,United States,True,unclassified
https://www.waer.org/2022-06-12/chesa-boudins-ouster-raises-questions-about-the-future-for-progressive-prosecutors,Chesa Boudin ouster raises questions about the future for progressive prosecutors,20220613T031500Z,waer.org,English,United States,True,unclassified
https://www.mainepublic.org/2022-06-12/chesa-boudins-ouster-raises-questions-about-the-future-for-progressive-prosecutors,Chesa Boudin ouster raises questions about the future for progressive prosecutors,20220613T080000Z,mainepublic.org,English,United States,True,unclassified
https://www.wrkf.org/2022-06-12/chesa-boudins-ouster-raises-questions-about-the-future-for-progressive-prosecutors,Chesa Boudin ouster raises questions about the future for progressive prosecutors,20220613T044500Z,wrkf.org,English,United States,True,unclassified
https://www.wwno.org/2022-06-12/chesa-boudins-ouster-raises-questions-about-the-future-for-progressive-prosecutors,Chesa Boudin ouster raises questions about the future for progressive prosecutors,20220613T023000Z,wwno.org,English,United States,True,unclassified
https://www.wyomingpublicmedia.org/2022-06-12/chesa-boudins-ouster-raises-questions-about-the-future-for-progressive-prosecutors,Chesa Boudin ouster raises questions about the future for progressive prosecutors,20220613T054500Z,wyomingpublicmedia.org,English,United States,True,unclassified
https://www.publicradioeast.org/2022-06-12/chesa-boudins-ouster-raises-questions-about-the-future-for-progressive-prosecutors,Chesa Boudin ouster raises questions about the future for progressive prosecutors,20220613T021500Z,publicradioeast.org,English,United States,True,unclassified
https://www.kwit.org/2022-06-12/chesa-boudins-ouster-raises-questions-about-the-future-for-progressive-prosecutors,Chesa Boudin ouster raises questions about the future for progressive prosecutors,20220613T021500Z,kwit.org,English,United States,True,unclassified
https://www.southcarolinapublicradio.org/2022-06-12/chesa-boudins-ouster-raises-questions-about-the-future-for-progressive-prosecutors,Chesa Boudin ouster raises questions about the future for progressive prosecutors,20220613T021500Z,southcarolinapublicradio.org,English,United States,True,unclassified
https://www.hppr.org/2022-06-12/chesa-boudins-ouster-raises-questions-about-the-future-for-progressive-prosecutors,Chesa Boudin ouster raises questions about the future for progressive prosecutors,20220613T021500Z,hppr.org,English,United States,True,unclassified
https://www.sfchronicle.com/bayarea/article/What-do-residents-in-San-Francisco-s-most-17234349.php,Here what San Francisco residents want in a new district attorney,20220611T001500Z,sfchronicle.com,English,United States,False,local
https://www.sfchronicle.com/opinion/letterstotheeditor/article/Letters-How-liberal-media-bias-drives-voter-17231595.php,Letters : How liberal media bias drives voter apathy,20220610T141500Z,sfchronicle.com,English,United States,False,local
https://www.nbcnews.com/news/asian-america/san-franciscos-d-recall-election-shows-rift-asian-american-community-rcna33017,How San Francisco D . A . recall election shows a rift in the Asian American community,20220610T200000Z,nbcnews.com,English,United States,True,national
https://www.foxnews.com/media/judge-jeanine-new-york-city-mayor-eric-adams,Judge Jeanine has a message for New York City Mayor Eric Adams : Start walking the walk,20220611T001500Z,foxnews.com,English,United States,False,national
https://www.msn.com/en-us/news/us/san-francisco-das-recall-doesnt-signal-end-for-california-criminal-justice-reform/ar-AAYlZXj,San Francisco DA Recall Doesnt Signal End for California Criminal Justice Reform,20220611T194500Z,msn.com,English,United States,True,unclassified
https://www.msn.com/en-us/news/us/san-francisco-da-s-recall-doesn-t-signal-end-for-california-criminal-justice-reform/ar-AAYlZXj,San Francisco DA Recall Doesnt Signal End for California Criminal Justice Reform,20220611T203000Z,msn.com,English,United States,True,unclassified
https://www.foxla.com/the-issue-is/the-issue-is-gov-newsom-vice-president-harris-and-second-gentleman-emhoff,"  The Issue Is : Gov . Newsom , Vice President Harris , and Second Gentleman Emhoff",20220611T160000Z,foxla.com,English,United States,False,unclassified
http://www.msn.com/en-us/news/us/brian-kilmeade-explains-why-he-has-hope-for-america/ar-AAYmmqn,Brian Kilmeade explains why he has hope for America,20220612T034500Z,msn.com,English,United States,False,unclassified
https://www.foxnews.com/media/brian-kilmeade-explains-hope-america,Brian Kilmeade explains why he has hope for America,20220612T021500Z,foxnews.com,English,United States,False,national
https://www.timesunion.com/opinion/article/Editorial-Not-recall-talk-again-17233886.php,Editorial : Not recall talk again ? ,20220612T130000Z,timesunion.com,English,United States,True,unclassified
https://www.timesunion.com/opinion/article/Editorial-Not-recall-talk-again-17235727.php,Editorial : Not recall talk again ? ,20220613T023000Z,timesunion.com,English,United States,True,unclassified
https://hotair.com/headlines/2022/06/10/chesa-boudin-is-out-in-san-francisco-but-his-agenda-is-alive-in-california-n475328,Chesa Boudin is out in San Francisco but his agenda is alive in California,20220610T191500Z,hotair.com,English,United States,True,unclassified
https://www.breitbart.com/politics/2022/06/13/democrat-doug-schoen-warns-historic-losses-november/,Democrat Doug Schoen Warns of  Historic  Losses in November,20220613T184500Z,breitbart.com,English,United States,False,national
https://www.sfchronicle.com/sf/article/S-F-police-union-president-resigns-after-17233935.php,S . F . police union president resigns after scrutiny of his actions while on leave,20220610T210000Z,sfchronicle.com,English,United States,False,local
https://www.newsbusters.org/blogs/nb/curtis-houck/2022/06/09/nets-lefties-scramble-back-drawing-board-after-soros-da-gets,"Nets , Lefties Scramble Back to Drawing Board After Soros DA Gets Tossed in SF",20220610T123000Z,newsbusters.org,English,United States,False,unclassified
https://www.rasmussenreports.com:443/public_content/political_commentary/commentary_by_michael_barone/what_was_the_left_thinking,What Was the Left Thinking ? ,20220610T134500Z,rasmussenreports.com,English,United States,False,unclassified
https://www.kcrw.com/news/shows/kcrw-features/this-week-in-weed-california-primary-election-november,What CA pot industry wants from candidates in November election,20220611T021500Z,kcrw.com,English,United States,False,unclassified
https://www.theepochtimes.com/california-primary-election-surprises_4527670.html,California Primary Election Surprises,20220612T010000Z,theepochtimes.com,English,United States,False,unclassified
https://www.sfchronicle.com/bayarea/article/London-Breed-s-brother-seeks-prison-release-in-17233502.php,London Breed brother seeks prison release as mayor prepares to appoint new DA,20220610T191500Z,sfchronicle.com,English,United States,False,local
https://neonnettle.com/news/19326-gov-gavin-newsom-america-has-a-red-state-murder-problem-,Gov . Gavin Newsom : America Has a  Red State Murder Problem  ,20220613T181500Z,neonnettle.com,English,United States,False,unclassified
https://www.theepochtimes.com/new-york-republicans-push-for-constitutional-amendment-allowing-district-attorney-recall-elections_4524531.html,New York Republicans Push for Constitutional Amendment Allowing District Attorney Recall Elections,20220610T134500Z,theepochtimes.com,English,United States,True,unclassified
https://www.smdailyjournal.com/opinion/letters_to_editor/corrupt-officials/article_b805eb68-e934-11ec-be01-a3bee8f5e72a.html,Corrupt officials,20220611T113000Z,smdailyjournal.com,English,United States,False,local
https://pjmedia.com/richardfernandez/2022/06/11/the-management-of-fanaticism-n1604302,The Management of Fanaticism,20220612T073000Z,pjmedia.com,English,United States,False,unclassified
https://www.foxnews.com/politics/newsom-san-francisco-da-recall-predictable,"Newsom says San Francisco DA recall was  predictable , national attention on election wasnt warranted",20220611T091500Z,foxnews.com,English,United States,True,national
https://omaha.com/news/article_779a1044-1af8-5d40-9a9d-6e77f946434a.html,Dems confront criticism on crime after San Francisco defeat,20220610T203000Z,omaha.com,English,United States,False,unclassified
https://www.breitbart.com/economy/2022/06/10/chronicle-downtown-san-francisco-near-collapse-worse-than-it-looks/,"Chronicle : Downtown San Francisco Near Collapse ,  Worse than It Looks  ",20220610T154500Z,breitbart.com,English,United States,False,national
https://www.breitbart.com/politics/2022/06/10/chronicle-downtown-san-francisco-near-collapse-worse-than-it-looks/,"Chronicle : Downtown San Francisco Near Collapse ,  Worse than It Looks  ",20220610T200000Z,breitbart.com,English,United States,False,national
https://www.politico.com/newsletters/california-playbook/2022/06/13/the-budget-bill-is-ready-but-negotiations-arent-done-yet-00039092,The budget bill is ready . But negotiations arent done yet .- POLITICO,20220613T134500Z,politico.com,English,United States,False,national
https://www.theamericanconservative.com/urbs/what-chesa-boudins-recall-means/,The Meaning of Chesa Boudin Recall - The American Conservative,20220611T073000Z,theamericanconservative.com,English,United States,True,unclassified
https://www.washingtonexaminer.com/restoring-america/fairness-justice/learning-from-san-francisco,Learning from San Francisco,20220610T180000Z,washingtonexaminer.com,English,United States,False,unclassified
https://www.bignewsnetwork.com/news/272583038/san-francisco-voters-recall-district-attorney-due-to-crime-concerns,San Francisco voters recall district attorney due to crime concerns,20220611T173000Z,bignewsnetwork.com,English,United States,True,unclassified
https://www.laosnews.net/news/272583038/voters-recall-controversial-san-francisco-district-attorney,Voters recall controversial San Francisco district attorney,20220611T171500Z,laosnews.net,English,United States,True,unclassified
https://www.takimag.com/article/the-week-that-perished-194/,The Week That Perished - Taki Magazine,20220612T091500Z,takimag.com,English,United States,False,unclassified
https://thegrio.com/2022/06/11/national-groups-local-races/,National groups flooding local prosecutor races with money,20220611T201500Z,thegrio.com,English,United States,False,unclassified
https://www.realclearpolitics.com/articles/2022/06/12/will_la_voters_choose_competence_over_ideology_147731.html,Will LA Voters Choose Competence Over Ideology ? ,20220612T111500Z,realclearpolitics.com,English,United States,False,national
https://www.lamag.com/citythinkblog/alex-villanueva-was-tuesdays-biggest-loser-and-other-election-day-takeaways/,Alex Villanueva Was Tuesday Biggest Loser And Other Election - Day Takeaways,20220610T201500Z,lamag.com,English,United States,False,unclassified
https://omaha.com/article_6f1ee05a-406e-53cb-8d72-13c8ccce1333.html,2022 midterms : What to watch in primaries in 7 states,20220610T230000Z,omaha.com,English,United States,False,unclassified
https://www.durangoherald.com/articles/national-groups-flooding-local-prosecutor-races-with-money/,National groups flooding local prosecutor races with money,20220610T140000Z,durangoherald.com,English,United States,False,unclassified
https://www.politico.com/newsletters/playbook-pm/2022/06/10/inflation-again-wallops-bidens-america-00038853,POLITICO Playbook PM : Inflation again wallops Biden America - POLITICO,20220610T183000Z,politico.com,English,United States,False,national
https://www.theepochtimes.com/reports-of-democrats-defeat-after-california-primary-are-greatly-exaggerated_4527658.html,Reports of Democrat Defeat After California Primary Are Greatly Exaggerated,20220612T010000Z,theepochtimes.com,English,United States,False,unclassified
https://www.washingtonpost.com/opinions/2022/06/10/better-way-democrats-talk-about-rising-crime/,Opinion | democrats - rising - crime - disorder - better - answer,20220611T000000Z,washingtonpost.com,English,United States,False,national
https://freerepublic.com/tag/*/index?more=4070757,Latest Articles,20220613T174500Z,freerepublic.com,English,United States,False,national
https://www.nytimes.com/2022/06/13/opinion/biden-guns-inflation-jan-6.html,Opinion | It Not Easy Being President - The New York Times,20220613T101500Z,nytimes.com,English,United States,False,national
https://abcnews.go.com/Politics/wireStory/national-groups-flooding-local-prosecutor-races-money-85308285,National groups flooding local prosecutor races with money,20220610T140000Z,abcnews.go.com,English,United States,False,national
https://www.chron.com/news/article/National-groups-flooding-local-prosecutor-races-17232780.php,National groups flooding local prosecutor races with money,20220610T134500Z,chron.com,English,United States,False,unclassified
https://www.wral.com/national-groups-flooding-local-prosecutor-races-with-money/20324238/,National groups flooding local prosecutor races with money :: WRAL . com,20220610T133000Z,wral.com,English,United States,False,unclassified
https://www.sfgate.com/news/article/National-groups-flooding-local-prosecutor-races-17232780.php,National groups flooding local prosecutor races with money,20220610T133000Z,sfgate.com,English,United States,False,local
https://apnews.com/article/2022-midterm-elections-maine-portland-government-and-politics-crime-2f8ad96c907729dffd2f112d3cf1703a,National groups flooding local prosecutor races with money,20220610T140000Z,apnews.com,English,United States,False,national
https://apnews.com/2f8ad96c907729dffd2f112d3cf1703a,National groups flooding local prosecutor races with money,20220610T134500Z,apnews.com,English,United States,False,national
https://www.stltoday.com/news/article_87abe207-2c39-52a5-a772-57a66d91e1ee.html,National groups flooding local prosecutor races with money,20220610T144500Z,stltoday.com,English,United States,False,unclassified
https://www.sandiegouniontribune.com/news/california/story/2022-06-10/national-groups-flooding-local-prosecutor-races-with-money,National groups flooding local prosecutor races with money,20220610T143000Z,sandiegouniontribune.com,English,United States,False,unclassified
https://omaha.com/news/national/national-groups-flooding-local-prosecutor-races-with-money/article_c16c2b16-8bb5-5b8d-bce7-90b90d20f028.html,National groups flooding local prosecutor races with money,20220610T134500Z,omaha.com,English,United States,False,unclassified
https://mynorthwest.com/3511488/national-groups-flooding-local-prosecutor-races-with-money/,National groups flooding local prosecutor races with money,20220610T143000Z,mynorthwest.com,English,United States,False,unclassified
https://www.houstonchronicle.com/news/article/National-groups-flooding-local-prosecutor-races-17232780.php,National groups flooding local prosecutor races with money,20220610T133000Z,houstonchronicle.com,English,United States,False,unclassified
https://www.kob.com/news/us-and-world-news/national-groups-flooding-local-prosecutor-races-with-money/,National groups flooding local prosecutor races with money,20220610T140000Z,kob.com,English,United States,False,unclassified
https://www.bizpacreview.com/2022/06/11/pro-police-tough-on-crime-democrats-are-making-a-comeback-heres-why-1248928/,"Pro - police , tough - on - crime Democrats are making a comeback . Here why . ",20220611T160000Z,bizpacreview.com,English,United States,False,unclassified
https://tucson.com/news/national/national-groups-flooding-local-prosecutor-races-with-money/article_3178d35f-a0b4-5beb-9f01-70a5519ccdef.html,National groups flooding local prosecutor races with money,20220610T151500Z,tucson.com,English,United States,False,unclassified
https://www.wusa9.com/article/news/nation-world/local-prosecutor-races-get-national-funding/507-5a575486-fff2-469c-b4ca-8f4c65172638,Super PACS flood DA races with money,20220612T130000Z,wusa9.com,English,United States,False,unclassified
https://www.news-gazette.com/news/nation-world/national-groups-flooding-local-prosecutor-races-with-money/article_8a35bfca-6f66-54fa-942f-1319d7f193fe.html,National groups flooding local prosecutor races with money,20220610T134500Z,news-gazette.com,English,United States,False,unclassified
https://dailycaller.com/2022/06/10/eric-adams-karen-bass-tough-on-crime-comeback/,"Pro - Police , Tough - On - Crime Democrats Are Making A Comeback . Here Why",20220610T180000Z,dailycaller.com,English,United States,False,national
https://www.13newsnow.com/article/news/nation-world/local-prosecutor-races-get-national-funding/507-5a575486-fff2-469c-b4ca-8f4c65172638,Super PACS flood DA races with money,20220610T180000Z,13newsnow.com,English,United States,False,unclassified
https://www.greenwichtime.com/news/article/National-groups-flooding-local-prosecutor-races-17232780.php,National groups flooding local prosecutor races with money,20220610T151500Z,greenwichtime.com,English,United States,False,unclassified
https://www.nhregister.com/news/article/National-groups-flooding-local-prosecutor-races-17232780.php,National groups flooding local prosecutor races with money,20220610T140000Z,nhregister.com,English,United States,False,unclassified
https://www.fox43.com/article/news/nation-world/local-prosecutor-races-get-national-funding/507-5a575486-fff2-469c-b4ca-8f4c65172638,Super PACS flood DA races with money,20220610T174500Z,fox43.com,English,United States,False,unclassified
https://www.fox61.com/article/news/nation-world/local-prosecutor-races-get-national-funding/507-5a575486-fff2-469c-b4ca-8f4c65172638,Super PACS flood DA races with money,20220610T173000Z,fox61.com,English,United States,False,unclassified
https://www.bakersfield.com/ap/national/national-groups-flooding-local-prosecutor-races-with-money/article_0eae848f-27fe-5826-ba0f-92f005db8d76.html,National groups flooding local prosecutor races with money,20220610T144500Z,bakersfield.com,English,United States,False,unclassified
https://www.whec.com/national/national-groups-flooding-local-prosecutor-races-with-money/6496696/?cat=10036,National groups flooding local prosecutor races with money,20220610T180000Z,whec.com,English,United States,False,unclassified
https://www.smdailyjournal.com/news/national/national-groups-flooding-local-prosecutor-races-with-money/article_b00ffac3-617b-5b63-8523-5563f266264e.html,National groups flooding local prosecutor races with money,20220610T151500Z,smdailyjournal.com,English,United States,False,local
https://wnyt.com/politics/national-groups-flooding-local-prosecutor-races-with-money/6496702/?cat=661,National groups flooding local prosecutor races with money,20220610T140000Z,wnyt.com,English,United States,False,unclassified
https://www.mtshastanews.com/story/news/politics/elections/2022/06/09/low-turnout-californias-primaries-troubles-experts/7569045001/,Low turnout in California primaries troubles experts,20220610T151500Z,mtshastanews.com,English,United States,False,unclassified
https://www.recordnet.com/story/news/politics/elections/2022/06/09/low-turnout-californias-primaries-troubles-experts/7569045001/,Low turnout in California primaries troubles experts,20220610T191500Z,recordnet.com,English,United States,False,unclassified
https://www.siskiyoudaily.com/story/news/politics/elections/2022/06/09/low-turnout-californias-primaries-troubles-experts/7569045001/,Low turnout in California primaries troubles experts,20220611T231500Z,siskiyoudaily.com,English,United States,False,unclassified
https://isp.netscape.com/news/story/0001/20220610/2f8ad96c907729dffd2f112d3cf1703a,National groups flooding local prosecutor races with money,20220610T161500Z,isp.netscape.com,English,United States,False,unclassified
https://www.theatlantic.com/newsletters/archive/2022/06/10-reader-views-on-crime-in-their-neighborhoods/661266/,10 Reader Views on Crime in Their Neighborhoods,20220613T211500Z,theatlantic.com,English,United States,False,national
https://www.abc10.com/article/news/nation-world/local-prosecutor-races-get-national-funding/507-5a575486-fff2-469c-b4ca-8f4c65172638,Super PACS flood DA races with money,20220610T174500Z,abc10.com,English,United States,False,unclassified
https://www.wboc.com/news/national/national-groups-flooding-local-prosecutor-races-with-money/article_6a78a1ae-2ecf-5d36-b673-36a801957fc7.html,National groups flooding local prosecutor races with money,20220610T160000Z,wboc.com,English,United States,False,unclassified
https://www.foxnews.com/transcript/fox-news-sunday-june-12-2022,"  Fox News Sunday  on June 12 , 2022",20220612T174500Z,foxnews.com,English,United States,False,national
https://www.wfmj.com/story/46668885/national-groups-flooding-local-prosecutor-races-with-money,National groups flooding local prosecutor races with money,20220610T150000Z,wfmj.com,English,United States,False,unclassified
https://www.capradio.org/articles/2022/06/11/chesa-boudin-recall-is-not-a-death-knell-for-california-criminal-justice-reform/,Chesa Boudin recall is not a death knell for California criminal justice reform,20220612T000000Z,capradio.org,English,United States,True,unclassified
https://www.thecalifornian.com/story/news/2022/06/10/low-turnout-californias-primaries-troubles-experts/7580338001/,Low turnout in California primaries troubles experts,20220611T060000Z,thecalifornian.com,English,United States,False,unclassified
https://magicvalley.com/opinion/columnists/bay-political-corruption-and-injustice-threaten-us-national-security/article_806bf91e-e8fc-11ec-a5c3-dfffd6f948ce.html,Bay : Political corruption and injustice threaten US national security,20220612T130000Z,magicvalley.com,English,United States,False,unclassified
https://www.wbal.com/article/570087/127/national-groups-flooding-local-prosecutor-races-with-money,National groups flooding local prosecutor races with money,20220610T140000Z,wbal.com,English,United States,False,unclassified
https://www.gjsentinel.com/news/us/national-groups-flooding-local-prosecutor-races-with-money/article_6fe7b534-569f-51a0-bb43-fa4178f33fdf.html,National groups flooding local prosecutor races with money,20220610T141500Z,gjsentinel.com,English,United States,False,unclassified
https://www.berkshireeagle.com/ap/national/national-groups-flooding-local-prosecutor-races-with-money/article_1f46f96b-0565-5a99-9639-c030c289b3f3.html,National groups flooding local prosecutor races with money,20220610T143000Z,berkshireeagle.com,English,United States,False,unclassified
https://www.kxly.com/i/national-groups-flooding-local-prosecutor-races-with-money/,National groups flooding local prosecutor races with money,20220610T134500Z,kxly.com,English,United States,False,unclassified
https://www.whig.com/ap/national/national-groups-flooding-local-prosecutor-races-with-money/article_cef10e86-34b3-56af-9b6c-9ac8c8e927da.html,National groups flooding local prosecutor races with money,20220610T171500Z,whig.com,English,United States,False,unclassified
https://www.lmtonline.com/news/article/National-groups-flooding-local-prosecutor-races-17232780.php,National groups flooding local prosecutor races with money,20220610T143000Z,lmtonline.com,English,United States,False,unclassified
https://www.legitgov.org/democrats-could-be-pace-historic-rout-november,Democrats could be on pace for a historic rout in November,20220613T000000Z,legitgov.org,English,United States,False,unclassified
https://el-observador.com/2022/06/10/chesa-boudin-recall-is-not-a-death-knell-for-california-criminal-justice-reform/,Chesa Boudin recall is not a death knell for California criminal justice reform,20220611T021500Z,el-observador.com,English,United States,True,unclassified
https://www.nwaonline.com/news/2022/jun/10/national-groups-flooding-local-prosecutor-races-with-money/,National groups flooding local prosecutor races with money,20220610T144500Z,nwaonline.com,English,United States,False,unclassified
https://www.davisenterprise.com/forum/commentary-das-are-public-prosecutors-not-public-defenders/,"Commentary : DAs are public prosecutors , not public defenders",20220612T181500Z,davisenterprise.com,English,United States,False,unclassified
https://www.dailyrepublic.com/all-dr-news/opinion/local-opinion-columnists/calmatters-commentary-das-are-public-prosecutors-not-public-defenders/,"CalMatters Commentary : DAs are public prosecutors , not public defenders",20220613T174500Z,dailyrepublic.com,English,United States,False,unclassified
https://www.utdailybeacon.com/city_news/politics/knox-dems-in-celebratory-mood-with-sen-doug-jones-at-first-truman-day-in-3/article_0cafd46e-ea91-11ec-ab15-bb47257de59c.html,Knox Dems in celebratory mood with Sen . Doug Jones at first Truman Day in 3 years,20220613T000000Z,utdailybeacon.com,English,United States,False,unclassified
https://sfist.com/2022/06/10/sf-police-union-president-resigns-amidst-allegations-of-financial-impropriety/,SF Police Union President Resigns Amidst Allegations of  Financial Impropriety  ,20220611T010000Z,sfist.com,English,United States,False,local
https://humanevents.com/2022/06/10/krayden-boudins-recall-spells-doom-for-the-democratic-party/,Boudin Recall Spells Doom for the Democratic Party,20220610T173000Z,humanevents.com,English,United States,True,unclassified
https://www.sunjournal.com/2022/06/12/austin-bay-political-corruption-and-injustice-threaten-u-s-national-security/,Austin Bay : Political corruption and injustice threaten U . S . national security,20220612T083000Z,sunjournal.com,English,United States,False,unclassified
https://www.milfordmirror.com/news/article/National-groups-flooding-local-prosecutor-races-17232780.php,National groups flooding local prosecutor races with money,20220610T151500Z,milfordmirror.com,English,United States,False,unclassified
https://www.kaaltv.com/national-news/national-groups-flooding-local-prosecutor-races-with-money/6496698/?cat=10159,National groups flooding local prosecutor races with money,20220610T144500Z,kaaltv.com,English,United States,False,unclassified
http://www.truenorthreports.com/pro-police-tough-on-crime-democrats-are-making-a-comeback-heres-why,"Pro - police , tough - on - crime Democrats are making a comeback . Here why",20220612T184500Z,truenorthreports.com,English,United States,False,unclassified
https://santamariatimes.com/news/state-and-regional/national-groups-flooding-local-prosecutor-races-with-money/article_7ad0beb1-01b7-5434-8b98-3f8dd0c1e543.html,National groups flooding local prosecutor races with money,20220610T163000Z,santamariatimes.com,English,United States,False,unclassified
https://www.thedailystar.com/news/state/national-groups-flooding-local-prosecutor-races-with-money/article_d025c6e6-eab5-57ec-b739-475fd61b51a6.html,National groups flooding local prosecutor races with money,20220610T161500Z,thedailystar.com,English,United States,False,unclassified
https://www.ualrpublicradio.org/local-regional-news/2022-06-10/national-groups-flooding-local-prosecutor-races-with-money,National groups flooding local prosecutor races with money,20220610T154500Z,ualrpublicradio.org,English,United States,False,unclassified
https://www.valdostadailytimes.com/news/national_international/national-groups-flooding-local-prosecutor-races-with-money/article_7c1d8a5f-643f-55b7-beb1-f0118084154c.html,National groups flooding local prosecutor races with money,20220610T171500Z,valdostadailytimes.com,English,United States,False,unclassified
https://www.localmemphis.com/article/news/nation-world/local-prosecutor-races-get-national-funding/507-5a575486-fff2-469c-b4ca-8f4c65172638,Super PACS flood DA races with money | localmemphis . com,20220610T180000Z,localmemphis.com,English,United States,False,unclassified
https://www.union-bulletin.com/news/national/national-groups-flooding-local-prosecutor-races-with-money/article_b70935ad-e6ac-5df9-ab9f-77bb53244ea3.html,National groups flooding local prosecutor races with money,20220610T154500Z,union-bulletin.com,English,United States,False,unclassified
https://www.postregister.com/news/national/national-groups-flooding-local-prosecutor-races-with-money/article_0a783d85-86eb-5529-9e6f-95c149f7e215.html,National groups flooding local prosecutor races with money,20220610T143000Z,postregister.com,English,United States,False,unclassified
https://www.yumasun.com/news/national_news/national-groups-flooding-local-prosecutor-races-with-money/article_5ac49f53-3d8b-5122-80d8-3bb5ce883a7c.html,National groups flooding local prosecutor races with money,20220610T143000Z,yumasun.com,English,United States,False,unclassified
https://www.kokomotribune.com/news/nation_world_news/national-groups-flooding-local-prosecutor-races-with-money/article_50c65f23-1849-5792-b4d1-402e86679fe6.html,National groups flooding local prosecutor races with money,20220610T143000Z,kokomotribune.com,English,United States,False,unclassified
https://www.reformer.com/uspolitics/national-groups-flooding-local-prosecutor-races-with-money/article_c8071659-9a8b-5f69-82f5-3401be9c5e11.html,National groups flooding local prosecutor races with money,20220610T141500Z,reformer.com,English,United States,False,unclassified
https://accesswdun.com/article/2022/6/1109154,National groups flooding local prosecutor races with mo ... ,20220610T150000Z,accesswdun.com,English,United States,False,unclassified
https://www.ifiberone.com/news/national_news/national-groups-flooding-local-prosecutor-races-with-money/article_06df05bd-702e-503b-b11d-18fa762151cb.html,National groups flooding local prosecutor races with money,20220610T151500Z,ifiberone.com,English,United States,False,unclassified
https://www.ifiberone.com/south_sound/news/national_news/national-groups-flooding-local-prosecutor-races-with-money/article_06df05bd-702e-503b-b11d-18fa762151cb.html,National groups flooding local prosecutor races with money,20220610T160000Z,ifiberone.com,English,United States,False,unclassified
https://www.12newsnow.com/article/news/nation-world/local-prosecutor-races-get-national-funding/507-5a575486-fff2-469c-b4ca-8f4c65172638,Super PACS flood DA races with money,20220610T223000Z,12newsnow.com,English,United States,False,unclassified
https://www.middletownpress.com/news/article/National-groups-flooding-local-prosecutor-races-17232780.php,National groups flooding local prosecutor races with money,20220610T133000Z,middletownpress.com,English,United States,False,unclassified
https://www.caledonianrecord.com/news/national/national-groups-flooding-local-prosecutor-races-with-money/article_7ba9aa5a-fdf5-5352-8f42-822da3db82e5.html,National groups flooding local prosecutor races with money,20220610T134500Z,caledonianrecord.com,English,United States,False,unclassified
https://www.sheltonherald.com/news/article/National-groups-flooding-local-prosecutor-races-17232780.php,National groups flooding local prosecutor races with money,20220610T134500Z,sheltonherald.com,English,United States,False,unclassified
https://www.newswest9.com/article/news/nation-world/local-prosecutor-races-get-national-funding/507-5a575486-fff2-469c-b4ca-8f4c65172638,Super PACS flood DA races with money,20220610T211500Z,newswest9.com,English,United States,False,unclassified
https://www.sent-trib.com/news/national-groups-flooding-local-prosecutor-races-with-money/article_11b9124e-e8e9-11ec-a67d-0f7872a64fc9.html,National groups flooding local prosecutor races with money,20220611T190000Z,sent-trib.com,English,United States,False,unclassified
https://www.foxnews.com/media/new-york-times-guest-essay-urban-disorder-threat-democrats,New York Times guest essay warns  urban disorder  is  threat to Democrats  ,20220616T193000Z,foxnews.com,English,United States,False,national
https://www.law360.com/articles/1500852,What San Francisco DA Recall Could Mean For Reformers,20220619T124500Z,law360.com,English,United States,True,unclassified
https://www.thenation.com/podcast/politics/john-nichols-on-january-6-and-peter-dreier-on-progressive-prosecutors/,John Nichols on January 6 and Peter Dreier on Progressive Prosecutors,20220616T184500Z,thenation.com,English,United States,False,unclassified
https://www.smdailyjournal.com/opinion/letters_to_editor/olbert-and-boudin-recall/article_6021127e-ec5e-11ec-95af-0f0a1a5c1935.html,Olbert and Boudin recall,20220615T124500Z,smdailyjournal.com,English,United States,True,local
https://www.city-journal.org:443/asian-voters-and-the-chesa-boudin-recall,Asian Voters and the Chesa Boudin Recall,20220617T213000Z,city-journal.org,English,United States,True,unclassified
https://www.sfchronicle.com/opinion/letterstotheeditor/article/Letters-What-the-real-intent-of-the-Second-17247514.php,Letters : What the real intent of the Second Amendment militias was,20220617T120000Z,sfchronicle.com,English,United States,False,local
https://www.berkshireeagle.com/news/local/andrea-harrington-district-attorney-campaign-timothy-shugrue/article_7363d9da-ec2b-11ec-928c-3b240b3512f2.html,Andrea Harrington says she not concerned by fellow progressive DA recall in California . Her rival thinks she should be | Local News,20220615T150000Z,berkshireeagle.com,English,United States,True,unclassified
https://www.foxnews.com/media/jason-rantz-fear-summer-historic-violence-due-liberal-crime-policies,Jason Rantz :  I fear were in for a summer of historic violence  due to liberal crime policies,20220620T180000Z,foxnews.com,English,United States,False,national
https://www.sfchronicle.com/bayarea/article/In-contrast-to-Boudin-recall-three-East-Bay-17239448.php,"In contrast to Boudin recall , three East Bay progressive supporters of criminal justice reform lead races",20220614T033000Z,sfchronicle.com,English,United States,True,local
https://www.forbes.com/sites/michaelbernick/2022/06/15/the-worker-business-coalition-that-toppled-boudin-and-its-future/,"The Worker - Business Coalition That Toppled Boudin , And Its Future",20220615T141500Z,forbes.com,English,United States,True,unclassified
https://truthout.org/articles/juneteenth-reminds-us-in-between-moments-are-as-important-as-uprisings/,Juneteenth Reminds Us  In Between  Moments Are as Important as Uprisings,20220619T154500Z,truthout.org,English,United States,False,unclassified
https://www.foxnews.com/politics/gavin-newsom-truth-social-republican-lies-red-state-murder-problem,"Gavin Newsom joins Truth Social to call out  Republican lies , perceived  red state murder problem  ",20220617T071500Z,foxnews.com,English,United States,False,national
https://www.zerohedge.com/political/boudin-recall-reveals-democrats-rift-minority-voters,Boudin Recall Reveals Democrat Rift With Minority Voters,20220615T010000Z,zerohedge.com,English,United States,True,unclassified
https://www.sfchronicle.com/sf/article/Meet-the-S-F-grandma-who-led-the-Boudin-recall-17250159.php,Meet the S . F . grandma who led the Boudin recall . She been a political powerhouse for decades,20220618T141500Z,sfchronicle.com,English,United States,True,local
https://www.theepochtimes.com/recall-gascon-campaign-surpasses-needed-signatures_4535971.html,Recall Gascón Campaign Surpasses Needed Signatures,20220615T201500Z,theepochtimes.com,English,United States,True,unclassified
https://newsbusters.org/blogs/nb/clay-waters/2022/06/15/ny-times-shrugs-big-da-boudin-loss-sf-suggests-fear-and,"NY Times Shrugs Off Big DA Boudin Loss in SF , Suggests  Fear  and  Disinformation  Won",20220616T050000Z,newsbusters.org,English,United States,True,unclassified
https://www.newsbusters.org/blogs/nb/clay-waters/2022/06/15/ny-times-shrugs-big-da-boudin-loss-sf-suggests-fear-and,"NY Times Shrugs Off Big DA Boudin Loss in SF , Suggests  Fear  and  Disinformation  Won",20220616T021500Z,newsbusters.org,English,United States,True,unclassified
https://www.aljazeera.com/news/2022/6/17/us-progressives-push-back-against-right-wing-narrative-on-crime-2,US progressives push back against right - wing narrative on crime,20220617T191500Z,aljazeera.com,English,United States,False,unclassified
https://townhall.com/tipsheet/spencerbrown/2022/06/15/after-boudin-ouster-pa-lawmakers-look-to-impeach-phillys-da-n2608717,"After Boudin Ouster , PA Lawmakers Look to Impeach Philly Woke DA",20220615T143000Z,townhall.com,English,United States,True,unclassified
https://www.foxnews.com/media/san-francisco-dad-6-year-old-da-boudin-lack-of-accountability,San Francisco dad of slain 6 - year - old : Ousting DA Boudin first step in fixing city  lack of accountability  ,20220616T230000Z,foxnews.com,English,United States,True,national
https://www.msn.com/en-us/health/wellness/column-progressives-have-ruined-san-francisco-just-ask-this-heiress/ar-AAYsZTS,Column : Progressives have ruined San Francisco . Just ask this heiress,20220614T211500Z,msn.com,English,United States,False,unclassified
http://www.msn.com/en-us/news/us/column-progressives-have-ruined-san-francisco-just-ask-this-heiress/ar-AAYsZTS,Column : Progressives have ruined San Francisco . Just ask this heiress,20220614T211500Z,msn.com,English,United States,False,unclassified
https://www.theepochtimes.com/progressive-democrats-and-the-2022-midterm-elections_4530908.html,Progressive Democrats and the 2022 Midterm Elections,20220615T143000Z,theepochtimes.com,English,United States,False,unclassified
https://www.startribune.com/revisiting-the-lessons-of-the-san-francisco-vote-on-crime/600182342/,Revisiting the  lesson of the San Francisco vote on crime,20220615T184500Z,startribune.com,English,United States,False,unclassified
https://www.chron.com/news/article/San-Francisco-man-to-stand-trial-in-death-of-Thai-17249978.php,"San Francisco man to stand trial in death of Thai man , 84",20220617T233000Z,chron.com,English,United States,False,unclassified
https://www.sfgate.com/news/article/San-Francisco-man-to-stand-trial-in-death-of-Thai-17249978.php,"San Francisco man to stand trial in death of Thai man , 84",20220617T234500Z,sfgate.com,English,United States,False,local
https://www.sandiegouniontribune.com/news/california/story/2022-06-17/san-francisco-man-to-stand-trial-in-death-of-thai-man-84,"San Francisco man to stand trial in death of Thai man , 84",20220618T000000Z,sandiegouniontribune.com,English,United States,False,unclassified
https://www.bakersfield.com/ap/state/san-francisco-man-to-stand-trial-in-death-of-thai-man-84/article_3e8f3785-4e01-5744-843d-759e7505d4fa.html,"San Francisco man to stand trial in death of Thai man , 84",20220618T024500Z,bakersfield.com,English,United States,False,unclassified
https://www.smdailyjournal.com/news/bay_area/san-francisco-man-to-stand-trial-in-death-of-thai-man-84/article_a7f1febb-aa23-59cd-b16b-3aabd7a8629a.html,"San Francisco man to stand trial in death of Thai man , 84",20220617T233000Z,smdailyjournal.com,English,United States,False,local
https://www.latimes.com/business/story/2022-06-14/heiress-says-sf-failed-because-its-liberal,Hiltzik : Who has San Francisco  failed ? - Los Angeles Times,20220614T230000Z,latimes.com,English,United States,False,national
https://www.latimes.com/opinion/story/2022-06-16/election-night-results-california-voting,Editorial : Election night results are a thing of the past,20220616T144500Z,latimes.com,English,United States,False,national
https://www.mtdemocrat.com/opinion/dan-walters-california-voters-just-not-interested-this-year/,Dan Walters : California voters just not interested this year,20220615T000000Z,mtdemocrat.com,English,United States,False,unclassified
https://www.washingtonpost.com/opinions/2022/06/14/boudin-recall-prosecutorial-reform/,Opinion | Chesa Boudin recall was not a death knell for prosecutorial reform,20220614T123000Z,washingtonpost.com,English,United States,True,national
https://kesq.com/news/ap-california/2022/06/17/san-francisco-man-to-stand-trial-in-death-of-thai-man-84/,"San Francisco man to stand trial in death of Thai man , 84",20220618T014500Z,kesq.com,English,United States,False,unclassified
https://www.kcra.com/article/san-francisco-man-stand-trial-death-of-thai-man-84/40327922,"San Francisco man to stand trial in death of Thai man , 84",20220618T024500Z,kcra.com,English,United States,False,unclassified
https://freebeacon.com/democrats/virginia-democrats-turn-on-soros-funded-prosecutor/,Virginia Democrats Turn on Soros - Funded Prosecutor - Washington Free Beacon,20220614T204500Z,freebeacon.com,English,United States,False,unclassified
https://www.sfchronicle.com/bayarea/article/Bay-Briefing-California-reopened-one-year-ago-17239446.php,Bay Briefing : California reopened one year ago from its pandemic shutdown . What happened since ? ,20220614T123000Z,sfchronicle.com,English,United States,False,local
https://www.sfchronicle.com/opinion/article/San-Francisco-homeless-17244744.php,This worker has slept on San Francisco streets for 20 years . How the city failed him,20220616T123000Z,sfchronicle.com,English,United States,False,local
https://www.metrotimes.com/news/what-went-wrong-in-san-francisco-30338157,What went wrong in San Francisco ? ,20220617T204500Z,metrotimes.com,English,United States,False,unclassified
https://www.metrotimes.com/news/the-myth-of-violent-liberal-cities-30361937,"The myth of violent , liberal cities",20220620T183000Z,metrotimes.com,English,United States,False,unclassified
https://theintercept.com/2022/06/20/elections-media-chesa-boudin-america/,Elections Dont Tell Us Much of Anything About America,20220620T111500Z,theintercept.com,English,United States,False,unclassified
https://www.sfexaminer.com/news/forget-chesa-boudin-these-women-scored-wins-for-criminal-justice-reform-in-california/article_2534ffe6-ecf3-11ec-a87b-dbf6f2286c1d.html,Forget Chesa Boudin . These women scored wins for criminal justice reform in California,20220616T000000Z,sfexaminer.com,English,United States,True,local
https://www.foxnews.com/media/biden-celebrates-cutting-deficit-cut-401k-201k-mccarthy,"Biden celebrates cutting deficit , but only cut our  401ks to 201k : McCarthy",20220615T024500Z,foxnews.com,English,United States,False,national
https://www.sfexaminer.com/our_sections/forum/why-middle-class-san-franciscans-are-particularly-fed-up/article_d5886670-edb2-11ec-ad95-5bf4ad968f93.html,Why middle class San Franciscans are fed up,20220617T191500Z,sfexaminer.com,English,United States,False,local
https://www.sfexaminer.com/our_sections/forum/why-middle-class-san-franciscans-are-fed-up/article_d5886670-edb2-11ec-ad95-5bf4ad968f93.html,Why middle class San Franciscans are fed up,20220617T234500Z,sfexaminer.com,English,United States,False,local
https://www.mymotherlode.com/news/state/2629831/san-francisco-man-to-stand-trial-in-death-of-thai-man-84.html,"San Francisco man to stand trial in death of Thai man , 84",20220618T000000Z,mymotherlode.com,English,United States,False,unclassified
https://santamariatimes.com/news/state-and-regional/san-francisco-man-to-stand-trial-in-death-of-thai-man-84/article_dc5c9c88-f4f4-584a-ab9d-c0b44e49cf2b.html,"San Francisco man to stand trial in death of Thai man , 84",20220618T053000Z,santamariatimes.com,English,United States,False,unclassified
https://www.caledonianrecord.com/news/national/san-francisco-man-to-stand-trial-in-death-of-thai-man-84/article_6d91ff75-ff0e-5df6-97cb-4a58cd3edd64.html,"San Francisco man to stand trial in death of Thai man , 84",20220618T020000Z,caledonianrecord.com,English,United States,False,unclassified
https://www.politico.com/newsletters/california-playbook/2022/06/14/sacramentos-next-class-of-democrats-emerges-from-primary-00039361,Sacramento next class of Democrats - POLITICO,20220614T140000Z,politico.com,English,United States,False,national
https://www.latimes.com/california/newsletter/2022-06-16/ways-californians-can-reduce-water-consumption-during-drought-essential-california,Ways Californians can reduce water consumption during drought,20220616T141500Z,latimes.com,English,United States,False,national
https://www.politico.com/newsletters/california-playbook/2022/06/16/3-direct-democracy-moves-were-watching-00040140,3 direct - democracy moves were watching,20220616T141500Z,politico.com,English,United States,False,national
https://www.sfexaminer.com/news/what-s-next-for-muni-after-prop-a-s-defeat/article_327ab472-ec10-11ec-a186-5bf860cfc498.html,What next for Muni after Prop A defeat ? | News,20220615T011500Z,sfexaminer.com,English,United States,False,local
https://www.rstreet.org/2022/06/15/san-fran-dumps-its-da/,San Fran Dumps Its DA | R Street,20220616T201500Z,rstreet.org,English,United States,False,unclassified
https://slate.com/podcasts/what-next/2022/06/why-was-chesa-boudin-really-recalled,Why was Chesa Boudin Really Recalled ? ,20220615T104500Z,slate.com,English,United States,True,national
https://www.nytimes.com/2022/06/16/opinion/democrats-san-francisco-chesa-boudin.html,Opinion | Democrats Need to Understand the Real Message San Francisco Sent,20220616T110000Z,nytimes.com,English,United States,False,national
https://www.insidenova.com/opinion/editorials/sun-gazette-editorial-will-calif-recall-election-have-impact-on-n-va-prosecutors/article_c127f756-eda1-11ec-92eb-dbea0a5e2fc4.html,Sun Gazette editorial : Will Calif . recall election have impact on N . Va . prosecutors ? ,20220616T224500Z,insidenova.com,English,United States,True,unclassified
https://www.breitbart.com/politics/2022/06/15/vote-by-mail-puts-karen-bass-ahead-of-rick-caruso-in-l-a-mayors-race-8-point-swing/,Vote - by - Mail Puts Karen Bass Ahead of Rick Caruso in L . A . Mayor Race ; 8 - Point Swing,20220615T140000Z,breitbart.com,English,United States,False,national
https://www.politico.com/newsletters/massachusetts-playbook/2022/06/16/big-names-wade-into-key-races-00040112,Big names wade into key races,20220616T114500Z,politico.com,English,United States,False,national
https://freebeacon.com/politics/tens-of-thousands-flee-san-francisco-as-liberal-leaders-struggle-with-crime-and-homelessness/,Tens of Thousands Flee San Francisco As Liberal Leaders Struggle With Crime and Homelessness,20220620T233000Z,freebeacon.com,English,United States,False,unclassified
https://www.mtdemocrat.com/opinion/california-commentary-can-sanity-prevail-in-california/,California Commentary : Can sanity prevail in California ? ,20220620T213000Z,mtdemocrat.com,English,United States,False,unclassified
https://www.lapd.com/article/newswatch-june-17-2022,"NewsWatch June 17 , 2022",20220617T194500Z,lapd.com,English,United States,False,unclassified
https://www.sfchronicle.com/sf/article/S-F-voters-narrowly-reject-Muni-s-400-million-17241868.php,S . F . voters narrowly reject Muni $400 million bond . Is the Chesa Boudin recall to blame ? ,20220615T010000Z,sfchronicle.com,English,United States,True,local
https://townhall.com/tipsheet/mattvespa/2022/06/16/san-francisco-da-recall-exposed-the-democrats-achilles-heel-n2608818,San Francisco DA Recall Exposed the Democrat Achille Heel,20220616T223000Z,townhall.com,English,United States,True,unclassified
https://redstate.com/nick-arama/2022/06/19/abc-and-other-networks-tweeting-about-result-of-midterms-causes-consternation-n580897,ABC and Other Networks Tweeting About Result of Midterms Causes Consternation,20220619T180000Z,redstate.com,English,United States,False,unclassified
https://www.usatoday.com/story/opinion/2022/06/18/democrats-public-safety-policies/7639856001/,Democrats have public safety policies that are good for our democracy,20220618T160000Z,usatoday.com,English,United States,False,national
https://www.msn.com/en-us/news/us/watch-live-house-republicans-to-announce-latest-in-continuing-action-to-address-unchecked-crime-violence-in-philadelphia/ar-AAYp570,Pennsylvania House Republicans Initiate Process To Impeach DA Larry Krasner :  Widespread Lawlessness In The City Of Philadelphia  ,20220614T040000Z,msn.com,English,United States,False,unclassified
https://www.newsweek.com/urban-voters-are-tired-crime-disorder-will-progressive-das-listen-opinion-1716622,Urban Voters Are Tired of Crime and Disorder . Will Progressive DAs Listen ? ,20220620T111500Z,newsweek.com,English,United States,False,national
https://www.cnn.com/2022/06/19/politics/democrats-asian-americans-biden-carter/,Democrats are losing ground with the fastest - growing political bloc : Asian Americans,20220619T190000Z,cnn.com,English,United States,False,national
https://www.sfexaminer.com/our_sections/forum/are-political-endorsements-losing-their-impact/article_1452f8b4-ecb1-11ec-b20d-5fd3a9cda02d.html,Are political endorsements losing their impact ? ,20220615T200000Z,sfexaminer.com,English,United States,False,local
https://wtop.com/elections/2022/06/democrats-are-losing-ground-with-the-fastest-growing-political-bloc-asian-americans/,Democrats are losing ground with the fastest - growing political bloc : Asian Americans,20220620T021500Z,wtop.com,English,United States,False,unclassified
https://hotair.com/john-s-2/2022/06/15/da-gascons-team-is-hellbent-on-blowing-up-the-criminal-justice-system-in-the-name-of-progress-n476449,DA Gascon team is  hellbent on blowing up the criminal - justice system in the name of progress  ,20220615T194500Z,hotair.com,English,United States,False,unclassified
https://hannity.com/media-room/another-liberal-da-down-pennsylvania-gop-moves-to-impeach-philly-da-hes-lost-his-mind/,"ANOTHER LIBERAL DA DOWN ? Pennsylvania GOP Moves to Impeach Philly DA ,  He Lost His Mind  ",20220614T193000Z,hannity.com,English,United States,False,unclassified
https://www.foxnews.com/us/more-150-police-officers-shot-far-year-records-show,"More than 150 police officers shot so far this year , records show",20220616T233000Z,foxnews.com,English,United States,False,national
https://www.news-gazette.com/opinion/columns/jim-dey-catch-and-release-angered-san-francisco-voters-what-about-illinois/article_d6cb626b-ff43-582e-98dd-80b51877fef9.html,Jim Dey | Catch - and - release angered San Francisco voters what about Illinois ? ,20220615T121500Z,news-gazette.com,English,United States,False,unclassified
https://neonnettle.com/news/19357-gavin-newsom-joins-trump-s-truth-social-to-call-out-republican-lies-,Gavin Newsom Joins Trump TRUTH Social to  Call Out Republican Lies  ,20220617T131500Z,neonnettle.com,English,United States,False,unclassified
https://www.foxnews.com/us/san-francisco-needs-more-than-gun-control-stop-violence-father-slain-6-year-old-says,"San Francisco needs more than gun control to stop violence , father of slain 6 - year - old says",20220615T063000Z,foxnews.com,English,United States,False,national
https://redstate.com/jenniferoo/2022/06/16/one-rat-backstrokes-from-george-gascons-sinking-ship-n579400,One Rat Backstrokes From George Gascón Sinking Ship,20220616T190000Z,redstate.com,English,United States,False,unclassified
https://www.sfchronicle.com/crime/article/Man-accused-of-murdering-Thai-grandfather-in-S-F-17244341.php,"Man accused of murdering Thai grandfather in S . F . had run - in with police before fatal encounter , prosecutors say",20220615T221500Z,sfchronicle.com,English,United States,False,local
https://www.theday.com/columnists/20220617/law-and-order-should-be-more-than-gop-slogan,The Day -  Law and order  should be more than a GOP slogan - News from southeastern Connecticut,20220617T231500Z,theday.com,English,United States,False,unclassified
https://auburnpub.com/opinion/columnists/will-barclay-a-recall-election-and-the-ramifications-in-new-york/article_ecfbce56-0dbf-52f5-bc4d-18a948bf0381.html,Will Barclay : A recall election and the ramifications in New York,20220615T140000Z,auburnpub.com,English,United States,True,unclassified
https://www.sfchronicle.com/opinion/openforum/article/Don-t-be-fooled-Asian-American-voters-are-17249808.php,Dont be fooled Asian American voters are more progressive than you might think,20220618T003000Z,sfchronicle.com,English,United States,False,local
https://www.naturalnews.com/2022-06-14-the-perfect-storm-for-violence-approaches.html,The perfect storm for violence approaches – four - plus months of likely riots and you do not want to be in a crowded Democrat - run city when all hell breaks loose – NaturalNews . com,20220615T061500Z,naturalnews.com,English,United States,False,unclassified
https://www.postbulletin.com/opinion/columns/clarence-page-law-and-order-should-be-more-than-a-gop-slogan,Clarence Page :  Law and order  should be more than a GOP slogan,20220617T163000Z,postbulletin.com,English,United States,False,unclassified
https://www.sfchronicle.com/bayarea/article/Breed-s-brother-s-resentencing-hearing-17253929.php,"Resentencing for London Breed brother delayed , next D . A . will take over case",20220620T224500Z,sfchronicle.com,English,United States,False,local
https://www.ammoland.com/2022/06/voters-fed-up-give-san-francisco-da-chesa-boudin-the-boot/,"San Fran Voters Fed Up , Boot Da Chesa",20220617T171500Z,ammoland.com,English,United States,False,unclassified
https://www.usatoday.com/story/opinion/contributors/2022/06/16/john-legend-roe-abortion-supreme-court/9831027002/,Supreme Court abortion ruling : Progressive prosecutors are essential,20220616T123000Z,usatoday.com,English,United States,False,national
https://www.americanthinker.com/blog/2022/06/biden_tells_ap_the_reason_hes_unpopular_is_because_americans_are_mentally_unwell.html,Biden tells AP he unpopular because Americans are mentally unwell,20220617T144500Z,americanthinker.com,English,United States,False,unclassified
http://www.ruthfullyyours.com/2022/06/17/biden-tells-ap-hes-unpopular-because-americans-are-mentally-unwell-by-monica-showalter/,Biden tells AP he unpopular because Americans are mentally unwell By Monica Showalter,20220618T001500Z,ruthfullyyours.com,English,United States,False,unclassified
https://www.latimes.com/california/story/2022-06-20/los-angeles-leads-san-francisco-progressive-election-california,Why L . A . could top San Francisco as most progressive city,20220620T123000Z,latimes.com,English,United States,False,national
https://bearingarms.com/tomknighton/2022/06/15/father-san-francisco-n59405,Father of slain child in San Francisco lashes out,20220616T010000Z,bearingarms.com,English,United States,False,unclassified
https://www.nytimes.com/interactive/2022/06/07/us/elections/results-new-jersey-us-house-district-9.html,New Jersey Ninth Congressional District Primary Election Results,20220615T021500Z,nytimes.com,English,United States,False,national
https://www.odwyerpr.com/story/public/18083/2022-06-16/welcome-wwiii.html,"PR News | Welcome to WWIII - Thu ., Jun . 16 , 2022",20220616T221500Z,odwyerpr.com,English,United States,False,unclassified
https://townhall.com/tipsheet/mattvespa/2022/06/20/nbc-news-the-voters-democrats-need-most-to-save-them-are-getting-killed-by-the-b-n2608976,NBC News : The Voters Democrats Need Most to Save Them Are Getting Killed By the Biden Economy,20220620T183000Z,townhall.com,English,United States,False,unclassified
https://www.christianpost.com/voices/when-bad-people-feel-safe.html,When bad people feel safe,20220620T121500Z,christianpost.com,English,United States,False,unclassified
https://www.christianpost.com:443/voices/when-bad-people-feel-safe.html,When bad people feel safe,20220620T151500Z,christianpost.com,English,United States,False,unclassified
https://www.msn.com/en-ca/news/other/sean-speer-finally-some-pushback-against-the-out-of-touch-radical-left/ar-AAYEVqi,Sean Speer : Finally some pushback against the out - of - touch radical left,20220620T104500Z,msn.com,English,United States,False,unclassified
https://freebeacon.com/politics/san-francisco-dystopian-nightmare/,Bleeding Heart of Darkness : My Journey to the Left Coast - Washington Free Beacon,20220618T103000Z,freebeacon.com,English,United States,False,unclassified
https://www.theepochtimes.com/will-california-latinos-follow-texas-in-shift-to-gop_4538101.html,Will California Latinos Follow Texas in Shift to GOP ? ,20220616T190000Z,theepochtimes.com,English,United States,False,unclassified
https://sfist.com/2022/06/15/preliminary-hearings-in-vicha-ratanapakdee-case-begin-packing-courtroom-and-drawing-rally/,"Preliminary Hearings Begin in Murder of Elderly Anza Vista Man , Packing Courtroom and Drawing Rally",20220615T223000Z,sfist.com,English,United States,False,local
https://www.sandiegouniontribune.com/columnists/story/2022-06-15/column-officials-seek-visible-progress-on-homelessness-as-public-patience-wears-thin,Column : Democrats seek visible progress on homelessness as public patience wears thin,20220615T131500Z,sandiegouniontribune.com,English,United States,False,unclassified
https://www.sfexaminer.com/news/new-san-francisco-law-views-community-policing-as-crime-prevention/article_bbf5bfb0-ec12-11ec-b2c0-fbb3d5a383d0.html,New San Francisco law views community policing as crime prevention,20220617T004500Z,sfexaminer.com,English,United States,False,local
https://www.breitbart.com/politics/2022/06/15/campaign-to-recall-soros-backed-l-a-d-a-george-gascon-we-have-the-signatures/,Campaign to Recall Soros - backed L . A . D . A . George Gascón : We Have the Signatures,20220615T200000Z,breitbart.com,English,United States,True,national
https://www.bizpacreview.com/2022/06/18/soft-on-crime-da-gascon-says-hes-not-sure-la-country-is-less-or-more-safe-since-he-took-office-1251592/,Soft - on - crime DA Gascón says he  not sure  LA Country is  less or more safe  since he took office,20220618T173000Z,bizpacreview.com,English,United States,False,unclassified
https://www.counterpunch.org/2022/06/20/chesa-boudin-did-not-lose-we-did/,Chesa Boudin Did Not Lose . . . We Did,20220620T093000Z,counterpunch.org,English,United States,True,unclassified
https://www.aei.org/op-eds/stirewaltisms-dems-do-some-dirty-work-for-gop-2024/,Stirewaltisms : Dems Do Some Dirty Work for GOP 2024 | American Enterprise Institute,20220617T134500Z,aei.org,English,United States,False,unclassified
https://www.washingtonexaminer.com/news/prosecutor-gets-blame-for-gunman-killing-two-los-angeles-area-police-force-members,Prosecutor gets blame for gunman killing two Los Angeles - area police force members,20220616T031500Z,washingtonexaminer.com,English,United States,False,unclassified
https://www.sfgate.com/politics/article/Oakland-Carroll-Fife-on-housing-17241490.php,The politician with a new plan to fight Bay Area housing crisis,20220615T124500Z,sfgate.com,English,United States,False,local
https://beyondchron.org/who-will-be-san-franciscos-next-da/,Who Will Be San Francisco Next DA ? ,20220615T211500Z,beyondchron.org,English,United States,False,unclassified
https://www.telegraphherald.com/news/opinion/article_dc4bdf99-2bde-5b2d-a154-0b2806648106.html,Page :  Law and order  should be more than a GOP slogan,20220620T084500Z,telegraphherald.com,English,United States,False,unclassified
http://www.virginislandsdailynews.com/law-and-order-should-be-more-than-a-gop-slogan/article_6a82e01b-8305-569f-92df-5627876f8efb.html,  Law and order  should be more than a GOP slogan,20220617T043000Z,virginislandsdailynews.com,English,United States,False,unclassified
https://www.advantagenews.com/news/local/granite-city-news/illinois-voters-don-t-have-power-to-recall-controversial-officeholders/article_78759c72-ebf1-11ec-9e54-83827bb7cd9e.html,Illinois voters dont have power to recall controversial officeholders | Granite City News,20220615T171500Z,advantagenews.com,English,United States,True,unclassified
https://www.cities929.com/2022/06/13/illinois-voters-dont-have-power-to-recall-controversial-officeholders/,Illinois voters dont have power to recall controversial officeholders,20220614T014500Z,cities929.com,English,United States,True,unclassified
https://www.peoplesworld.org/article/despite-san-francisco-recall-justice-candidates-surge-ahead-in-california-primaries/,"Despite San Francisco recall , justice candidates surge ahead in California primaries",20220615T150000Z,peoplesworld.org,English,United States,True,unclassified
https://www.thelcn.com/voices/editorials/editorial-system-we-have-works-recall-process-would-diminish-our-representative-democracy/article_eaac2024-9f12-56f4-89dd-c7a1d6b9bb87.html,Editorial System we have works : Recall process would diminish our representative democracy,20220615T100000Z,thelcn.com,English,United States,True,unclassified
https://www.thedailynewsonline.com/opinion/editorial-system-we-have-works-recall-process-would-diminish-our-representative-democracy/article_57297db1-4d91-5760-a670-2f70c456c8e1.html,Editorial System we have works : Recall process would diminish our representative democracy,20220615T083000Z,thedailynewsonline.com,English,United States,True,unclassified
https://peoplesworld.org/article/june-7-voting-sends-warning-signals-from-california/,June 7 voting sends warning signals from California,20220614T183000Z,peoplesworld.org,English,United States,False,unclassified
https://www.keysnews.com/opinion/columns/you-can-take-voter-anger-about-crime-seriously-without-abandoning-reform/article_9f301e36-e82d-11ec-ad79-07c733996d4c.html,You can take voter anger about crime seriously without abandoning reform,20220614T053000Z,keysnews.com,English,United States,False,unclassified
https://www.gillettenewsrecord.com/opinion/columnists/article_3e761991-8540-5920-a5da-af57b9a4b3d9.html,What Was the Left Thinking ? ,20220619T021500Z,gillettenewsrecord.com,English,United States,False,unclassified
https://www.ebar.com/news/news/316482,Bay Area Reporter :: Political Notebook : Out candidates vying for three SF supervisor seats,20220615T233000Z,ebar.com,English,United States,False,unclassified
https://www.prnewswire.com:443/news-releases/greenberg-joins-effort-to-recall-da-george-gascon-301575459.html,GREENBERG JOINS EFFORT TO RECALL DA GEORGE GASCON,20220627T134500Z,prnewswire.com,English,United States,True,unclassified
https://www.wired.com/story/the-story-youve-heard-about-cities-drugs-and-mental-illness-is-wrong/,The Story Youve Heard About Cities and the Drug Crisis Is Wrong,20220621T180000Z,wired.com,English,United States,False,unclassified
https://www.sfchronicle.com/opinion/letterstotheeditor/article/Letters-Don-t-dismiss-racism-that-Asian-17256400.php,Letters : Dont dismiss racism that Asian Americans and Pacific Islanders face,20220622T131500Z,sfchronicle.com,English,United States,False,local
https://www.city-journal.org:443/chesa-boudin-and-the-electoral-backlash-against-disorder,Chesa Boudin and the Electoral Backlash Against Disorder,20220621T211500Z,city-journal.org,English,United States,True,unclassified
https://www.orlandoweekly.com/news/the-myth-that-all-cities-are-violent-is-a-right-wing-article-of-faith-one-theyre-promoting-and-exploiting-shamelessly-31866068,"The myth that all cities are violent is a right - wing article of faith , one theyre promoting and exploiting shamelessly | Views + Opinions | Orlando",20220622T090000Z,orlandoweekly.com,English,United States,False,unclassified
https://48hills.org/2022/06/the-supreme-court-loses-all-legitimacy-and-so-does-the-us-senate/,The Supreme Court loses all legitimacy and so does the US Senate,20220627T223000Z,48hills.org,English,United States,False,unclassified
http://www.caribpress.com/stephen-curry-and-chesa-boudin-mirror-opposites-of-whats-missing-and-whats-possible-for-san-francisco/,CaribPress » Stephen Curry and Chesa Boudin Mirror Opposites of What Missing and What Possible for San Francisco,20220624T224500Z,caribpress.com,English,United States,True,unclassified
https://el-observador.com/2022/06/24/stephen-curry-and-chesa-boudin-mirror-opposites-of-whats-missing-and-whats-possible-for-san-francisco/,Stephen Curry and Chesa Boudin Mirror Opposites of What Missing and What Possible for San Francisco – El Observador,20220625T041500Z,el-observador.com,English,United States,True,unclassified
https://freerepublic.com/focus/f-news/4073988/posts,Are San Franciscans finally waking up ? The barest grains of sense are possibly evident again in the City by the Bay,20220626T051500Z,freerepublic.com,English,United States,False,national
https://www.theamericanconservative.com/articles/fire-the-lawless-attorneys/,Fire the Lawless Attorneys - The American Conservative,20220621T073000Z,theamericanconservative.com,English,United States,False,unclassified
https://townhall.com/tipsheet/miacathell/2022/06/21/chesa-boudin-ousted-liberal-das-should-fear-recalls-n2608395,Progressive San Fran DA Ousted Which Other Soft - On - Crime Prosecutors Could Be Next ? ,20220621T111500Z,townhall.com,English,United States,False,unclassified
https://www.americanthinker.com/blog/2022/06/are_san_franciscans_finally_waking_up.html,Are San Franciscans finally waking up ? ,20220625T093000Z,americanthinker.com,English,United States,False,unclassified
https://www.sfchronicle.com/opinion/letterstotheeditor/article/Letters-Why-standing-for-the-national-anthem-17259315.php,Letters : Why standing for the national anthem doesnt prove your patriotism,20220623T124500Z,sfchronicle.com,English,United States,False,local
https://www.latimes.com/california/story/2022-06-24/los-angeles-district-attorney-george-gascon-recall-effort-san-francisco,Inside the effort to recall Los Angeles D . A . George Gascón,20220624T130000Z,latimes.com,English,United States,True,national
https://www.foxnews.com/media/progressive-democrats-beating-republicans-crime-debate-msnbc-writer-claims,"Progressive Democrats  beating Republicans on the crime debate , MSNBC writer claims",20220622T170000Z,foxnews.com,English,United States,False,national
https://www.msn.com/en-us/news/politics/the-cautionary-tale-of-the-california-primary-dont-speak-too-soon-in-the-age-of-mail-in-voting/ar-AAYKUPl,The cautionary tale of the California primary : Dont speak too soon in the age of mail - in voting,20220622T210000Z,msn.com,English,United States,False,unclassified
https://www.latimes.com/politics/story/2022-06-22/cautionary-tale-of-california-primary-dont-speak-too-soon-in-age-of-mail-in-voting,"With mail voting , California primary shows ... youll just have to wait",20220622T203000Z,latimes.com,English,United States,False,national
https://www.csmonitor.com/Commentary/From-the-Editors/2022/0627/Listening-to-someone-s-story-can-lead-to-freedom,Listening to someone story can lead to freedom,20220627T143000Z,csmonitor.com,English,United States,False,unclassified
https://www.breitbart.com/politics/2022/06/21/pollak-transgenderism-is-dragging-down-the-democratic-party/,Pollak : Transgenderism is Dragging Down the Democratic Party,20220621T133000Z,breitbart.com,English,United States,False,national
https://www.bizpacreview.com/2022/06/27/new-york-shoplifter-gets-100th-bust-and-is-released-without-bail-again-1254981/,"New York shoplifter gets 100th bust and is released without bail , again",20220627T151500Z,bizpacreview.com,English,United States,False,unclassified
https://www.sfchronicle.com/sf/article/san-francisco-budget-17256964.php,  Sophie choices : S . F . supervisors weigh changes to Mayor Breed $14 billion budget plan,20220622T133000Z,sfchronicle.com,English,United States,False,local
https://www.theepochtimes.com/lefts-leniency-on-its-political-violence-demonstrates-its-devotion-to-injustice_4547996.html,Left Leniency on its Political Violence Demonstrates its Devotion to Injustice,20220622T000000Z,theepochtimes.com,English,United States,False,unclassified
https://www.nytimes.com/2022/06/24/us/recall-san-francisco-school-board.html,"Following Recall , San Francisco School Board Reverses Course",20220624T131500Z,nytimes.com,English,United States,True,national
https://townhall.com/tipsheet/mattvespa/2022/06/23/asian-americans-to-democrats-see-ya-n2609194,Asian Americans to Democrats : See Ya ! ,20220623T213000Z,townhall.com,English,United States,False,unclassified
https://www.msn.com/en-us/news/opinion/liberal-america-needs-a-better-answer-to-rising-crime-rates/ar-AAYHawV,Liberal America Needs a Better Answer to Rising Crime Rates,20220621T113000Z,msn.com,English,United States,False,unclassified
https://www.theatlantic.com/ideas/archive/2022/06/us-city-violent-crime-rate-perception/661337/,Liberal America Needs a Better Answer to Rising Crime Rates,20220621T111500Z,theatlantic.com,English,United States,False,national
https://www.latimes.com/world-nation/newsletter/2022-06-23/caliornia-national-guard-scandal-todays-headlines-newsletter-todays-headlines,"Today Headlines : Homophobia , antisemitism and other scandals rocking California military",20220623T133000Z,latimes.com,English,United States,False,national
https://www.politico.com/news/2022/06/23/california-rob-bonta-hochman-november-00042173,California Attorney General Rob Bonta to face establishment Republican in November,20220624T050000Z,politico.com,English,United States,False,national
https://freebeacon.com/democrats/this-california-city-each-month-removes-literal-tons-of-garbage-and-feces-from-homeless-camps/,This California City Removes Literal Tons of Garbage and Feces From Homeless Camps Each Month,20220621T134500Z,freebeacon.com,English,United States,False,unclassified
https://www.oann.com/6-major-cities-note-violent-crime-increases-from-record-2021-levels/,6 major cities note violent crime increases from record 2021 levels,20220623T154500Z,oann.com,English,United States,False,unclassified
https://www.mdjonline.com/tribune/lifestyles/after-san-francisco-will-la-dist-atty-gasc-n-be-recalled-next-inside-the-final/article_cefb8cbd-cf54-5a0a-9fed-9099c0124a83.html,"After San Francisco , will LA Dist . Atty . Gascón be recalled next ? Inside the final push",20220625T120000Z,mdjonline.com,English,United States,True,unclassified
http://www.msn.com/en-us/news/politics/california-attorney-general-rob-bonta-to-face-establishment-republican-in-november/ar-AAYO2hJ,California Attorney General Rob Bonta to face establishment Republican in November,20220624T023000Z,msn.com,English,United States,False,unclassified
https://townhall.com/tipsheet/mattvespa/2022/06/26/bill-maher-knows-where-progressives-are-going-to-blow-it-on-abortion-n2609338,Bill Maher Knows Where Progressives Are Going to Blow It on Abortion,20220626T111500Z,townhall.com,English,United States,False,unclassified
https://www.theepochtimes.com/gov-hochul-cruising-on-establishment-support-toward-primary-win-despite-crime-crisis-experts_4561148.html,"Gov . Hochul Cruising on Establishment Support Toward Primary Win , Despite Crime Crisis : Experts",20220627T191500Z,theepochtimes.com,English,United States,False,unclassified
https://newrepublic.com/article/166887/illinois-governor-2022-griffin-pritzker,Did the Illinois Gubernatorial  Battle of the Billionaires  Just End ? ,20220624T103000Z,newrepublic.com,English,United States,False,unclassified
https://www.latimes.com/california/newsletter/2022-06-24/california-politics-poll-red-wave-ca-politics,California political colors unlikely to shift much if red wave sweeps across U . S . in November,20220624T163000Z,latimes.com,English,United States,False,national
https://www.lapd.com/article/funeral-held-lapd-officer-killed-training-accident,Funeral Held For LAPD Officer Killed In Training Accident,20220627T214500Z,lapd.com,English,United States,False,unclassified
https://www.tahoedailytribune.com/news/opinion/can-sanity-prevail-in-california-opinion/,Can sanity prevail in California ? ( Opinion ) ,20220625T184500Z,tahoedailytribune.com,English,United States,False,unclassified
https://cis.org/Arthur/Honduran-Migrants-and-San-Francisco-Drug-Trade,Honduran Migrants and the San Francisco Drug Trade,20220621T161500Z,cis.org,English,United States,False,unclassified
https://www.oc-breeze.com/2022/06/25/214817_nathan-hochman-declares-victory-in-california-attorney-general-primary-election/,Nathan Hochman declares victory in California Attorney General primary election,20220626T044500Z,oc-breeze.com,English,United States,False,unclassified
https://www.mdjonline.com/tribune/politics_and_government/california-primarys-lesson-for-pundits-dont-speak-too-soon-in-the-age-of-mail-in/article_bb986a89-19a4-59cf-8ebe-a8ee43b786b0.html,California primary lesson for pundits : Dont speak too soon in the age of mail - in voting,20220626T163000Z,mdjonline.com,English,United States,False,unclassified
https://el-observador.com/2022/06/24/new-data-debunks-narrative-of-youth-crime-wave/,New Data Debunks Narrative of Youth Crime Wave,20220624T233000Z,el-observador.com,English,United States,False,unclassified
https://48hills.org/2022/06/the-june-election-was-bad-news-for-mayor-london-breed/,The June election was bad news for Mayor London Breed,20220623T070000Z,48hills.org,English,United States,False,unclassified
https://www.publicnewsservice.org/2022-06-22/criminal-justice/new-data-debunks-narrative-of-youth-crime-wave/a79575-1,New Data Debunks Narrative of Youth Crime Wave,20220622T073000Z,publicnewsservice.org,English,United States,False,unclassified
https://www.cityandstatepa.com/power-lists/2022/06/2022-law-power-100/368493/,The 2022 Law Power 100,20220627T183000Z,cityandstatepa.com,English,United States,False,unclassified
https://www.sfchronicle.com/sf/article/Chesa-Boudin-says-he-won-t-rule-out-running-for-17271871.php,Chesa Boudin wont rule out running for San Francisco District Attorney again,20220628T211500Z,sfchronicle.com,English,United States,True,local
https://www.latimes.com/politics/story/2022-06-30/criminal-justice-reform-movement-district-attorneys-diana-becton,How a progressive prosecutor was reelected in moderate suburbs,20220630T140000Z,latimes.com,English,United States,False,national
https://www.ktvu.com/news/chesa-boudin-says-he-may-run-again-for-san-franciscos-district-attorney,"Chesa Boudin may run again for San Francisco district attorney , he says",20220629T184500Z,ktvu.com,English,United States,True,local
https://www.breitbart.com/politics/2022/06/28/ousted-san-francisco-d-a-chesa-boudin-i-may-run-again/,Ousted San Francisco D . A . Chesa Boudin : I May Run Again,20220629T201500Z,breitbart.com,English,United States,True,national
https://www.foxnews.com/us/ousted-san-francisco-da-chesa-boudin-not-ruling-another-run-office,Ousted San Francisco DA Chesa Boudin not ruling out another run for office,20220630T021500Z,foxnews.com,English,United States,True,national
https://www.loudountimes.com/opinion/community_views/community-view-former-loudoun-prosecutor-morgan-shares-concern-about-office/article_d5bc0640-f809-11ec-9d25-e74c97f6ae17.html,Community View : Former Loudoun prosecutor Morgan shares concern about office,20220702T004500Z,loudountimes.com,English,United States,False,unclassified
https://www.sfexaminer.com/our_sections/forum/democrats-need-to-understand-the-real-message-the-boudin-recall-sent/article_8d072964-f7e8-11ec-9d55-5b8317039de8.html,Democrats need to understand the real message the Boudin recall sent,20220629T214500Z,sfexaminer.com,English,United States,True,local
https://www.amren.com/news/2022/06/democrats-are-losing-ground-with-the-fastest-growing-political-bloc-asian-americans/,Democrats Are Losing Ground With the Fastest - Growing Political Bloc : Asian Americans,20220628T230000Z,amren.com,English,United States,False,unclassified
https://www.thenation.com/article/politics/chesa-boudin-parental-incarceration/,What Chesa Boudin Recall Means for Children With Incarcerated Parents,20220704T164500Z,thenation.com,English,United States,True,unclassified
https://redstate.com/levon/2022/06/30/victim-of-hit-and-run-blames-george-gascon-supports-the-recall-n587007,"Victim of Hit - and - Run Blames George Gascon , Supports the Recall",20220701T030000Z,redstate.com,English,United States,True,unclassified
https://www.ebar.com/story.php?ch=News&sc=News&id=316908,Boudin urges successor to keep progressive policies :: Bay Area Reporter,20220629T234500Z,ebar.com,English,United States,True,unclassified
http://www.ebar.com/story.php?ch=News&sc=News&id=316908,Boudin urges successor to keep progressive policies :: Bay Area Reporter,20220630T020000Z,ebar.com,English,United States,True,unclassified
https://www.ebar.com/story.php?ch=Politics&sc=&id=316908,Boudin urges successor to keep progressive policies :: Bay Area Reporter,20220701T220000Z,ebar.com,English,United States,True,unclassified
http://www.ebar.com/story.php?ch=Politics&sc=&id=316908,Boudin urges successor to keep progressive policies :: Bay Area Reporter,20220701T210000Z,ebar.com,English,United States,True,unclassified
https://freebeacon.com/latest-news/soros-funded-prosecutors-pledge-to-defy-pro-life-laws/,Soros - Funded Prosecutors Pledge To Defy Pro - Life Laws - Washington Free Beacon,20220629T233000Z,freebeacon.com,English,United States,False,unclassified
https://www.sfexaminer.com/our_sections/forum/why-london-breed-may-miss-san-francisco-s-latest-scapegoat/article_a8085846-f72a-11ec-ac7c-57bcd80a772b.html,Why London Breed may miss San Francisco latest scapegoat | Forum,20220630T024500Z,sfexaminer.com,English,United States,False,local
https://www.sfexaminer.com/our_sections/forum/why-london-breed-may-miss-san-francisco-s-latest-greatest-scapegoat/article_a8085846-f72a-11ec-ac7c-57bcd80a772b.html,"Why London Breed may miss San Francisco latest , greatest scapegoat | Forum",20220629T024500Z,sfexaminer.com,English,United States,False,local
https://classichits1390.iheart.com/featured/the-clay-travis-and-buck-sexton-show/content/2022-06-29-clay-travis-and-buck-sexton-did-the-nashville-nostradamus-nail-it-on-newsom-in-24/,Did the Nashville Nostradamus Nail It on Newsom in  24 ? | 1390 KRRZ | The Clay Travis and Buck Sexton Show,20220629T060000Z,classichits1390.iheart.com,English,United States,False,unclassified
https://www.forbes.com/sites/rogervaldez/2022/07/01/what-does-san-franciscos-recall-mean-for-housing/,What Does San Francisco Recall Mean For Housing ? ,20220701T134500Z,forbes.com,English,United States,True,unclassified
https://www.sfchronicle.com/sf/article/san-francisco-google-search-data-17279903.php,What do San Franciscans really care about ? Here what Google search data reveals,20220702T114500Z,sfchronicle.com,English,United States,False,local
https://www.msn.com/en-us/news/crime/this-california-progressive-prosecutor-beat-back-the-tough-on-crime-backlash-how/ar-AAZ2f7V,This California progressive prosecutor beat back the tough - on - crime backlash . How ? ,20220630T124500Z,msn.com,English,United States,False,unclassified
https://www.sfgate.com/politics/article/california-progressive-prosecutor-beat-backlash-17274819.php,This California DA beat back tough - on - crime backlash . How ? ,20220630T114500Z,sfgate.com,English,United States,False,local
https://www.usatoday.com/story/news/politics/2022/07/01/june-primary-elections-summary/7791871001/,June primary election results : The most important races and why,20220701T233000Z,usatoday.com,English,United States,False,national
https://www.northwestgeorgianews.com/tribune/regional/what-do-san-franciscans-really-care-about-heres-what-google-search-data-reveals/article_cfe7ec20-e5d5-5b6a-a4e4-b7132936198b.html,What do San Franciscans really care about ? Here what Google search data reveals,20220702T184500Z,northwestgeorgianews.com,English,United States,False,unclassified
https://www.washingtontimes.com/news/2022/jul/1/crimewave-batters-us-cities-violent-4th-july-weeke/,"Crimewave batters U . S ., cities brace for the notoriously violent holiday weekend",20220701T200000Z,washingtontimes.com,English,United States,False,national
https://www.washingtontimes.com:443/news/2022/jul/1/crimewave-batters-us-cities-violent-4th-july-weeke/,"Crime wave batters U . S ., cities brace for the notoriously violent holiday weekend",20220701T211500Z,washingtontimes.com,English,United States,False,national
http://www.msn.com/en-us/news/politics/the-democrats-crime-conundrum-looms-as-a-midterm-threat/ar-AAYWQCW,The Democrat crime conundrum looms as a midterm threat,20220628T100000Z,msn.com,English,United States,False,unclassified
https://www.foxnews.com/media/ny-times-columnist-sounds-alarm-woke-liberals-destroying-democrats-midterm-election-chances,NY Times columnist sounds alarm over woke liberals destroying Democrat midterm election chances,20220629T220000Z,foxnews.com,English,United States,False,national
https://freebeacon.com/democrats/soros-prosecutor-freed-violent-offender-now-charged-with-killing-homeless-woman/,Soros Prosecutor Freed Violent Offender Now Charged With Killing Homeless Woman,20220630T134500Z,freebeacon.com,English,United States,False,unclassified
https://www.washingtontimes.com/news/2022/jul/4/george-soros-backed-prosecutors-democratic-ags-vow/,"George Soros - backed prosecutors , Democratic AGs vow to defy abortion laws",20220704T190000Z,washingtontimes.com,English,United States,False,national
https://www.washingtontimes.com:443/news/2022/jul/4/george-soros-backed-prosecutors-democratic-ags-vow/,"George Soros - backed prosecutors , Democratic AGs vow to defy abortion laws",20220704T191500Z,washingtontimes.com,English,United States,False,national
https://sfist.com/2022/06/28/chesa-boudin-wont-say-that-he-wont-run-again-for-san-francisco-da/,Chesa Boudin Wont Say That He Wont Run Again For San Francisco DA,20220629T010000Z,sfist.com,English,United States,True,local
https://www.latimes.com/california/newsletter/2022-06-30/aridification-drying-california-the-west-essential-california,What aridification means to California and the West,20220630T140000Z,latimes.com,English,United States,False,national
https://www.gopusa.com/committed-crime-fighters-relieving-frustration-with-their-feet/,Committed crime fighters relieving frustration with their feet,20220629T181500Z,gopusa.com,English,United States,False,unclassified
https://sfist.com/2022/06/28/sfpd-officer-arrested-charged-with-grand-theft-fraud-and-forgery-over-a-wrecked-ford-mustang/,"SFPD Officer Arrested , Charged With Grand Theft , Fraud , and Forgery Over a Wrecked Ford Mustang",20220628T201500Z,sfist.com,English,United States,False,local
https://www.socialistalternative.org/2022/06/28/gop-primaries-trump-dominated-gop-seizes-on-democratic-inaction/,GOP Primaries : Trump - Dominated GOP Seizes On Democratic Inaction,20220628T161500Z,socialistalternative.org,English,United States,False,unclassified
https://www.newsweek.com/some-major-crimes-have-seen-upticks-since-da-recall-san-francisco-1723113,Some Major Crimes Have Seen Upticks Since DA Recall in San Francisco,20220708T223000Z,newsweek.com,English,United States,True,national
https://www.sfgate.com/politics/article/breed-picks-boudin-recall-supporter-17290785.php,Breed picks Chesa Boudin recall backer to replace him as DA,20220707T223000Z,sfgate.com,English,United States,True,local
https://www.politico.com/news/2022/07/07/london-breed-replaces-chesa-boudin-with-brooke-jenkins-00044563,London Breed replaces ousted DA Chesa Boudin with recall proponent Brooke Jenkins,20220708T010000Z,politico.com,English,United States,True,national
https://www.opensecrets.org/news/2022/07/big-donors-fueled-high-profile-recall-of-progressive-san-francisco-district-attorney-chesa-boudin/,Big donors fueled high profile recall of progressive San Francisco district attorney Chesa Boudin • OpenSecrets,20220708T000000Z,opensecrets.org,English,United States,True,unclassified
https://www.opensecrets.org/news/2022/07/big-donors-fueled-high-profile-recall-of-progressive-san-francisco-district-attorney-chesa-boudin,Big donors fueled high profile recall of progressive San Francisco district attorney Chesa Boudin • OpenSecrets,20220707T194500Z,opensecrets.org,English,United States,True,unclassified
https://www.sfchronicle.com/sf/article/S-F-s-new-D-A-is-Brooke-Jenkins-the-17290873.php,Brooke Jenkins is London Breed pick to replace Chesa Boudin,20220707T210000Z,sfchronicle.com,English,United States,True,local
https://www.sfexaminer.com/news/an-interview-with-san-franciscos-new-district-attorney/article_4b803762-ddd2-5cd0-85d1-7beb02a6cd8f.html,An interview with San Francisco new district attorney,20220708T221500Z,sfexaminer.com,English,United States,False,local
https://dailycaller.com/2022/07/08/brooke-jenkins-replace-chesa-boudin-san-francisco-recall/,"Brooke Jenkins , Vocal Recall Advocate , Replaces Recalled San Fran DA",20220708T151500Z,dailycaller.com,English,United States,True,national
https://www.sfchronicle.com/sf/article/San-Francisco-s-office-market-still-struggling-17291396.php,"San Francisco office market still struggling despite Google , Wells Fargo leases",20220708T014500Z,sfchronicle.com,English,United States,False,local
https://www.nytimes.com/2022/07/08/us/brooke-jenkins-san-francisco-district-attorney.html,An Interview With San Francisco New District Attorney,20220708T120000Z,nytimes.com,English,United States,False,national
https://www.ktvu.com/news/first-meeting-with-the-new-sf-da-described-as-horrible-and-icy,First meeting with new San Francisco District Attorney described as  horrible and icy  ,20220710T004500Z,ktvu.com,English,United States,False,local
https://www.cnn.com/2022/07/07/politics/san-francisco-district-attorney-chesa-boudin-brooke-jenkins/,Boudin opponent named to replace him as San Francisco district attorney,20220708T040000Z,cnn.com,English,United States,True,national
https://www.abc10.com/article/news/local/critic-of-chesa-boudin-takes-place-as-district-attorney/103-947f26b4-71a8-4f0e-8219-f0641383d549,Chesa Boudin critic replaces him as San Francisco DA,20220709T001500Z,abc10.com,English,United States,True,unclassified
https://www.politico.com/newsletters/california-playbook/2022/07/08/london-breed-replaces-chesa-boudin-with-one-of-his-chief-critics-00044651,Boudin replacement,20220708T173000Z,politico.com,English,United States,True,national
https://kvia.com/your-voice-your-vote/politics/cnn-us-politics/2022/07/07/boudin-opponent-named-to-replace-him-as-san-francisco-district-attorney/,Boudin opponent named to replace him as San Francisco district attorney,20220708T080000Z,kvia.com,English,United States,True,unclassified
https://krdo.com/politics/cnn-us-politics/2022/07/07/boudin-opponent-named-to-replace-him-as-san-francisco-district-attorney/,Boudin opponent named to replace him as San Francisco district attorney,20220708T094500Z,krdo.com,English,United States,True,unclassified
https://www.startribune.com/chesa-boudin-critic-replaces-him-as-san-francisco-da/600188475/,Chesa Boudin critic replaces him as San Francisco DA,20220709T040000Z,startribune.com,English,United States,True,unclassified
https://buffalonews.com/news/national/chesa-boudin-critic-replaces-him-as-san-francisco-da/article_49491f74-ea51-5d9f-95c8-75b5588ce4ba.html,Chesa Boudin critic replaces him as San Francisco DA,20220709T000000Z,buffalonews.com,English,United States,True,unclassified
https://www.washingtontimes.com:443/news/2022/jul/7/brooke-jenkins-to-replace-chesa-boudin-as-san-fran/,Brooke Jenkins to replace Chesa Boudin as San Francisco DA,20220708T033000Z,washingtontimes.com,English,United States,True,national
https://www.washingtontimes.com/news/2022/jul/7/brooke-jenkins-to-replace-chesa-boudin-as-san-fran/,Brooke Jenkins to replace Chesa Boudin as San Francisco DA,20220708T014500Z,washingtontimes.com,English,United States,True,national
https://tucson.com/news/national/chesa-boudin-critic-replaces-him-as-san-francisco-da/article_249889d1-394b-58bc-85a7-284e7cddcaea.html,Chesa Boudin critic replaces him as San Francisco DA,20220708T234500Z,tucson.com,English,United States,True,unclassified
https://localnews8.com/politics/cnn-us-politics/2022/07/07/boudin-opponent-named-to-replace-him-as-san-francisco-district-attorney/,Boudin opponent named to replace him as San Francisco district attorney,20220708T044500Z,localnews8.com,English,United States,True,unclassified
https://hanfordsentinel.com/ap/politics/chesa-boudin-critic-replaces-him-as-san-francisco-da/article_97f4cea2-91ba-571e-ab09-d0f24fe942f5.html,Chesa Boudin critic replaces him as San Francisco DA,20220709T004500Z,hanfordsentinel.com,English,United States,True,unclassified
https://www.bakersfield.com/ap/national/chesa-boudin-critic-replaces-him-as-san-francisco-da/article_7f62f703-3750-539e-8dea-a7767e3c0f03.html,Chesa Boudin critic replaces him as San Francisco DA,20220709T011500Z,bakersfield.com,English,United States,True,unclassified
https://missoulian.com/news/national/chesa-boudin-critic-to-replace-him-as-san-francisco-da/article_3a5b0ac6-a8d9-5cb4-9887-15d462913802.html,Chesa Boudin critic to replace him as San Francisco DA,20220708T030000Z,missoulian.com,English,United States,True,unclassified
https://www.smdailyjournal.com/news/national/chesa-boudin-critic-replaces-him-as-san-francisco-da/article_3c94eba2-cfd2-531d-bdc9-7577eb80804f.html,Chesa Boudin critic replaces him as San Francisco DA,20220709T014500Z,smdailyjournal.com,English,United States,True,local
https://lacrossetribune.com/news/national/chesa-boudin-critic-to-replace-him-as-san-francisco-da/article_3f133f4a-d338-5743-9cc9-4a2f49195f9d.html,Chesa Boudin critic to replace him as San Francisco DA,20220708T020000Z,lacrossetribune.com,English,United States,True,unclassified
https://www.washingtontimes.com/news/2022/jul/6/is-criminal-justice-reform-dead/,Is criminal justice reform dead ? ,20220706T204500Z,washingtontimes.com,English,United States,False,national
https://www.washingtontimes.com:443/news/2022/jul/6/is-criminal-justice-reform-dead/,Is criminal justice reform dead ? ,20220706T204500Z,washingtontimes.com,English,United States,False,national
https://m.washingtontimes.com/news/2022/jul/6/is-criminal-justice-reform-dead/,Is criminal justice reform dead ? ,20220707T170000Z,m.washingtontimes.com,English,United States,False,unclassified
https://www.stltoday.com/news/national/chesa-boudin-critic-to-replace-him-as-san-francisco-da/article_7c1a9d11-2215-5e72-9c56-076a42c5ca5d.html,Chesa Boudin critic to replace him as San Francisco DA,20220708T020000Z,stltoday.com,English,United States,True,unclassified
http://ktvz.com/politics/cnn-us-politics/2022/07/07/boudin-opponent-named-to-replace-him-as-san-francisco-district-attorney/,Boudin opponent named to replace him as San Francisco district attorney,20220708T054500Z,ktvz.com,English,United States,True,unclassified
https://www.ksby.com/news/california-news/chesa-boudin-critic-replaces-him-as-san-francisco-da,Chesa Boudin critic replaces him as San Francisco DA,20220709T183000Z,ksby.com,English,United States,True,unclassified
https://thegrio.com/2022/07/10/brooke-jenkins-to-be-san-francisco-da/,San Francisco appoints Brooke Jenkins as district attorney,20220710T174500Z,thegrio.com,English,United States,False,unclassified
https://www.kxly.com/i/chesa-boudin-critic-to-replace-him-as-san-francisco-da/,Chesa Boudin critic to replace him as San Francisco DA,20220708T020000Z,kxly.com,English,United States,True,unclassified
https://www.smdailyjournal.com/news/bay_area/bay-area-ada-lawsuit-arguments-postponed/article_64448dc6-fe75-11ec-9320-9f3bcc8f20c4.html,Bay Area ADA lawsuit arguments postponed,20220708T080000Z,smdailyjournal.com,English,United States,False,local
http://www.msn.com/en-us/news/us/chesa-boudin-critic-to-replace-him-as-san-francisco-da/ar-AAZkKu8,Chesa Boudin critic to replace him as San Francisco DA,20220707T233000Z,msn.com,English,United States,True,unclassified
https://www.wicz.com/story/46835780/boudin-opponent-named-to-replace-him-as-san-francisco-district-attorney,Boudin opponent named to replace him as San Francisco district attorney,20220708T063000Z,wicz.com,English,United States,True,unclassified
https://kesq.com/news/ap-california/2022/07/08/chesa-boudin-critic-replaces-him-as-san-francisco-da/,Chesa Boudin critic replaces him as San Francisco DA,20220709T021500Z,kesq.com,English,United States,True,unclassified
https://kesq.com/news/ap-california/2022/07/07/chesa-boudin-critic-to-replace-him-as-san-francisco-da/,Chesa Boudin critic to replace him as San Francisco DA,20220708T021500Z,kesq.com,English,United States,True,unclassified
https://www.sfexaminer.com/news/brooke-jenkins-to-be-appointed-as-san-francisco-district-attorney/article_eabb77a6-fe35-11ec-b787-d3d7e0456570.html,Brooke Jenkins to be appointed as San Francisco District Attorney,20220707T224500Z,sfexaminer.com,English,United States,False,local
https://www.courthousenews.com/san-francisco-mayors-pick-to-replace-progressive-district-attorney-garners-scrutiny/,San Francisco mayor pick to replace progressive district attorney garners scrutiny,20220708T043000Z,courthousenews.com,English,United States,False,unclassified
https://redstate.com/levon/2022/07/07/gascon-recall-campaign-says-it-delivered-massive-number-of-recall-signatures-for-validation-n590118,Gascon Recall : Campaign Says It Delivered Massive Number of Recall Signatures for Validation,20220707T084500Z,redstate.com,English,United States,True,unclassified
https://www.ktvu.com/news/chesa-boudin-releases-statement-on-way-out-of-office-as-san-francisco-district-attorney,Chesa Boudin releases statement on way out of office as San Francisco district attorney,20220709T004500Z,ktvu.com,English,United States,True,local
https://www.latimes.com/california/story/2022-07-09/san-francisco-new-district-attorney-brooke-jenkins-criminal-justice-reform,Critics skeptical of San Francisco new reform - minded D . A . ,20220709T134500Z,latimes.com,English,United States,False,national
https://www.channel3000.com/i/chesa-boudin-critic-to-replace-him-as-san-francisco-da/,Chesa Boudin critic to replace him as San Francisco DA,20220707T234500Z,channel3000.com,English,United States,True,unclassified
https://www.sfexaminer.com/news/run-chesa-run-for-better-or-worse-boudin-could-win-back-san-francisco-das-office/article_75bb0e86-fb32-11ec-a129-6bc3e0218643.html,"Run , Chesa , Run ? For better or worse , Boudin could win back San Francisco DA office",20220705T144500Z,sfexaminer.com,English,United States,True,local
https://www.seattlepi.com/news/article/Chesa-Boudin-critic-to-replace-him-as-San-17291178.php,Chesa Boudin critic to replace him as San Francisco DA,20220708T014500Z,seattlepi.com,English,United States,True,unclassified
https://redstate.com/jenniferoo/2022/07/08/brooke-jenkins-is-san-franciscos-new-district-attorney-n590914,Brooke Jenkins Is San Francisco New District Attorney,20220708T191500Z,redstate.com,English,United States,False,unclassified
https://www.phillytrib.com/news/across_america/boudin-opponent-named-to-replace-him-as-san-francisco-district-attorney/article_5d1a83c9-8590-5df4-8fe0-49ae32e089b4.html,Boudin opponent named to replace him as San Francisco district attorney,20220708T171500Z,phillytrib.com,English,United States,True,unclassified
https://www.sandiegouniontribune.com/news/california/story/2022-07-07/chesa-boudin-critic-to-replace-him-as-san-francisco-da,Chesa Boudin critic to replace him as San Francisco DA,20220707T233000Z,sandiegouniontribune.com,English,United States,True,unclassified
https://mynorthwest.com/3553087/chesa-boudin-critic-to-replace-him-as-san-francisco-da/,Chesa Boudin critic to replace him as San Francisco DA,20220708T010000Z,mynorthwest.com,English,United States,True,unclassified
https://www.kob.com/news/us-and-world-news/chesa-boudin-critic-to-replace-him-as-san-francisco-da/,Chesa Boudin critic to replace him as San Francisco DA,20220707T233000Z,kob.com,English,United States,True,unclassified
https://abc17news.com/news/2022/07/07/boudin-opponent-named-to-replace-him-as-san-francisco-district-attorney/,Boudin opponent named to replace him as San Francisco district attorney,20220708T024500Z,abc17news.com,English,United States,True,unclassified
https://abc17news.com/politics/national-politics/cnn-us-politics/2022/07/07/boudin-opponent-named-to-replace-him-as-san-francisco-district-attorney/,Boudin opponent named to replace him as San Francisco district attorney,20220708T074500Z,abc17news.com,English,United States,True,unclassified
https://tucson.com/news/national/chesa-boudin-critic-to-replace-him-as-san-francisco-da/article_249889d1-394b-58bc-85a7-284e7cddcaea.html,Chesa Boudin critic to replace him as San Francisco DA,20220708T003000Z,tucson.com,English,United States,True,unclassified
https://www.turnto23.com/news/state/chesa-boudin-critic-to-replace-him-as-san-francisco-da,Chesa Boudin critic to replace him as San Francisco DA,20220708T003000Z,turnto23.com,English,United States,True,unclassified
https://www.yumasun.com/news/national_news/chesa-boudin-critic-replaces-him-as-san-francisco-da/article_6be8faf9-03de-5633-b07d-1a64811b0e9c.html,Chesa Boudin critic replaces him as San Francisco DA,20220709T000000Z,yumasun.com,English,United States,True,unclassified
https://www.caledonianrecord.com/news/national/chesa-boudin-critic-replaces-him-as-san-francisco-da/article_1dbe1500-955b-5003-9c8a-a0508e14b109.html,Chesa Boudin critic replaces him as San Francisco DA,20220708T233000Z,caledonianrecord.com,English,United States,True,unclassified
https://santamariatimes.com/news/state-and-regional/chesa-boudin-critic-replaces-him-as-san-francisco-da/article_9a39b85e-0605-5ce6-94c6-599c2234a41a.html,Chesa Boudin critic replaces him as San Francisco DA,20220709T020000Z,santamariatimes.com,English,United States,True,unclassified
https://www.yankton.net/news/national_ap/article_0c1c71ac-b653-5ae1-811f-9d28779225d8.html,Chesa Boudin critic to replace him as San Francisco DA,20220708T024500Z,yankton.net,English,United States,True,unclassified
https://www.ivpressonline.com/news/nation/chesa-boudin-critic-to-replace-him-as-san-francisco-da/article_90be88b1-ff96-5427-8102-ae9c2ccc0251.html,Chesa Boudin critic to replace him as San Francisco DA,20220708T031500Z,ivpressonline.com,English,United States,True,unclassified
https://www.valdostadailytimes.com/news/national_international/chesa-boudin-critic-to-replace-him-as-san-francisco-da/article_4ecfbdb0-ed00-577f-a8fe-4e31584aedb9.html,Chesa Boudin critic to replace him as San Francisco DA,20220708T041500Z,valdostadailytimes.com,English,United States,True,unclassified
https://www.chron.com/news/article/Chesa-Boudin-critic-to-replace-him-as-San-17291178.php,Chesa Boudin critic to replace him as San Francisco DA,20220707T230000Z,chron.com,English,United States,True,unclassified
https://www.sfgate.com/news/article/Chesa-Boudin-critic-to-replace-him-as-San-17291178.php,Chesa Boudin critic to replace him as San Francisco DA,20220707T224500Z,sfgate.com,English,United States,True,local
https://www.lmtonline.com/news/article/Chesa-Boudin-critic-to-replace-him-as-San-17291178.php,Chesa Boudin critic to replace him as San Francisco DA,20220708T013000Z,lmtonline.com,English,United States,True,unclassified
https://www.ctpost.com/news/article/Chesa-Boudin-critic-to-replace-him-as-San-17291178.php,Chesa Boudin critic to replace him as San Francisco DA,20220708T000000Z,ctpost.com,English,United States,True,unclassified
https://www.stamfordadvocate.com/news/article/Chesa-Boudin-critic-to-replace-him-as-San-17291178.php,Chesa Boudin critic to replace him as San Francisco DA,20220707T233000Z,stamfordadvocate.com,English,United States,True,unclassified
https://www.greenwichtime.com/news/article/Chesa-Boudin-critic-to-replace-him-as-San-17291178.php,Chesa Boudin critic to replace him as San Francisco DA,20220707T233000Z,greenwichtime.com,English,United States,True,unclassified
https://www.newstimes.com/news/article/Chesa-Boudin-critic-to-replace-him-as-San-17291178.php,Chesa Boudin critic to replace him as San Francisco DA,20220708T003000Z,newstimes.com,English,United States,True,unclassified
https://www.nhregister.com/news/article/Chesa-Boudin-critic-to-replace-him-as-San-17291178.php,Chesa Boudin critic to replace him as San Francisco DA,20220707T233000Z,nhregister.com,English,United States,True,unclassified
https://www.whec.com/national/chesa-boudin-critic-to-replace-him-as-san-francisco-da/6520887/?cat=10036,Chesa Boudin critic to replace him as San Francisco DA,20220708T033000Z,whec.com,English,United States,True,unclassified
https://www.law360.com/articles/1509649,Former Prosecutor To Replace Recalled SF District Attorney,20220708T043000Z,law360.com,English,United States,True,unclassified
https://www.thehour.com/news/article/Chesa-Boudin-critic-to-replace-him-as-San-17291178.php,Chesa Boudin critic to replace him as San Francisco DA,20220707T234500Z,thehour.com,English,United States,True,unclassified
https://www.foxnews.com/us/san-francisco-mayor-names-replacement-ousted-progressive-da-chesa-boudin,San Francisco mayor names replacement for ousted progressive DA Chesa Boudin,20220707T231500Z,foxnews.com,English,United States,True,national
https://www.winchesterstar.com/associated_press/washington/chesa-boudin-critic-to-replace-him-as-san-francisco-da/article_9eaf6dec-9ee2-55c1-9955-e75c96a4cfb7.html,Chesa Boudin critic to replace him as San Francisco DA,20220708T031500Z,winchesterstar.com,English,United States,True,unclassified
https://www.foxnews.com/media/caitlyn-jenner-dont-believe-california-politicians-until-results,Caitlyn Jenner : I dont believe California politicians until I see results,20220711T231500Z,foxnews.com,English,United States,False,national
https://www.sfgate.com/politics/article/Inside-first-meeting-with-Brooke-Jenkins-as-SF-DA-17293728.php,Inside  horrible  first meeting held by new SF DA Jenkins,20220709T031500Z,sfgate.com,English,United States,False,local
https://sfist.com/2022/07/07/reports-breed-will-name-face-of-the-recall-ads-brooke-jenkins-as-boudins-replacement-as-da/,"Breed to Name Brooke Jenkins , Face of the Recall Ads , as Boudin Replacement In DA Office",20220708T001500Z,sfist.com,English,United States,True,local
https://www.foxnews.com/us/los-angeles-da-george-gascon-recall-effort-organizers-submitted-more-names-needed,Los Angeles DA George Gascon recall effort : Organizers say they submitted thousands more names than needed,20220706T231500Z,foxnews.com,English,United States,True,national
https://www.sfchronicle.com/sf/article/S-F-s-new-district-attorney-says-residents-17291670.php,Brooke Jenkins says SF residents  do not feel safe . What will she do about it ? ,20220708T064500Z,sfchronicle.com,English,United States,False,local
https://www.ktvu.com/news/brooke-jenkins-named-san-franciscos-new-district-attorney,Brooke Jenkins named San Francisco new district attorney,20220708T011500Z,ktvu.com,English,United States,False,local
https://www.bizpacreview.com/2022/07/11/us-olympic-silver-medalist-attacked-by-pipe-wielding-homeless-man-in-la-1260317/,US Olympic silver medalist attacked by pipe - wielding homeless man in LA,20220711T143000Z,bizpacreview.com,English,United States,False,unclassified
https://www.myjournalcourier.com/news/article/Chesa-Boudin-critic-to-replace-him-as-San-17291178.php,Chesa Boudin critic to replace him as San Francisco DA,20220708T013000Z,myjournalcourier.com,English,United States,True,unclassified
https://www.theridgefieldpress.com/news/article/Chesa-Boudin-critic-to-replace-him-as-San-17291178.php,Chesa Boudin critic to replace him as San Francisco DA,20220708T014500Z,theridgefieldpress.com,English,United States,True,unclassified
https://www.registercitizen.com/news/article/Chesa-Boudin-critic-to-replace-him-as-San-17291178.php,Chesa Boudin critic to replace him as San Francisco DA,20220708T014500Z,registercitizen.com,English,United States,True,unclassified
https://www.sheltonherald.com/news/article/Chesa-Boudin-critic-to-replace-him-as-San-17291178.php,Chesa Boudin critic to replace him as San Francisco DA,20220708T020000Z,sheltonherald.com,English,United States,True,unclassified
https://www.middletownpress.com/news/article/Chesa-Boudin-critic-to-replace-him-as-San-17291178.php,Chesa Boudin critic to replace him as San Francisco DA,20220708T021500Z,middletownpress.com,English,United States,True,unclassified
https://www.dailysignal.com/2022/07/09/biden-pops-champagne-corks-over-jobs-report-while-forgetting-to-mention-1-fact/,Biden Pops Celebrates Jobs Report While Forgetting to Mention 1 Fact,20220710T010000Z,dailysignal.com,English,United States,False,unclassified
https://www.ktvu.com/news/brooke-jenkins-sworn-in-as-san-franciscos-new-district-attorney,Brooke Jenkins sworn in as San Francisco new district attorney,20220709T004500Z,ktvu.com,English,United States,False,local
https://dailycaller.com/2022/07/08/opinion-white-house-pops-champagne-corks-over-jobs-report-while-forgetting-to-mention-one-fact-sheffield/,SHEFFIELD : Biden Pops Champagne Corks Over Jobs Report While Forgetting To Mention One Fact,20220708T204500Z,dailycaller.com,English,United States,False,national
https://www.breitbart.com:443/politics/2022/07/06/photos-recall-george-gascon-hands-in-26-more-signatures-than-required/,Photos :  Recall George Gascón  Hands in 26 % More Signatures than Required,20220707T040000Z,breitbart.com,English,United States,True,national
https://www.breitbart.com/politics/2022/07/06/photos-recall-george-gascon-hands-in-26-more-signatures-than-required/,Photos :  Recall George Gascón  Hands in 26 % More Signatures than Required,20220707T031500Z,breitbart.com,English,United States,True,national
https://www.caledonianrecord.com/news/national/chesa-boudin-critic-to-replace-him-as-san-francisco-da/article_1dbe1500-955b-5003-9c8a-a0508e14b109.html,Chesa Boudin critic to replace him as San Francisco DA,20220707T233000Z,caledonianrecord.com,English,United States,True,unclassified
https://www.mymotherlode.com/news/state/2666367/chesa-boudin-critic-to-replace-him-as-san-francisco-da.html,Chesa Boudin critic to replace him as San Francisco DA,20220707T234500Z,mymotherlode.com,English,United States,True,unclassified
https://www.sfexaminer.com/news/brooke-jenkins-appointment-as-san-francisco-da-sets-up-an-epic-referendum-on-justice/article_8f067224-fe6e-11ec-a8d6-8f49281cd58c.html,Brooke Jenkin appointment as San Francisco DA sets up an epic referendum on justice,20220708T171500Z,sfexaminer.com,English,United States,False,local
https://www.ourmidland.com/news/article/Chesa-Boudin-critic-to-replace-him-as-San-17291178.php,Chesa Boudin critic to replace him as San Francisco DA,20220707T231500Z,ourmidland.com,English,United States,True,unclassified
https://www.trumbulltimes.com/news/article/Chesa-Boudin-critic-to-replace-him-as-San-17291178.php,Chesa Boudin critic to replace him as San Francisco DA,20220707T234500Z,trumbulltimes.com,English,United States,True,unclassified
https://www.ncadvertiser.com/news/article/Chesa-Boudin-critic-to-replace-him-as-San-17291178.php,Chesa Boudin critic to replace him as San Francisco DA,20220708T004500Z,ncadvertiser.com,English,United States,True,unclassified
https://www.sfexaminer.com/news/can-brooke-jenkins-balance-accountability-and-reform/article_33e71b42-fef9-11ec-8c0d-7fd2ea6f6a8d.html,Can Brooke Jenkins balance  accountability and reform ? | News,20220708T221500Z,sfexaminer.com,English,United States,False,local
https://www.mykxlg.com/news/national/chesa-boudin-critic-to-replace-him-as-san-francisco-da/article_7e8d8f97-b430-584a-bcc4-d54a20c88b1b.html,Chesa Boudin critic to replace him as San Francisco DA,20220708T230000Z,mykxlg.com,English,United States,True,unclassified
https://www.breitbart.com:443/politics/2022/07/09/exclusive-abe-hamadeh-republican-attorneys-general-must-go-on-offense-against-soros-funded-das/,Hamadeh : GOP AGs Must  Go on Offense  Against Soros - Funded DAs,20220710T011500Z,breitbart.com,English,United States,False,national
https://www.breitbart.com/politics/2022/07/09/exclusive-abe-hamadeh-republican-attorneys-general-must-go-on-offense-against-soros-funded-das/,Hamadeh : GOP AGs Must  Go on Offense  Against Soros - Funded DAs,20220710T011500Z,breitbart.com,English,United States,False,national
https://www.latimes.com/california/story/2022-07-06/george-gascon-recall-campaign-submits-signatures-whats-next,George Gascón recall effort submits signatures . What next ? ,20220706T234500Z,latimes.com,English,United States,True,national
https://www.breitbart.com/politics/2022/07/06/recall-george-gascon-to-hand-in-signatures-more-than-required/,  Recall George Gascón  to Hand in Signatures ; More than Required,20220706T210000Z,breitbart.com,English,United States,True,national
https://www.foxnews.com/opinion/crime-summer-go-together-one-thing-do-now,Crime and summer dont have to go together . Here one thing we can do now,20220705T073000Z,foxnews.com,English,United States,False,national
https://redstate.com/bobhoge/2022/07/10/its-official-recall-george-gascon-effort-collects-more-than-715k-signatures-enough-to-put-it-on-nov-ballot-n592532,"It Official : Recall George Gascon Effort Collects More Than 715K Signatures , Enough to Put It on Nov . Ballot",20220711T033000Z,redstate.com,English,United States,True,unclassified
https://www.foxnews.com/us/george-gascon-recall-effort-united-los-angeles-residents-fearing-crime-surge-prosecutor-says,"George Gascon recall effort united Los Angeles residents fearing crime surge , prosecutor says",20220707T203000Z,foxnews.com,English,United States,True,national
https://laist.com/news/politics/campaign-to-recall-la-da-george-gascon-says-its-filing-more-than-700k-signatures,Campaign To Recall LA DA George Gascón Says It Filing More Than 700K Signatures,20220707T030000Z,laist.com,English,United States,True,unclassified
https://www.dailysignal.com/2022/07/08/how-pro-abortion-district-attorneys-aim-to-derail-pro-life-laws/,How Pro - Abortion District Attorneys Aim to Derail Pro - Life Laws,20220708T073000Z,dailysignal.com,English,United States,False,unclassified
https://www.advocate.com/books/2022/7/29/angela-davis-abolition-capitalism-politics-coming-out,"Angela Davis on Abolition , Capitalism , and the Politics of Coming Out",20220705T163000Z,advocate.com,English,United States,False,unclassified
https://www.courthousenews.com/la-da-george-gascon-opponents-say-they-have-717000-signatures-to-recall-him/,"LA DA George Gascón opponents say they have 717 , 000 signatures to recall him",20220707T010000Z,courthousenews.com,English,United States,True,unclassified
https://www.sfexaminer.com/news/housing-the-issue-roiling-san-franciscos-sunset-district/article_3c1bd46a-f3f5-11ec-9b03-fff825a383e3.html,Housing : the issue roiling San Francisco Sunset District,20220706T233000Z,sfexaminer.com,English,United States,False,local
https://www.politico.com/newsletters/california-playbook/2022/07/07/go-time-for-gascon-foes-00044407,Go time for Gascón foes,20220707T140000Z,politico.com,English,United States,False,national
https://www.latimes.com/california/story/2022-07-10/california-proposition-63-mental-health-money,How a California mental health funding plan fell apart,20220710T123000Z,latimes.com,English,United States,False,national
https://www.washingtonexaminer.com/politics/the-political-gluttony-of-the-leisure-class,The political gluttony of the leisure class,20220708T100000Z,washingtonexaminer.com,English,United States,False,unclassified
https://www.aei.org/op-eds/the-political-gluttony-of-the-leisure-class/,The Political Gluttony of the Leisure Class | American Enterprise Institute,20220708T141500Z,aei.org,English,United States,False,unclassified
https://sfist.com/2022/07/08/new-sf-district-attorney-brooke-jenkins-says-shell-get-tougher-on-repeat-offenders-but-still-be-progressive/,"New SF District Attorney Brooke Jenkins Says Shell Get Tougher on Repeat Offenders , But Still Be Progressive",20220708T193000Z,sfist.com,English,United States,False,local
http://www.ebar.com/story.php?ch=News&sc=Latest%20News&id=317115,Breed appoints recall proponent Brooke Jenkins as SF DA :: Bay Area Reporter,20220708T024500Z,ebar.com,English,United States,True,unclassified
https://www.ebar.com/story.php?ch=News&sc=Latest%20News&id=317115,Breed appoints recall proponent Brooke Jenkins as SF DA :: Bay Area Reporter,20220708T031500Z,ebar.com,English,United States,True,unclassified
https://www.shorenewsnetwork.com/2022/07/08/sheffield-biden-pops-champagne-corks-over-jobs-report-while-forgetting-to-mention-one-fact/,SHEFFIELD : Biden Pops Champagne Corks Over Jobs Report While Forgetting To Mention One Fact,20220709T004500Z,shorenewsnetwork.com,English,United States,False,unclassified
https://beyondchron.org/da-brooke-jenkins-offers-hope-to-the-tenderloin/,DA Brooke Jenkins Offers Hope to the Tenderloin,20220711T163000Z,beyondchron.org,English,United States,False,unclassified
https://www.wtva.com/news/national/chesa-boudin-critic-to-replace-him-as-san-francisco-da/article_0c329f93-2c64-57dd-83ea-606da5a74937.html,Chesa Boudin critic to replace him as San Francisco DA,20220708T011500Z,wtva.com,English,United States,True,unclassified
https://www.hometownstations.com/news/national/chesa-boudin-critic-to-replace-him-as-san-francisco-da/article_f414cd27-4bf5-5aa8-af99-77d15b631269.html,Chesa Boudin critic to replace him as San Francisco DA,20220708T020000Z,hometownstations.com,English,United States,True,unclassified
https://www.timesdaily.com/news/nation/chesa-boudin-critic-to-replace-him-as-san-francisco-da/article_e3283b83-5356-50f5-a80f-d00d5f5693d0.html,Chesa Boudin critic to replace him as San Francisco DA,20220707T234500Z,timesdaily.com,English,United States,True,unclassified
https://www.sfchronicle.com/sf/article/S-F-D-A-Brooke-Jenkins-has-picked-an-all-female-17307823.php,San Francisco DA Brooke Jenkins picks an all - female top staff,20220715T183000Z,sfchronicle.com,English,United States,False,local
https://freerepublic.com/focus/f-news/4078954/posts,New San Francisco District Attorney Brooke Jenkins blasts  disturbing  recording as office tensions boil over,20220716T224500Z,freerepublic.com,English,United States,False,national
https://www.theepochtimes.com/san-franciscos-new-da-goes-on-firing-spree-after-voters-recall-predecessor_4603627.html,San Francisco New DA Goes on Firing Spree After Voters Recall Predecessor,20220717T214500Z,theepochtimes.com,English,United States,True,unclassified
https://www.sfgate.com/politics/article/tensions-boiling-over-in-Brooke-Jenkins-office-17305653.php,Tensions boiling over in new SF DA Brooke Jenkin office,20220714T233000Z,sfgate.com,English,United States,False,local
https://hannity.com/media-room/new-sheriff-in-town-san-franciscos-new-da-puts-woke-staff-on-notice/,NEW SHERIFF IN TOWN : San Francisco New DA Puts Woke Staff on Notice,20220712T210000Z,hannity.com,English,United States,False,unclassified
https://www.politico.com/news/2022/07/15/george-gascon-deep-dive-00045603,LA wants to recall its most progressive prosecutor . Inside the DA hostile office . ,20220715T133000Z,politico.com,English,United States,True,national
https://www.city-journal.org:443/london-breeds-divided-loyalties,London Breed Divided Loyalties,20220713T184500Z,city-journal.org,English,United States,False,unclassified
https://www.theepochtimes.com/pennsylvania-lawmakers-form-committee-to-investigate-philadelphia-progressive-prosecutor_4599131.html,Pennsylvania Lawmakers Form Committee to Investigate Philadelphia Progressive Prosecutor,20220715T054500Z,theepochtimes.com,English,United States,False,unclassified
https://www.sfexaminer.com/news/jenkins-tours-tenderloin-outlines-approach-to-enforcement/article_4715252a-0218-11ed-8015-2b3eb2c263b9.html,"Jenkins tours Tenderloin , outlines approach to enforcement",20220713T013000Z,sfexaminer.com,English,United States,False,local
https://article.wn.com/view/2022/07/17/Upheaval_in_the_San_Francisco_DA_s_Office_After_Brooke_Jenki/,Upheaval in the San Francisco DA Office After Brooke Jenkins Appointment,20220718T000000Z,article.wn.com,English,United States,False,unclassified
http://www.msn.com/en-us/news/politics/la-wants-to-recall-its-most-progressive-prosecutor-inside-the-das-hostile-office/ar-AAZBEJr,LA wants to recall its most progressive prosecutor . Inside the DA hostile office . ,20220715T103000Z,msn.com,English,United States,True,unclassified
https://www.washingtonexaminer.com/news/crime/brooke-jenkins-boudin-staffers-fired-san-francisco-district-attorney,Chesa Boudin staffers fired by new San Francisco DA Brooke Jenkins after media leaks,20220717T060000Z,washingtonexaminer.com,English,United States,True,unclassified
https://www.liberationnews.org/left-unity-slate-wins-big-in-california-primary-elections/,Left Unity slate wins big in California primary elections,20220719T010000Z,liberationnews.org,English,United States,False,unclassified
http://www.msn.com/en-nz/news/crime/new-san-francisco-da-fires-staff-investigating-wrongful-convictions-and-police-misconduct/ar-AAZIgep,New San Francisco DA fires staff investigating wrongful convictions and police misconduct,20220718T191500Z,msn.com,English,United States,False,unclassified
https://www.ktvu.com/news/san-francisco-da-brooke-jenkins-cleans-house-hires-all-female-executive-team,"San Francisco DA Brooke Jenkins cleans house , hires all - female executive team",20220715T234500Z,ktvu.com,English,United States,False,local
https://www.northwestgeorgianews.com/tribune/regional/chesa-boudin-created-a-commission-to-investigate-wrongful-convictions-will-his-replacement-keep-it-going/article_ac0074fc-9d47-5936-a9ff-31f20ec45bd1.html,Chesa Boudin created a commission to investigate wrongful convictions . Will his replacement keep it going ? ,20220713T190000Z,northwestgeorgianews.com,English,United States,True,unclassified
https://www.washingtonexaminer.com/restoring-america/fairness-justice/gascon-recall-effort-takes-big-step-forward-in-los-angeles,Gascon recall effort takes big step forward in Los Angeles,20220713T191500Z,washingtonexaminer.com,English,United States,True,unclassified
https://hannity.com/media-room/cleaning-house-new-san-fran-da-fires-15-staffers-from-predecessor-chesa-boudins-office/,CLEANING HOUSE : New San Fran DA Fires 15 Staffers from Predecessor Chesa Boudin Office,20220718T153000Z,hannity.com,English,United States,True,unclassified
https://www.heritage.org/crime-and-justice/commentary/gascon-recall-effort-takes-big-step-forward-los-angeles,Gascon Recall Effort Takes Big Step Forward in Los Angeles,20220713T144500Z,heritage.org,English,United States,True,unclassified
https://www.dailysignal.com/2022/07/12/gascon-recall-effort-takes-big-step-forward-in-los-angeles/,Gascon Recall Effort Takes Big Step Forward in Los Angeles,20220712T183000Z,dailysignal.com,English,United States,True,unclassified
https://www.sfchronicle.com/opinion/editorials/article/brooke-jenkins-prosecuting-juveniles-17308330.php,Editorial : Should San Francisco D . A . Brooke Jenkins really start prosecuting juveniles as adults ? ,20220716T133000Z,sfchronicle.com,English,United States,False,local
https://www1.cbn.com/cbnnews/us/2022/july/unsafe-to-continue-starbucks-closing-16-stores-in-democrat-run-cities-over-safety-concerns,  Unsafe to Continue : Starbucks Closing 16 Stores in Democrat - run Cities Over Safety Concerns,20220714T220000Z,cbn.com,English,United States,False,unclassified
https://www.politico.com/newsletters/playbook/2022/07/15/manchin-delivers-crushing-blow-to-dem-agenda-00046036,POLITICO Playbook : Manchin delivers  crushing blow  to Dem agenda - POLITICO,20220715T121500Z,politico.com,English,United States,False,national
https://www.sfchronicle.com/bayarea/article/san-francisco-brooke-jenkins-17298428.php,"D . A . Brooke Jenkins to review drug cases , may reverse decisions made under Chesa Boudin",20220712T153000Z,sfchronicle.com,English,United States,True,local
https://www.sfexaminer.com/news/new-san-francisco-da-softens-tone-but-prepares-for-war-on-drugs/article_43fb76f0-02d6-11ed-abbb-c70bb72ae34e.html,"New San Francisco DA softens tone , but prepares for War on Drugs",20220713T204500Z,sfexaminer.com,English,United States,False,local
https://hotair.com/john-s-2/2022/07/13/new-sf-district-attorney-vows-to-shut-down-open-air-drug-markets-n482600,New SF District Attorney vows to shut down open air drug markets,20220713T233000Z,hotair.com,English,United States,False,unclassified
https://www.foxnews.com/us/new-san-francisco-da-cleans-house-chesa-boudins-ouster-fires-15-employees-announces-new-hires,New San Francisco DA cleans house after Chesa Boudin ouster ; fires 15 employees and announces new hires,20220717T191500Z,foxnews.com,English,United States,True,national
https://www.sfchronicle.com/sf/article/Tenderloin-drug-crackdown-Here-s-what-D-A-17300897.php,Tenderloin drug crackdown : Here what D . A . Brooke Jenkins plans to do,20220713T003000Z,sfchronicle.com,English,United States,False,local
https://www.ktvu.com/news/qa-newly-appointed-san-francisco-da-brooke-jenkins-outlines-goals-1st-week-on-job,Q & A : Newly appointed San Francisco DA Brooke Jenkins outlines goals 1st week on job,20220714T191500Z,ktvu.com,English,United States,False,local
https://www.bizpacreview.com/2022/07/17/new-san-fran-da-shows-she-means-business-fires-15-chesa-boudin-staffers-in-massive-housecleaning-1262469/,"New San Fran DA shows she means business , fires 15 Chesa Boudin staffers in massive housecleaning",20220717T121500Z,bizpacreview.com,English,United States,True,unclassified
https://redstate.com/levon/2022/07/17/new-san-francisco-da-brooke-jenkins-must-be-doing-something-right-as-the-far-left-is-in-shambles-n596588,"New San Francisco DA Brooke Jenkins Must Be Doing Something Right , as the Far - Left Is in Shambles",20220717T190000Z,redstate.com,English,United States,False,unclassified
https://www.sfchronicle.com/sf/article/chesa-boudin-innocence-commission-17301094.php,Will Brooke Jenkins keep Chesa Boudin Innocence Commission ? ,20220713T144500Z,sfchronicle.com,English,United States,True,local
https://www.economist.com/briefing/2022/07/14/democrats-in-america-are-realising-they-must-moderate-or-die,Democrats in America are realising they must moderate or die,20220714T104500Z,economist.com,English,United States,False,unclassified
https://www.foxla.com/news/the-issue-is-exclusive-with-gov-newsom-in-his-trip-to-washington,The Issue Is : Gov . Gavin Newsom goes to Washington,20220716T180000Z,foxla.com,English,United States,False,unclassified
https://www.foxnews.com/us/la-county-da-gascon-announces-charges-known-felon-attacking-olympian-kim-glass,LA County DA Gascón announces charges against known felon accused of attacking Olympian Kim Glass,20220713T014500Z,foxnews.com,English,United States,False,national
https://www.sfchronicle.com/politics/joegarofoli/article/The-2024-shadow-campaign-heats-up-Gov-French-17308744.php,The 2024 shadow campaign heats up : Gov . French Laundry vs . Gov . Deathsantis,20220717T130000Z,sfchronicle.com,English,United States,False,local
https://www.politico.com/newsletters/california-playbook/2022/07/18/newsoms-d-c-tryout-00046296,Newsom D . C . tryout - POLITICO,20220718T143000Z,politico.com,English,United States,False,national
https://freerepublic.com/tag/*/index?more=4078984,Latest Articles,20220717T033000Z,freerepublic.com,English,United States,False,national
https://freerepublic.com/tag/*/index?more=4078989,Latest Articles,20220717T044500Z,freerepublic.com,English,United States,False,national
https://freerepublic.com/tag/*/index?more=4078999,Latest Articles,20220717T061500Z,freerepublic.com,English,United States,False,national
https://redstate.com/levon/2022/07/12/fearing-recall-george-gascon-charges-known-felon-for-brutally-attacking-olympian-kim-glass-n593864,"Fearing Recall , George Gascon Charges Known Felon for Brutally Attacking Olympian Kim Glass",20220713T040000Z,redstate.com,English,United States,True,unclassified
https://www.foxnews.com/us/san-franciscos-new-da-kicks-off-tenure-major-plan-crack-down-crime,San Francisco new DA kicks off tenure with major plan to crack down on crime,20220713T183000Z,foxnews.com,English,United States,False,national
https://www.sfchronicle.com/sf/article/Brooke-Jenkins-calls-herself-a-progressive-17308681.php,Brooke Jenkins calls herself a progressive prosecutor . Should we believe her ? ,20220717T130000Z,sfchronicle.com,English,United States,False,local
https://freerepublic.com/tag/*/index?more=4078961,Latest Articles,20220717T010000Z,freerepublic.com,English,United States,False,national
https://freerepublic.com/tag/*/index?more=4078975,Latest Articles,20220717T023000Z,freerepublic.com,English,United States,False,national
https://www.msn.com/en-us/news/politics/the-trailer-inside-the-unusual-primaries-where-republicans-who-voted-to-impeach-trump-might-survive/ar-AAZvxnB,The Trailer : Inside the unusual primaries where Republicans who voted to impeach Trump might survive,20220712T234500Z,msn.com,English,United States,False,unclassified
https://www.washingtonpost.com/politics/2022/07/12/trailer-inside-unusual-primaries-where-republicans-who-voted-impeach-trump-might-survive/,The Trailer : Inside the unusual primaries where Republicans who voted to impeach Trump might survive,20220712T233000Z,washingtonpost.com,English,United States,False,national
https://www.politico.com/newsletters/massachusetts-playbook/2022/07/18/now-playing-the-boston-mayors-race-sequel-00046293,Now playing : The Boston mayor race sequel,20220718T114500Z,politico.com,English,United States,False,national
http://www.ebar.com/story.php?ch=news&sc=latest_news&id=317115,Breed appoints recall proponent Brooke Jenkins as SF DA :: Bay Area Reporter,20220712T204500Z,ebar.com,English,United States,True,unclassified
https://beyondchron.org/san-francisco-early-election-forecast/,San Francisco Early Election Forecast,20220718T174500Z,beyondchron.org,English,United States,False,unclassified
https://48hills.org/2022/07/fall-ballot-measures-will-test-the-mayor-and-her-allies/,Fall ballot measures will test the mayor and her allies,20220715T004500Z,48hills.org,English,United States,False,unclassified
https://www.ebar.com/story.php?ch=News&sc=Latest%20News&id=317345,New SF DA fires LGBTQ prosecutor :: Bay Area Reporter,20220715T211500Z,ebar.com,English,United States,False,unclassified
http://www.ebar.com/story.php?ch=News&sc=Latest%20News&id=317345,New SF DA fires LGBTQ prosecutor :: Bay Area Reporter,20220716T013000Z,ebar.com,English,United States,False,unclassified
https://www.coloradopolitics.com/opinion/sloan-the-harsh-reality-of-criminal-justice-reform/article_83c850ac-031f-11ed-abfb-bf222a01f7df.html,SLOAN | The harsh reality of  criminal - justice reform  ,20220714T080000Z,coloradopolitics.com,English,United States,False,unclassified
https://www.washingtonexaminer.com/restoring-america/fairness-justice/soros-backed-district-attorneys-face-growing-backlash-as-crime-spikes,Soros - backed district attorneys face growing backlash as crime spikes,20220724T140000Z,washingtonexaminer.com,English,United States,False,unclassified
https://gazette.com/news/us-world/soros-backed-district-attorneys-face-growing-backlash-as-crime-spikes/article_fed0744f-00c6-5683-bce7-9a9721bbb824.html,Soros - backed district attorneys face growing backlash as crime spikes,20220724T120000Z,gazette.com,English,United States,False,unclassified
https://www.sfchronicle.com/opinion/openforum/article/Brooke-Jenkins-just-fired-me-and-14-others-I-17315725.php,Brooke Jenkins just fired me and 14 others . I have no idea how the D . A . office will run without us,20220720T004500Z,sfchronicle.com,English,United States,False,local
https://www.liberationnews.org/left-unity-slate-wins-big-in-california-primary-elections-2/,"Hundreds of thousands vote for Left Unity , socialist candidates in California primary elections – Liberation News",20220725T051500Z,liberationnews.org,English,United States,False,unclassified
https://www.nytimes.com/2022/07/22/nyregion/ny-prosecutors-misconduct.html,Court Win Bolsters Push to Highlight Prosecutor Misconduct,20220722T104500Z,nytimes.com,English,United States,False,national
https://www.sfchronicle.com/sf/article/S-F-D-A-Jenkins-to-dismiss-drug-paraphernalia-17315920.php,"S . F . D . A . Jenkins to dismiss drug paraphernalia cases , saying they shouldnt have been filed",20220720T004500Z,sfchronicle.com,English,United States,False,local
https://www.foxnews.com/politics/san-francisco-undergoing-earthquake-criminal-justice-system-under-new-da,"San Francisco criminal justice system rocked by  earthquake  under new DA , activist says",20220721T213000Z,foxnews.com,English,United States,False,national
https://www.city-journal.org:443/new-district-attorney-brooke-jenkins-a-hopeful-sign-for-san-francisco,New DA a Hopeful Sign for San Francisco,20220722T011500Z,city-journal.org,English,United States,False,unclassified
https://www.msn.com/en-us/news/politics/bay-area-billionaires-toss-bags-of-cash-at-2-republicans-you-ve-barely-heard-of/ar-AAZXyKL,Bay Area billionaires toss bags of cash at 2 Republicans youve barely heard of,20220725T191500Z,msn.com,English,United States,False,unclassified
https://www.sfgate.com/local/article/bay-area-billionaire-donations-17323003.php,Bay Area billionaires embrace 2 little - known conservatives,20220725T193000Z,sfgate.com,English,United States,False,local
https://www.abajournal.com/web/article/progressive-prosecutor-pushback,Progressive prosecutors are encountering pushback,20220722T000000Z,abajournal.com,English,United States,False,unclassified
https://www.msn.com/en-us/news/crime/new-sf-da-recuses-herself-from-case-of-mayor-breed-s-brother/ar-AAZMZWF,New SF DA recuses herself from case of Mayor Breed brother,20220720T181500Z,msn.com,English,United States,False,unclassified
https://townhall.com/tipsheet/mattvespa/2022/07/19/new-san-francisco-da-purges-chesa-boudins-underlings-n2610470,Newly - Appointed San Francisco DA Wastes No Time Axing Woke Staffers,20220719T231500Z,townhall.com,English,United States,False,unclassified
https://redstate.com/levon/2022/07/22/new-san-francisco-district-attorney-is-creating-a-criminal-justice-system-earthquake-n599860,New San Francisco District Attorney Is Creating a Criminal Justice System  Earthquake  ,20220722T210000Z,redstate.com,English,United States,False,unclassified
https://www.sfchronicle.com/opinion/letterstotheeditor/article/Letters-S-F-s-20-000-trash-can-won-t-make-17318495.php,"Letters : S . F . $20 , 000 trash can wont make streets cleaner unless people stop a bad habit",20220721T123000Z,sfchronicle.com,English,United States,False,local
https://redstate.com/bobhoge/2022/07/19/woke-ny-da-bragg-finally-drops-murder-charges-against-bodega-worker-who-defended-himself-n597788,Woke NY DA Bragg Finally Drops Murder Charges Against Bodega Worker Who Defended Himself,20220719T194500Z,redstate.com,English,United States,False,unclassified
https://www.politico.com/news/2022/07/20/london-breed-san-francisco-00046633,London Breed is riding the anti - progressive wave . Is San Francisco any better for it ? ,20220720T120000Z,politico.com,English,United States,False,national
https://www.courthousenews.com/san-francisco-attorneys-blast-criminal-justice-disaster-under-new-da/,San Francisco attorneys blast criminal justice  disaster  under new DA,20220721T011500Z,courthousenews.com,English,United States,False,unclassified
https://www.sfchronicle.com/sf/article/Is-S-F-law-enforcement-cracking-down-on-drug-17323749.php,Is S . F . law enforcement cracking down on drug users ? Top officials are sending mixed messages,20220723T013000Z,sfchronicle.com,English,United States,False,local
https://www.sfchronicle.com/sf/article/In-S-F-s-Chinatown-D-A-Jenkins-talks-safety-17324988.php,"In S . F . Chinatown , D . A . Jenkins talks safety and Mayor Breed addresses Hsu controversy",20220724T021500Z,sfchronicle.com,English,United States,False,local
https://hotair.com/jazz-shaw/2022/07/24/sf-chronicle-tries-to-blame-walgreens-for-chesa-boudins-failures-n484790,SF Chronicle tries to blame Walgreens for Chesa Boudin failures,20220724T214500Z,hotair.com,English,United States,True,unclassified
https://www.sfchronicle.com/sf/article/S-F-D-A-Jenkins-makes-more-appointments-to-17320854.php,"S . F . D . A . Jenkins makes more appointments to leadership team , including the person in charge of investigating police misconduct",20220721T221500Z,sfchronicle.com,English,United States,False,local
https://www.sfchronicle.com/opinion/article/sf-drug-crisis-walgreens-17323005.php,Why is S . F . drug crisis so out of control ? Stop blaming Chesa and look at Walgreens,20220723T104500Z,sfchronicle.com,English,United States,False,local
https://www.msn.com/en-us/news/us/crime-obsessed-san-francisco-flirts-with-police-state-crackdown/ar-AAZOgQp,Crime - Obsessed San Francisco Flirts With  Police State  Crackdown,20220721T201500Z,msn.com,English,United States,False,unclassified
https://www.foxnews.com/opinion/dorn-murder-conviction-signals-citizens-fed-up-crime,Dorn murder conviction signals citizens fed up with crime,20220725T064500Z,foxnews.com,English,United States,False,national
https://www.politico.com/newsletters/california-playbook/2022/07/20/london-breeds-moment-00046825,London Breed moment - POLITICO,20220720T154500Z,politico.com,English,United States,False,national
https://www.sfexaminer.com/news/drug-paraphernalia-charges-to-be-withdrawn-da-jenkins-says/article_45d76e52-0781-11ed-8abc-2ffd66f7513b.html,"Drug paraphernalia charges to be withdrawn , DA Jenkins says",20220720T023000Z,sfexaminer.com,English,United States,False,local
https://www.sfexaminer.com/news/jenkins-replaces-head-of-investigations-into-police-shootings-violence/article_fd633660-091a-11ed-be4e-f7921713a74e.html,"Jenkins replaces head of investigations into police shootings , violence",20220722T010000Z,sfexaminer.com,English,United States,False,local
https://neonnettle.com/news/19649-george-soros-pumps-1-million-into-beto-o-rourke-s-texas-governor-campaign,George Soros Pumps $1 Million into Beto ORourke Texas Governor Campaign,20220720T184500Z,neonnettle.com,English,United States,False,unclassified
https://www.washingtonpost.com/opinions/2022/07/21/progressive-democrats-losing-ground-biden-centrists/,Opinion | Why progressive Democrats are losing ground,20220721T144500Z,washingtonpost.com,English,United States,False,national
https://www.sfchronicle.com/sf/article/S-F-D-A-Jenkins-asks-state-AG-to-take-over-17315428.php,Brooke Jenkins asks state AG to take case against Mayor Breed brother,20220719T220000Z,sfchronicle.com,English,United States,False,local
https://www.americanthinker.com/blog/2022/07/is_the_red_wave_starting.html,Is the red wave starting ? ,20220720T090000Z,americanthinker.com,English,United States,False,unclassified
https://townhall.com/columnists/spencerbrown/2022/07/21/democrats-backwards-priorities-will-be-their-demise-n2610579,"Unions Over Students , Wokeness Over Law & Order : Democrat Priorities Will Be Their Ruin",20220721T073000Z,townhall.com,English,United States,False,unclassified
https://www.newsweek.com/how-did-democrats-become-so-out-touch-american-people-opinion-1726984,How Did Democrats Become So Out of Touch With the American People ? ,20220722T110000Z,newsweek.com,English,United States,False,national
https://townhall.com/columnists/joshhammer/2022/07/22/how-did-democrats-become-so-out-of-touch-with-the-american-people-n2610647,How Did Democrats Become So Out of Touch With the American People ? ,20220722T050000Z,townhall.com,English,United States,False,unclassified
https://www.dailysignal.com/2022/07/23/how-did-democrats-become-so-out-of-touch-with-the-american-people/,How Did Democrats Become So Out of Touch With the American People ? ,20220723T193000Z,dailysignal.com,English,United States,False,unclassified
https://www.pressdemocrat.com/article/opinion/tuesdays-letters-to-the-editor-510/,Tuesday Letters to the Editor,20220719T150000Z,pressdemocrat.com,English,United States,False,unclassified
https://www.lamag.com/citythinkblog/faisal-gill-and-the-terrible-horrible-no-good-very-bad-day/,"Faisal Gill and the Terrible , Horrible , No Good , Very Bad Day",20220720T224500Z,lamag.com,English,United States,False,unclassified
https://www.liberationnews.org/san-fransiscos-new-da-sets-stage-for-police-expansion/,San Fransisco new DA sets stage for police expansion – Liberation News,20220722T054500Z,liberationnews.org,English,United States,False,unclassified
https://sfist.com/2022/07/22/pendulum-swings-and-national-press-decides-san-francisco-is-cool-again/,Pendulum Swings and National Press Decides San Francisco Is Cool Again,20220722T211500Z,sfist.com,English,United States,False,local
http://www.ebar.com/story.php?ch=news&sc=latest_news&id=317345,New SF DA fires LGBTQ prosecutor :: Bay Area Reporter,20220719T183000Z,ebar.com,English,United States,False,unclassified
https://www.ebar.com/story.php?ch=news&sc=latest_news&id=317345,New SF DA fires LGBTQ prosecutor :: Bay Area Reporter,20220719T160000Z,ebar.com,English,United States,False,unclassified
http://www.ebar.com/story.php?ch=news&sc=news&id=317449,"SF DA Jenkins hires out staff , tours Castro neighborhood :: Bay Area Reporter",20220720T221500Z,ebar.com,English,United States,False,unclassified
https://www.ebar.com/story.php?ch=News&sc=News&id=317449,"SF DA Jenkins hires out staff , tours Castro neighborhood :: Bay Area Reporter",20220721T004500Z,ebar.com,English,United States,False,unclassified
https://patriotpost.us/opinion/90007-how-did-democrats-become-so-out-of-touch-with-the-american-people-2022-07-22,Josh Hammer : How Did Democrats Become So Out of Touch With the American People ? ,20220722T143000Z,patriotpost.us,English,United States,False,unclassified
https://www.sfchronicle.com/opinion/letterstotheeditor/article/Letters-I-didn-t-support-the-Chesa-Boudin-17339785.php,Letters : I didnt support the Chesa Boudin recall but Im rooting for Brooke Jenkins,20220801T134500Z,sfchronicle.com,English,United States,True,local
https://www.sfchronicle.com/sf/article/SF-Sunset-District-supervisor-17339384.php,The race for S . F . Sunset District supervisor is heating up . Can moderate challengers oust Gordon Mar ? ,20220730T141500Z,sfchronicle.com,English,United States,False,local
https://truthout.org/articles/gop-introduces-bill-that-makes-it-easier-to-fire-workers-at-federal-agencies/,GOP Introduces Bill That Makes It Easier to Fire Workers at Federal Agencies,20220730T173000Z,truthout.org,English,United States,False,unclassified
https://www.sfchronicle.com/bayarea/justinphillips/article/S-F-has-unprecedented-Black-leadership-What-17332599.php,What Breed and Jenkin leadership means for Black SF residents,20220727T194500Z,sfchronicle.com,English,United States,False,local
https://www.sfchronicle.com/sf/article/S-F-has-unprecedented-Black-leadership-What-17332599.php,What Breed and Jenkin leadership means for Black SF residents,20220727T184500Z,sfchronicle.com,English,United States,False,local
http://www.msn.com/en-us/news/politics/gop-bill-would-strip-federal-workers-of-job-protections-amid-trump-plot-to-purge-career-officials/ar-AA10bMRB,GOP bill would strip federal workers of job protections amid Trump plot to  purge  career officials,20220801T163000Z,msn.com,English,United States,False,unclassified
https://eurweb.com/2022/07/26/san-franciscos-new-black-da-promises-smarter-crime-fight-after-fed-up-californians-reject-liberal-das/,San Francisco New Black DA Promises Smarter Crime Fight After Fed Up Californians Reject Liberal DAs,20220726T094500Z,eurweb.com,English,United States,False,unclassified
https://www.sfchronicle.com/sf/article/S-F-D-A-Jenkins-asked-prosecutors-in-other-17336745.php,S . F . D . A . Jenkins asked prosecutors in other counties to take over London Breed brother case,20220728T233000Z,sfchronicle.com,English,United States,False,local
https://www.sfgate.com/politics/article/california-billionaires-political-donations-list-17334124.php,"The Q2 political donations of Thiel , other rich Californians",20220729T114500Z,sfgate.com,English,United States,False,local
https://www.breitbart.com/politics/2022/08/01/george-soros-defends-radical-prosecutors-in-wsj-op-ed/,George Soros Defends Radical Prosecutors in WSJ Op - ed,20220801T181500Z,breitbart.com,English,United States,False,national
https://www.breitbart.com/crime/2022/08/01/george-soros-defends-radical-prosecutors-in-wsj-op-ed/,George Soros Defends Radical Prosecutors in WSJ Op - ed,20220801T153000Z,breitbart.com,English,United States,False,national
https://dailycaller.com/2022/08/01/george-soros-wsj-prosecutors/,Soros Defends His Left - Wing Prosecutors In WSJ Op - Ed,20220801T183000Z,dailycaller.com,English,United States,False,national
https://www.sfchronicle.com/sf/article/S-F-D-A-Brooke-Jenkins-taps-longtime-17333382.php,San Francisco DA Brooke Jenkins names victim - services unit leader,20220727T233000Z,sfchronicle.com,English,United States,False,local
https://freebeacon.com/latest-news/filipinos-blast-comic-con-for-use-of-woke-term-filipinx/,Filipinos Blast Comic - Con for Use of Woke Term  Filipinx  - Washington Free Beacon,20220726T221500Z,freebeacon.com,English,United States,False,unclassified
https://www.sfchronicle.com/opinion/letterstotheeditor/article/Letters-Voters-demanded-change-Let-S-F-D-A-17333455.php,Letters : Voters demanded change . Let S . F . D . A . Brooke Jenkins do her job,20220728T091500Z,sfchronicle.com,English,United States,False,local
https://dailycaller.com/2022/08/01/murdock-soros-crime-fox-news/,  An Alternative Universe : Fox News Guest Rips Soros Op - Ed Backing Leftist DAs,20220801T221500Z,dailycaller.com,English,United States,False,national
https://www.msn.com/en-us/news/crime/george-soros-says-it-s-not-his-fault-violent-crime-is-on-the-rise/ar-AA10c8GX,George Soros says it not his fault violent crime is on the rise,20220802T010000Z,msn.com,English,United States,False,unclassified
https://www.washingtonexaminer.com/news/george-soros-liberal-cities-violent-crime,George Soros says it not his fault violent crime is on the rise,20220802T004500Z,washingtonexaminer.com,English,United States,False,unclassified
https://www.foxnews.com/media/jason-rantz-urges-media-speak-real-americans-stop-supporting-liberal-crime-laws-get-off-twitter,"Jason Rantz urges media to speak with real Americans , stop supporting liberal crime laws :  Get off Twitter  ",20220726T193000Z,foxnews.com,English,United States,False,national
https://www.nbcnews.com/news/crime-courts/los-angeles-da-seeks-lift-death-sentence-man-convicted-1994-killing-tw-rcna40108,Los Angeles DA seeks to lift death sentence for man convicted in 1994 killing of two Japanese students,20220727T003000Z,nbcnews.com,English,United States,False,national
https://www.sevendaysvt.com/vermont/will-public-safety-worries-end-progressive-prosecutor-sarah-georges-sweeping-reforms/Content?oid=36110678,Will Public Safety Worries End Progressive Prosecutor Sarah George Sweeping Reforms ? ,20220727T144500Z,sevendaysvt.com,English,United States,False,unclassified
https://townhall.com/tipsheet/mattvespa/2022/08/01/are-democrats-learning-that-their-lurch-to-lenin-doesnt-play-well-n2611054,Is the Left Losing Momentum ? ,20220801T220000Z,townhall.com,English,United States,False,unclassified
https://www.sfexaminer.com/news/d-a-jenkins-names-new-leader-of-victim-services-unit/article_5f24c8bc-0ddc-11ed-b786-5783c4fe4952.html,D . A . Jenkins names new leader of victim services unit,20220728T000000Z,sfexaminer.com,English,United States,False,local
https://www.politico.com/newsletters/california-playbook/2022/07/27/all-eyes-on-oc-00048109,All eyes on OC,20220727T204500Z,politico.com,English,United States,False,national
https://www.zerohedge.com/markets/top-real-estate-ceo-robbed-gunpoint-outside-mansion-san-francisco-neighborhood,"San Francisco Real Estate Magnate Robbed At Gunpoint , Fears City  On Path Of Decline We May Never Recover From  ",20220801T010000Z,zerohedge.com,English,United States,False,unclassified
https://www.infowars.com/posts/san-francisco-real-estate-magnate-robbed-at-gunpoint-fears-city-on-path-of-decline-we-may-never-recover-from/,"San Francisco Real Estate Magnate Robbed At Gunpoint , Fears City  On Path Of Decline We May Never Recover From  ",20220801T140000Z,infowars.com,English,United States,False,unclassified
https://www.independentsentinel.com/soros-is-justifying-his-incompetent-law-enforcers/,Soros Is Justifying His Incompetent Law Enforcers,20220802T010000Z,independentsentinel.com,English,United States,False,unclassified
https://www.washingtonpost.com/politics/2022/07/26/trailer-how-desantis-other-gop-candidates-are-ditching-legacy-media-friendly-outlets/,The Trailer : How DeSantis and other GOP candidates are ditching  legacy media  for friendly outlets,20220726T234500Z,washingtonpost.com,English,United States,False,national
https://www.msn.com/en-us/news/politics/the-trailer-how-desantis-and-other-gop-candidates-are-ditching-legacy-media-for-friendly-outlets/ar-AA1006BA,The Trailer : How DeSantis and other GOP candidates are ditching  legacy media  for friendly outlets,20220726T233000Z,msn.com,English,United States,False,unclassified
https://www.takimag.com/article/curse-of-the-ghetto-golems/,Curse of the Ghetto Golems - Taki Magazine,20220726T074500Z,takimag.com,English,United States,False,unclassified
https://www.chron.com/news/article/Ousted-prosecutor-Chesa-Boudin-won-t-run-for-his-17351843.php,Ousted prosecutor Chesa Boudin wont run for his old seat,20220804T203000Z,chron.com,English,United States,True,unclassified
https://www.sfgate.com/news/article/Ousted-prosecutor-Chesa-Boudin-won-t-run-for-his-17351843.php,Ousted prosecutor Chesa Boudin wont run for his old seat,20220804T200000Z,sfgate.com,English,United States,True,local
https://www.nhregister.com/news/article/Ousted-prosecutor-Chesa-Boudin-won-t-run-for-his-17351843.php,Ousted prosecutor Chesa Boudin wont run for his old seat,20220804T191500Z,nhregister.com,English,United States,True,unclassified
https://www.newsweek.com/ousted-san-francisco-da-chesa-boudin-says-he-wont-run-office-this-year-1731020,Ousted San Francisco DA Chesa Boudin Says He Wont Run for Office This Year,20220804T190000Z,newsweek.com,English,United States,True,national
https://www.kcra.com/article/ousted-prosecutor-chesa-boudin-wont-run-old-seat/40810408,Ousted prosecutor Chesa Boudin wont run for his old seat,20220804T201500Z,kcra.com,English,United States,True,unclassified
https://www.ktvu.com/news/brooke-jenkins-files-to-run-for-remainder-of-term-as-san-francisco-da,Brooke Jenkins files to run for remainder of term as San Francisco DA,20220808T231500Z,ktvu.com,English,United States,False,local
https://apnews.com/article/california-san-francisco-obituaries-government-and-politics-22c8fdd518b6cebddcabab725dd3fe4e,Ousted prosecutor Chesa Boudin wont run for his old seat,20220804T191500Z,apnews.com,English,United States,True,national
https://apnews.com/22c8fdd518b6cebddcabab725dd3fe4e,Ousted prosecutor Chesa Boudin wont run for his old seat,20220804T194500Z,apnews.com,English,United States,True,national
https://www.sandiegouniontribune.com/news/california/story/2022-08-04/ousted-prosecutor-chesa-boudin-wont-run-for-his-old-seat,Ousted prosecutor Chesa Boudin wont run for his old seat,20220804T191500Z,sandiegouniontribune.com,English,United States,True,unclassified
https://www.durangoherald.com/articles/ousted-prosecutor-chesa-boudin-wont-run-for-his-old-seat/,Ousted prosecutor Chesa Boudin wont run for his old seat,20220804T203000Z,durangoherald.com,English,United States,True,unclassified
https://www.wfmz.com/news/ousted-prosecutor-chesa-boudin-wont-run-for-his-old-seat/article_ae0e91fa-c4c1-5a9f-8685-bb3caf357c55.html,Ousted prosecutor Chesa Boudin wont run for his old seat,20220804T191500Z,wfmz.com,English,United States,True,unclassified
https://tucson.com/news/national/obituaries/ousted-prosecutor-chesa-boudin-wont-run-for-his-old-seat/article_b633adcd-b528-50d7-ac68-e6c2a729e2d0.html,Ousted prosecutor Chesa Boudin wont run for his old seat,20220804T201500Z,tucson.com,English,United States,True,unclassified
https://siouxcityjournal.com/news/national/obituaries/ousted-prosecutor-chesa-boudin-wont-run-for-his-old-seat/article_6385f206-0678-51c5-afb6-26e181ce66f9.html,Ousted prosecutor Chesa Boudin wont run for his old seat,20220805T001500Z,siouxcityjournal.com,English,United States,True,unclassified
https://www.smdailyjournal.com/news/bay_area/ousted-prosecutor-chesa-boudin-wont-run-for-his-old-seat/article_58d4a24a-1438-11ed-9afd-ffb6784d7c7a.html,Ousted prosecutor Chesa Boudin wont run for his old seat,20220804T224500Z,smdailyjournal.com,English,United States,True,local
https://mynorthwest.com/3585420/ousted-prosecutor-chesa-boudin-wont-run-for-his-old-seat/,Ousted prosecutor Chesa Boudin wont run for his old seat,20220804T204500Z,mynorthwest.com,English,United States,True,unclassified
https://www.wboc.com/news/national/ousted-prosecutor-chesa-boudin-wont-run-for-his-old-seat/article_540fef98-0482-5756-b9ab-587491ee2630.html,Ousted prosecutor Chesa Boudin wont run for his old seat,20220804T194500Z,wboc.com,English,United States,True,unclassified
https://ktar.com/story/5182509/ousted-prosecutor-chesa-boudin-wont-run-for-his-old-seat/,Ousted prosecutor Chesa Boudin wont run for his old seat,20220804T203000Z,ktar.com,English,United States,True,unclassified
https://www.gjsentinel.com/news/us/ousted-prosecutor-chesa-boudin-wont-run-for-his-old-seat/article_1f67896c-3fda-5650-86fb-2395f36550a0.html,Ousted prosecutor Chesa Boudin wont run for his old seat,20220804T210000Z,gjsentinel.com,English,United States,True,unclassified
https://isp.netscape.com/news/story/0001/20220804/22c8fdd518b6cebddcabab725dd3fe4e,Ousted prosecutor Chesa Boudin wont run for his old seat,20220804T193000Z,isp.netscape.com,English,United States,True,unclassified
https://www.abc10.com/article/news/politics/chesa-boudin-wont-run-old-seat/103-4947daa1-7c23-40c2-95d7-275193b9cc44,Chesa Boudin wont run for his old seat as DA,20220805T004500Z,abc10.com,English,United States,True,unclassified
http://www.msn.com/en-us/news/us/blm-activist-shaun-king-threatens-ny-post-reporters-on-instagram-i-know-where-you-live/ar-AA10k4ZF,BLM activist Shaun King threatens NY Post reporters on Instagram :  I know where you live  ,20220805T073000Z,msn.com,English,United States,False,unclassified
https://www.fox10phoenix.com/news/ousted-progressive-san-francisco-da-chesa-boudin-wont-run-again-in-fall-citing-family,"Ousted progressive San Francisco DA Chesa Boudin wont run again in fall , citing family",20220804T220000Z,fox10phoenix.com,English,United States,True,unclassified
https://www.fox29.com/news/ousted-progressive-san-francisco-da-chesa-boudin-wont-run-again-in-fall-citing-family,"Ousted progressive San Francisco DA Chesa Boudin wont run again in fall , citing family",20220804T233000Z,fox29.com,English,United States,True,unclassified
https://www.fox5ny.com/news/ousted-progressive-san-francisco-da-chesa-boudin-wont-run-again-in-fall-citing-family,"Ousted progressive San Francisco DA Chesa Boudin wont run again in fall , citing family",20220804T213000Z,fox5ny.com,English,United States,True,unclassified
https://freebeacon.com/democrats/as-crime-soars-democratic-voters-turn-on-left-wing-prosecutors/,"As Crime Soars , Democratic Voters Turn on Left - Wing Prosecutors",20220802T204500Z,freebeacon.com,English,United States,False,unclassified
https://www.foxla.com/news/ousted-progressive-san-francisco-da-chesa-boudin-wont-run-again-in-fall-citing-family,"Ousted progressive San Francisco DA Chesa Boudin wont run again in fall , citing family",20220804T173000Z,foxla.com,English,United States,True,unclassified
https://www.mymotherlode.com/news/state/2701352/ousted-prosecutor-chesa-boudin-wont-run-for-his-old-seat.html,Ousted prosecutor Chesa Boudin wont run for his old seat,20220804T203000Z,mymotherlode.com,English,United States,True,unclassified
https://www.chronicleonline.com/news/national/ousted-prosecutor-chesa-boudin-wont-run-for-his-old-seat/article_c1798ae8-f1f4-5fe6-9141-1540f738979e.html,Ousted prosecutor Chesa Boudin wont run for his old seat,20220804T193000Z,chronicleonline.com,English,United States,True,unclassified
https://www.caledonianrecord.com/news/national/ousted-prosecutor-chesa-boudin-wont-run-for-his-old-seat/article_d8e5b5e8-0580-51c7-8374-0a7a0f483e15.html,Ousted prosecutor Chesa Boudin wont run for his old seat,20220804T194500Z,caledonianrecord.com,English,United States,True,unclassified
https://accesswdun.com/article/2022/8/1122006,Ousted prosecutor Chesa Boudin wont run for his old se ... ,20220804T204500Z,accesswdun.com,English,United States,True,unclassified
https://www.ifiberone.com/south_sound/news/national_news/ousted-prosecutor-chesa-boudin-wont-run-for-his-old-seat/article_78219e34-5f59-5639-aae3-5cada35e7c8c.html,Ousted prosecutor Chesa Boudin wont run for his old seat,20220804T210000Z,ifiberone.com,English,United States,True,unclassified
https://www.valdostadailytimes.com/news/national_international/ousted-prosecutor-chesa-boudin-wont-run-for-his-old-seat/article_d9d61a80-4c98-5ce5-8ab4-d4956923a0a1.html,Ousted prosecutor Chesa Boudin wont run for his old seat,20220804T231500Z,valdostadailytimes.com,English,United States,True,unclassified
https://www.fox35orlando.com/news/ousted-progressive-san-francisco-da-chesa-boudin-wont-run-again-in-fall-citing-family,"Ousted progressive San Francisco DA Chesa Boudin wont run again in fall , citing family",20220805T021500Z,fox35orlando.com,English,United States,True,unclassified
https://www.politico.com/news/2022/08/04/san-franciscos-district-attorney-chesa-boudin-00049868,San Francisco ousted district attorney wont run again,20220804T193000Z,politico.com,English,United States,False,national
https://www.sfchronicle.com/sf/article/S-F-D-A-Brooke-Jenkins-is-officially-running-to-17359492.php,S . F . D . A . Brooke Jenkins is officially running to keep her job in November,20220808T190000Z,sfchronicle.com,English,United States,False,local
https://www.sfchronicle.com/bayarea/article/S-F-D-A-Brooke-Jenkins-to-revoke-over-30-plea-17348514.php,San Francisco DA Brooke Jenkins to revoke plea deals in drug cases,20220803T201500Z,sfchronicle.com,English,United States,False,local
https://dailycaller.com/2022/08/03/san-francisco-plea-offers-revoke-district-attorney-drugs/,San Francisco DA Revokes Plea Offers Made From Soros - Backed Predecessor,20220803T233000Z,dailycaller.com,English,United States,False,national
https://www.politico.com/news/magazine/2022/08/07/california-innocence-commission-joaquin-ciria-00037546,Even the District Attorney Believed Joaquin Ciria Was Innocent . Why Did It Take So Long to Set Him Free ? ,20220807T113000Z,politico.com,English,United States,False,national
http://www.msn.com/en-us/news/crime/new-san-francisco-da-revokes-30-drug-case-plea-deals-made-by-recalled-predecessor/ar-AA10gSRQ,New San Francisco DA revokes 30 drug case plea deals made by recalled predecessor,20220803T191500Z,msn.com,English,United States,True,unclassified
https://www.foxnews.com/us/george-soros-liberal-prosecutors-not-blame-crime-spike-vows-support,"George Soros says liberal prosecutors not to blame for crime spike , vows continued support",20220802T163000Z,foxnews.com,English,United States,False,national
https://www.politico.com/newsletters/california-playbook/2022/08/05/chesa-boudin-bows-out-00050029,Boudin bows out,20220805T134500Z,politico.com,English,United States,True,national
https://www.sfchronicle.com/bayarea/article/Chesa-Boudin-says-he-won-t-run-for-S-F-D-A-17351472.php,Chesa Boudin says he wont run for San Francisco DA this year,20220804T171500Z,sfchronicle.com,English,United States,True,local
https://www.washingtonexaminer.com/restoring-america/fairness-justice/desantis-suspension-prosecutor,Ron DeSantis suspends  Soros - funded  prosecutor for  ignoring the law  ,20220804T180000Z,washingtonexaminer.com,English,United States,False,unclassified
https://www.takimag.com/article/the-week-that-perished-202/,The Week That Perished - Taki Magazine,20220806T201500Z,takimag.com,English,United States,False,unclassified
https://sfist.com/2022/08/04/chesa-boudin-wont-run-for-da-again-in-november/,"Chesa Boudin Wont Run For DA Again In November , Citing Family Obligations ; Wont Rule Out 2023 Run",20220804T220000Z,sfist.com,English,United States,True,local
https://www.politico.com/newsletters/california-playbook-pm/2022/08/04/legal-weed-goes-back-to-voters-00049968,Legal weed goes back to voters,20220805T023000Z,politico.com,English,United States,False,national
https://townhall.com/tipsheet/mattvespa/2022/08/08/are-progressives-dying-out-in-the-democratic-party-n2611397,The Left Is Dying ... Or Is It ? ,20220808T194500Z,townhall.com,English,United States,False,unclassified
http://www.msn.com/en-us/news/politics/exclusive-trump-allies-launch-effort-to-recall-fulton-county-da-fani-willis/ar-AA10h5Lk,Exclusive : Trump allies launch effort to recall Fulton County DA Fani Willis,20220803T234500Z,msn.com,English,United States,True,unclassified
https://www.arkansasonline.com/news/2022/aug/06/in-the-news/,In the news,20220806T113000Z,arkansasonline.com,English,United States,False,unclassified
https://www.nbcbayarea.com/tag/criminal-justice/,Tag : criminal justice – NBC Bay Area,20220805T194500Z,nbcbayarea.com,English,United States,False,local
https://www.bizpacreview.com/2022/08/02/an-alternative-universe-fox-news-guest-rips-soros-op-ed-backing-leftist-das-1268875/,  An alternative universe : Fox News guest rips Soros op - ed backing leftist DAs,20220802T133000Z,bizpacreview.com,English,United States,False,unclassified
https://www.sfchronicle.com/sf/article/november-election-supervisors-17355614.php,S . F . November election : District Six Supervisor Dorsey has narrow fundraising lead over challenger Mahogany,20220806T141500Z,sfchronicle.com,English,United States,False,local
https://www.ktvu.com/news/ousted-progressive-san-francisco-da-chesa-boudin-wont-run-again-in-fall-citing-family,"Ousted progressive San Francisco DA Chesa Boudin wont run again in fall , citing family",20220804T173000Z,ktvu.com,English,United States,True,local
https://www.latimes.com/california/story/2022-08-04/san-francisco-district-attorney-brooke-jenkins-revokes-plea-deals-in-drug-cases-announces-new-policies-fentanyl,"San Francisco D . A . revokes plea deals in drug cases , announces new policies",20220804T200000Z,latimes.com,English,United States,False,national
https://www.sfexaminer.com/news/jenkins-rescinds-plea-offers-in-drug-cases-vows-stricter-enforcement/article_b6a290ba-1336-11ed-aaad-5f67417829a6.html,"Jenkins rescinds plea offers in drug cases , vows stricter enforcement",20220803T220000Z,sfexaminer.com,English,United States,False,local
https://www.washingtonexaminer.com/opinion/la-times-editors-think-george-gascon-is-the-real-victim-of-the-citys-crime-surge,Los Angeles Times editors think George Gascon is the real victim of the city crime surge,20220804T201500Z,washingtonexaminer.com,English,United States,False,unclassified
https://www.theepochtimes.com/blood-is-on-his-hands-rudy-giuliani-fires-back-at-george-soros-after-defense-of-das_4641187.html,  Blood Is on His Hand Rudy Giuliani Fires Back at George Soros After Defense of DAs,20220803T194500Z,theepochtimes.com,English,United States,False,unclassified
https://www.sfexaminer.com/news/street-safety-front-and-center-in-district-6-race/article_7022942a-14dd-11ed-8392-fb03f9ec67ce.html,Street safety front and center in District 6 race,20220808T213000Z,sfexaminer.com,English,United States,False,local
https://www.fox13news.com/news/andrew-warren-suspension-whats-next,Now that Hillsborough State Attorney Andrew Warren is suspended what next ? ,20220805T114500Z,fox13news.com,English,United States,False,unclassified
https://www.infowars.com/posts/desantis-sends-cops-to-physically-remove-suspended-soros-backed-state-attorney/,DeSantis Sends Cops To Physically Remove Suspended  Soros - Backed  State Attorney,20220805T123000Z,infowars.com,English,United States,False,unclassified
https://dailycaller.com/2022/08/04/democrats-joe-biden-crime-american-cities/,"ANALYSIS : Dems , Biden Do Damage Control After Their Policies Wreak Havoc On American Cities",20220804T160000Z,dailycaller.com,English,United States,False,national
https://www.politico.com/newsletters/politico-nightly/2022/08/04/how-clean-is-democrats-clean-energy-plan-00049960,How clean is Democrat clean energy plan ?- POLITICO,20220805T023000Z,politico.com,English,United States,False,national
https://cnsnews.com/index.php/article/washington/micky-wootten/george-soros-defends-his-support-reform-prosecutors-wall-street,George Soros Defends His Support of  Reform Prosecutor in Wall Street Journal Op - Ed,20220807T131500Z,cnsnews.com,English,United States,False,unclassified
https://www.cnsnews.com/index.php/article/washington/micky-wootten/george-soros-defends-his-support-reform-prosecutors-wall-street,George Soros Defends His Support of  Reform Prosecutor in Wall Street Journal Op - Ed,20220807T133000Z,cnsnews.com,English,United States,False,unclassified
https://www.sfexaminer.com/news/san-francisco-police-increase-citations-for-open-air-drug-users/article_cdde1b22-1445-11ed-8f3a-3f2a8fa8146a.html,San Francisco police increase citations for open - air drug users,20220806T020000Z,sfexaminer.com,English,United States,False,local
https://www.sfexaminer.com/news/san-francisco-police-cited-drug-users-coming-from-city-funded-harm-reduction-facilities/article_cdde1b22-1445-11ed-8f3a-3f2a8fa8146a.html,San Francisco police cited drug users coming from city - funded harm - reduction facilities,20220805T210000Z,sfexaminer.com,English,United States,False,local
https://cnsnews.com/article/washington/micky-wootten/george-soros-defends-his-support-reform-prosecutors-wall-street,George Soros Defends His Support of  Reform Prosecutor in Wall Street Journal Op - Ed,20220805T191500Z,cnsnews.com,English,United States,False,unclassified
https://www.cnsnews.com/article/washington/micky-wootten/george-soros-defends-his-support-reform-prosecutors-wall-street,George Soros Defends His Support of  Reform Prosecutor in Wall Street Journal Op - Ed,20220805T193000Z,cnsnews.com,English,United States,False,unclassified
https://www.americanthinker.com/blog/2022/08/desantis_fires_a_soros_prosecutor_and_its_glorious.html,DeSantis fires a Soros prosecutor and it glorious,20220805T103000Z,americanthinker.com,English,United States,False,unclassified
https://twitchy.com/sarahd-313035/2022/08/04/chesa-boudin-has-decided-not-to-run-in-upcoming-special-election-to-put-my-family-first-and-definitely-not-because-he-was-recalled/,Chesa Boudin has decided not to run in upcoming special election to  put my family first  and definitely not because he was recalled,20220804T200000Z,twitchy.com,English,United States,True,unclassified
https://www.latimes.com/opinion/story/2022-08-05/prosecutors-george-gascon-recall-public-defenders,Op - Ed : The progressive prosecutor movement has limits . Public defenders can do more,20220805T130000Z,latimes.com,English,United States,False,national
https://www.msn.com/en-us/news/politics/why-does-biden-want-to-hire-100-000-more-police-officers/ar-AA10iWIs,"Why does Biden want to hire 100 , 000 more police officers ? ",20220804T173000Z,msn.com,English,United States,False,unclassified
https://www.msn.com/en-us/news/us/why-does-biden-want-to-hire-100-000-more-police-officers/ar-AA10iWIs,"Why does Biden want to hire 100 , 000 more police officers ? ",20220804T174500Z,msn.com,English,United States,False,unclassified
http://www.msn.com/en-nz/news/us/why-does-biden-want-to-hire-100-000-more-police-officers/ar-AA10iWIs,"Why does Biden want to hire 100 , 000 more police officers ? ",20220804T180000Z,msn.com,English,United States,False,unclassified
https://www.latimes.com/california/newsletter/2022-08-06/la-politics-newsletter-optics-mayor-campaign-events-l-a-on-the-record,L . A . on the Record : Optics on the campaign trail,20220806T160000Z,latimes.com,English,United States,False,national
https://www.fox35orlando.com/news/florida-suspends-state-attorney-andrew-warren,Gov . DeSantis suspends Hillsborough State Attorney Andrew Warren for  neglect of duty  ,20220804T163000Z,fox35orlando.com,English,United States,False,unclassified
https://www.ebar.com/story.php?ch=News&sc=Latest%20News&id=317846,"SF DA Jenkins addresses Castro merchants , lays out ideas :: Bay Area Reporter",20220805T004500Z,ebar.com,English,United States,False,unclassified
http://www.ebar.com/story.php?ch=News&sc=Latest%20News&id=317846,"SF DA Jenkins addresses Castro merchants , lays out ideas :: Bay Area Reporter",20220805T014500Z,ebar.com,English,United States,False,unclassified
https://beyondchron.org/favoring-drug-dealers-over-families-seniors-is-not-progressive/,Favoring Tenderloin Drug Dealers over Families is Not Progressive,20220808T171500Z,beyondchron.org,English,United States,False,unclassified
https://www.fox35orlando.com/news/andrew-warren-suspension-whats-next,Now that Hillsborough State Attorney Andrew Warren is suspended what next ? ,20220805T171500Z,fox35orlando.com,English,United States,False,unclassified
https://www.wogx.com/news/florida-suspends-state-attorney-andrew-warren,Gov . DeSantis suspends Hillsborough State Attorney Andrew Warren for  neglect of duty  ,20220804T193000Z,wogx.com,English,United States,False,unclassified
https://www.democracynow.org/2022/8/12/headlines/san_francisco_da_who_replaced_chesa_boudin_got_six_figure_consulting_fee_in_recall_effort,San Francisco DA Who Replaced Chesa Boudin Got Six - Figure Consulting Fee in Recall Effort,20220812T144500Z,democracynow.org,English,United States,True,unclassified
https://www.sfchronicle.com/bayarea/article/Attempt-to-recall-Los-Angeles-District-Attorney-17375235.php,Attempt to recall Los Angeles District Attorney George Gascon fails to gather enough signatures,20220815T223000Z,sfchronicle.com,English,United States,True,local
https://www.kalw.org/kalw-news/2022-08-11/former-police-commissioner-running-for-district-attorney,Former police commissioner running for District Attorney,20220812T001500Z,kalw.org,English,United States,False,local
https://www.sfchronicle.com/bayarea/justinphillips/article/The-Brooke-Jenkins-story-is-already-spouting-leaks-17367424.php,San Francisco DA Brooke Jenkin story is already spouting leaks,20220811T191500Z,sfchronicle.com,English,United States,False,local
https://www.sfgate.com/bayarea/article/SF-politician-unhappy-with-attacker-s-charges-17367290.php,SF politician unhappy with charges brought against alleged attacker,20220811T214500Z,sfgate.com,English,United States,False,local
https://www.sfchronicle.com/bayarea/article/District-Attorney-Brooke-Jenkins-locks-up-17362960.php,District Attorney Brooke Jenkins locks up endorsements from Democrats who didnt support Boudin recall,20220810T000000Z,sfchronicle.com,English,United States,True,local
https://www.sfchronicle.com/bayarea/article/Ex-S-F-D-A-Chesa-Boudin-is-sending-out-17370621.php,Chesa Boudin fundraising emails fuels speculation of SF DA run,20220812T234500Z,sfchronicle.com,English,United States,True,local
https://www.sfgate.com/politics/article/brooke-jenkins-received-payments-17364686.php,Payments to new SF DA during Boudin recall draw scrutiny,20220810T221500Z,sfgate.com,English,United States,True,local
https://www.sfchronicle.com/bayarea/article/Who-is-Bill-Oberndorf-the-Boudin-recall-backer-17365405.php,Bill Oberndorf was behind nonprofit that paid DA Brooke Jenkins,20220811T000000Z,sfchronicle.com,English,United States,False,local
https://www.sfchronicle.com/projects/2022/brooke-jenkins-payment/,SF DA Brooke Jenkin undisclosed $100K revealed on this document,20220812T140000Z,sfchronicle.com,English,United States,False,local
https://www.sfchronicle.com/bayarea/article/S-F-D-A-Brooke-Jenkins-six-figure-17365448.php,SF DA Brooke Jenkin six - figure disclosure sparks controversy,20220811T000000Z,sfchronicle.com,English,United States,False,local
https://www.sfexaminer.com/news/progressives-breathe-sigh-of-relief-as-hamasaki-enters-da-race/article_8f995348-19c9-11ed-b58e-0fff2f3e5e13.html,Progressives breathe sigh of relief as Hamasaki enters DA race,20220815T211500Z,sfexaminer.com,English,United States,False,local
https://www.foxnews.com/us/san-francisco-da-jenkins-officially-launches-bid-hold-office-boudin-ousting,San Francisco DA Jenkins officially launches bid to hold onto office after Boudin ousting,20220810T154500Z,foxnews.com,English,United States,True,national
https://www.courthousenews.com/san-francisco-da-race-heats-up-amid-debates-over-crime-and-reform/,San Francisco DA race heats up amid debates over crime and reform,20220813T011500Z,courthousenews.com,English,United States,False,unclassified
https://www.kalw.org/kalw-news/2022-08-09/san-francisco-da-jenkins-files-for-november-election,San Francisco DA Jenkins files for November election,20220810T054500Z,kalw.org,English,United States,False,local
https://www.sfchronicle.com/bayarea/article/State-investigating-campaign-finance-complaint-17368563.php,State investigating campaign finance complaint against Chesa Boudin recall campaign,20220812T043000Z,sfchronicle.com,English,United States,True,local
https://sfist.com/2022/08/10/new-da-brooke-jenkins-got-100-000-from-anti-boudin-political-action-committee/,"New DA Brooke Jenkins Got $100 , 000 From Anti - Boudin Political Organization",20220810T204500Z,sfist.com,English,United States,True,local
https://www.latimes.com/california/story/2022-08-15/recall-effort-la-district-attorney-george-gascon-fails,Effort to recall Los Angeles D . A . George Gascón fails,20220815T213000Z,latimes.com,English,United States,True,national
https://www.ktvu.com/news/san-francisco-da-brooke-jenkins-paid-100k-during-recall-effort-reports,San Francisco DA Brooke Jenkins paid $100K during recall effort : reports,20220810T171500Z,ktvu.com,English,United States,True,local
https://newrepublic.com/article/167373/george-soros-antisemitic-marco-rubio-prosecutors,Why the Right Cant Quit Its Antisemitic Attacks Against George Soros,20220811T103000Z,newrepublic.com,English,United States,False,unclassified
https://www.sfexaminer.com/news/move-over-san-francisco-new-york-city-is-the-new-capital-of-crime-wave-hysteria/article_173d68ce-1831-11ed-ad98-13d52693a420.html,"Move over , San Francisco . New York City is the new capital of crime wave hysteria",20220810T164500Z,sfexaminer.com,English,United States,False,local
https://www.swoknews.com/ap/national/second-effort-to-force-la-district-attorney-george-gasc-n-into-recall-election-fails/article_4c244c88-c768-5d2c-9795-ac820cc27358.html,Second effort to force LA District Attorney George Gascón into recall election fails,20220815T230000Z,swoknews.com,English,United States,True,unclassified
https://www.politico.com/newsletters/california-playbook/2022/08/11/sacramento-bills-dc-dreams-00051058,"Sacramento bills , D . C . dreams",20220811T184500Z,politico.com,English,United States,False,national
https://www.politico.com/newsletters/california-playbook/2022/08/10/revisiting-housing-in-newsoms-hometown-00050777,Revisiting housing in Newsom hometown - POLITICO,20220810T134500Z,politico.com,English,United States,False,national
https://www.sfchronicle.com/bayarea/article/D-A-Jenkins-paid-more-than-100-000-while-17363420.php,"D . A . Jenkins paid more than $100 , 000 while working on recall of Boudin",20220810T044500Z,sfchronicle.com,English,United States,True,local
https://www.washingtontimes.com:443/news/2022/aug/15/george-gascon-recall-election-fails-to-make-ballot/,George Gascon recall election fails to make ballot,20220816T000000Z,washingtontimes.com,English,United States,True,national
https://www.washingtontimes.com/news/2022/aug/15/george-gascon-recall-election-fails-to-make-ballot/,George Gascon recall election fails to make ballot,20220815T231500Z,washingtontimes.com,English,United States,True,national
https://www.kalw.org/kalw-news/2022-08-10/report-new-da-jenkins-paid-100k-as-a-consultant-in-boudin-recall-campaign,Report : New DA Jenkins paid 100K as a consultant in Boudin recall campaign,20220811T001500Z,kalw.org,English,United States,True,local
https://www.whec.com/politics-news/recall-election-aimed-at-la-prosecutor-fails-to-make-ballot/,Recall election aimed at LA prosecutor fails to make ballot,20220815T230000Z,whec.com,English,United States,True,unclassified
https://www.sfchronicle.com/opinion/letterstotheeditor/article/Letters-Incredibly-about-a-third-of-Americans-17370783.php,"Letters : Incredibly , about a third of Americans prefer a dictatorship over democracy . This is why your vote counts",20220815T124500Z,sfchronicle.com,English,United States,False,local
https://www.thestranger.com/slog-am/2022/08/10/77620750/slog-am-trump-pleads-fifth-maga-dorks-dox-federal-judge-and-horny-teen-causes-districtwide-lockdown,"Slog AM : Trump Pleads Fifth , MAGA Dorks Dox Federal Judge , and Horny Teen Causes Districtwide Lockdown",20220810T161500Z,thestranger.com,English,United States,False,unclassified
https://www.thetelegraph.com/news/article/Official-Petition-for-recall-of-LA-district-17375296.php,Recall election aimed at LA prosecutor fails to make ballot,20220815T224500Z,thetelegraph.com,English,United States,True,unclassified
https://www.ctpost.com/news/article/Official-Petition-for-recall-of-LA-district-17375296.php,Recall election aimed at LA prosecutor fails to make ballot,20220815T233000Z,ctpost.com,English,United States,True,unclassified
https://www.nhregister.com/news/article/Official-Petition-for-recall-of-LA-district-17375296.php,Recall election aimed at LA prosecutor fails to make ballot,20220815T234500Z,nhregister.com,English,United States,True,unclassified
https://sfist.com/2022/08/11/we-now-have-a-da-race-as-vocal-brooke-jenkins-critic-john-hamasaki-is-running-against-brooke-jenkins/,"We Now Have a DA Race , as Vocal Brooke Jenkins Critic John Hamasaki Is Running Against Brooke Jenkins",20220812T013000Z,sfist.com,English,United States,False,local
https://www.marketwatch.com/story/bid-to-recall-progressive-los-angeles-district-attorney-fails-01660603874,Bid to recall progressive Los Angeles district attorney fails,20220815T231500Z,marketwatch.com,English,United States,True,unclassified
https://www.ktvu.com/news/sf-das-paid-consultant-work-raises-questions-about-her-transparency,San Francisco DA Brooke Jenkin work as paid consultant raises transparency questions,20220811T163000Z,ktvu.com,English,United States,False,local
https://apnews.com/3c93405372f4d55f08113a98fea65f32,Recall election aimed at LA prosecutor fails to make ballot,20220815T234500Z,apnews.com,English,United States,True,national
https://mynorthwest.com/3597520/official-petition-for-recall-of-la-district-attorney-fails/,Recall election aimed at LA prosecutor fails to make ballot,20220815T233000Z,mynorthwest.com,English,United States,True,unclassified
https://www.winchesterstar.com/associated_press/washington/recall-election-aimed-at-la-prosecutor-fails-to-make-ballot/article_4a7ffd05-753d-52d2-a533-0e1d2ec5ceda.html,Recall election aimed at LA prosecutor fails to make ballot,20220815T230000Z,winchesterstar.com,English,United States,True,unclassified
https://www.tabletmag.com/sections/news/articles/sanctification-george-soros-district-attorneys-james-kirchick,The Sanctification of George Soros,20220811T051500Z,tabletmag.com,English,United States,False,unclassified
https://abcnews.go.com/Politics/wireStory/official-petition-recall-la-district-attorney-fails-88415888,Recall election aimed at LA prosecutor fails to make ballot,20220816T000000Z,abcnews.go.com,English,United States,True,national
https://www.startribune.com/recall-election-aimed-at-la-prosecutor-fails-to-make-ballot/600198559/,Recall election aimed at LA prosecutor fails to make ballot,20220816T001500Z,startribune.com,English,United States,True,unclassified
https://ktar.com/story/5200730/official-petition-for-recall-of-la-district-attorney-fails/,Recall election aimed at LA prosecutor fails to make ballot,20220815T234500Z,ktar.com,English,United States,True,unclassified
https://www.foxnews.com/opinion/raid-trumps-mar-a-lago-home-bidens-politicized-fbi-us-now-third-world-country,Raid on Trump Mar - a - Lago home by Biden politicized FBI means US now a third world country,20220809T044500Z,foxnews.com,English,United States,False,national
http://www.msn.com/en-us/news/politics/recall-boomerang-how-georgia-prosecutor-could-benefit-from-a-trump-backed-recall-effort/ar-AA10tvmx,Recall boomerang ? How Georgia prosecutor could benefit from a Trump - backed recall effort,20220809T133000Z,msn.com,English,United States,True,unclassified
https://www.washingtonexaminer.com/news/house/omars-slim-victory-could-spell-end-for-defund-the-police-movement,Omar slim victory could spell end for  defund the police  movement,20220811T104500Z,washingtonexaminer.com,English,United States,False,unclassified
https://www.washingtonexaminer.com/restoring-america/fairness-justice/omars-slim-victory-could-spell-end-for-defund-the-police-movement,Omar slim victory could spell end for  defund the police  movement,20220811T150000Z,washingtonexaminer.com,English,United States,False,unclassified
http://www.msn.com/en-us/news/politics/la-district-attorney-recall-fails-to-qualify-for-ballot/ar-AA10GUr8,LA district attorney recall fails to qualify for ballot,20220815T224500Z,msn.com,English,United States,True,unclassified
https://www.chron.com/news/article/A-progressive-prosecutor-clashed-with-DeSantis-17372601.php,A progressive prosecutor clashed with DeSantis - now he out of a job,20220815T034500Z,chron.com,English,United States,False,unclassified
https://www.lmtonline.com/news/article/Official-Petition-for-recall-of-LA-district-17375296.php,Recall election aimed at LA prosecutor fails to make ballot,20220816T000000Z,lmtonline.com,English,United States,True,unclassified
https://gazette.com/news/us-world/omar-s-slim-victory-could-spell-end-for-defund-the-police-movement/article_60235abe-16dd-5a22-81af-3b792b9b3c3e.html,Omar slim victory could spell end for  defund the police  movement | U . S . & World,20220811T120000Z,gazette.com,English,United States,False,unclassified
https://www.washingtonpost.com/nation/2022/08/14/florida-desantis-warren-prosecutor-suspension/,Prosecutor Andrew Warren clashed with DeSantis . Now he out of a job . ,20220814T124500Z,washingtonpost.com,English,United States,False,national
http://www.chicagotribune.com/opinion/commentary/ct-opinion-ken-griffin-illinois-pension-jb-pritzker-desantis-20220809-jnrzlzbpvbfcnjauz522qcvi4m-story.html,"Ken Griffin discusses pension crisis , meeting with Pritzker",20220809T220000Z,chicagotribune.com,English,United States,False,unclassified
https://www.kxly.com/i/recall-election-aimed-at-la-prosecutor-fails-to-make-ballot/,Recall election aimed at LA prosecutor fails to make ballot,20220816T001500Z,kxly.com,English,United States,True,unclassified
https://www.sfchronicle.com/bayarea/justinphillips/article/sf-politicians-adults-17370585.php,San Francisco needs politicians who behave like adults,20220814T131500Z,sfchronicle.com,English,United States,False,local
https://www.sfexaminer.com/eedition/page-a1/page_ad71d7bb-a15e-5ddc-9d44-238d5906a1a4.html,Page A1 | e - Edition | sfexaminer . com,20220810T121500Z,sfexaminer.com,English,United States,False,local
https://dailycaller.com/2022/08/15/george-gascon-survives-recall-effort/,Left - Wing DA George Gascon Survives Recall Effort,20220816T000000Z,dailycaller.com,English,United States,True,national
https://www.theepochtimes.com/gascon-recall-fails_4666825.html,Los Angeles District Attorney Gascón Recall Fails,20220816T003000Z,theepochtimes.com,English,United States,True,unclassified
https://www.foxnews.com/media/trump-backed-candidate-kevin-kiley-vows-reverse-bidens-trainwreck-policies,Trump - backed candidate Kevin Kiley vows to reverse Biden  trainwreck  policies if elected to Congress,20220813T133000Z,foxnews.com,English,United States,False,national
https://www.politico.com/newsletters/california-playbook-pm/2022/08/15/weed-and-the-workplace-00052046,Weed and the workplace,20220815T231500Z,politico.com,English,United States,False,national
https://www.sfchronicle.com/bayarea/article/Exclusive-Brooke-Jenkins-defends-work-with-17374817.php,Brooke Jenkins defends nonprofit work tied to William Oberndorf,20220815T223000Z,sfchronicle.com,English,United States,False,local
https://www.politico.com/newsletters/politico-nightly/2022/08/15/the-teacher-shortage-problem-is-bad-really-bad-00052053,The teacher shortage problem is bad . Really bad . ,20220816T003000Z,politico.com,English,United States,False,national
https://www.city-journal.org:443/republicans-should-not-fear-asian-immigration,Republicans Shouldnt Fear Asian Immigration,20220815T180000Z,city-journal.org,English,United States,False,unclassified
https://www.swoknews.com/ap/national/recall-election-aimed-at-la-prosecutor-fails-to-make-ballot/article_aae46e86-7b62-557b-9495-21be054812f9.html,Recall election aimed at LA prosecutor fails to make ballot,20220815T230000Z,swoknews.com,English,United States,True,unclassified
https://www.mymotherlode.com/news/state/2713103/recall-election-aimed-at-la-prosecutor-fails-to-make-ballot.html,Recall election aimed at LA prosecutor fails to make ballot,20220815T223000Z,mymotherlode.com,English,United States,True,unclassified
https://www.ncadvertiser.com/news/article/Official-Petition-for-recall-of-LA-district-17375296.php,Recall election aimed at LA prosecutor fails to make ballot,20220816T003000Z,ncadvertiser.com,English,United States,True,unclassified
https://www.theintelligencer.com/news/article/Official-Petition-for-recall-of-LA-district-17375296.php,Recall election aimed at LA prosecutor fails to make ballot,20220815T231500Z,theintelligencer.com,English,United States,True,unclassified
https://www.milfordmirror.com/news/article/Official-Petition-for-recall-of-LA-district-17375296.php,Recall election aimed at LA prosecutor fails to make ballot,20220815T231500Z,milfordmirror.com,English,United States,True,unclassified
https://www.registercitizen.com/news/article/Official-Petition-for-recall-of-LA-district-17375296.php,Recall election aimed at LA prosecutor fails to make ballot,20220815T234500Z,registercitizen.com,English,United States,True,unclassified
https://www.ourmidland.com/news/article/Official-Petition-for-recall-of-LA-district-17375296.php,Recall election aimed at LA prosecutor fails to make ballot,20220816T000000Z,ourmidland.com,English,United States,True,unclassified
https://www.michigansthumb.com/news/article/Official-Petition-for-recall-of-LA-district-17375296.php,Recall election aimed at LA prosecutor fails to make ballot,20220816T000000Z,michigansthumb.com,English,United States,True,unclassified
https://www.recorderonline.com/news/national_news/recall-election-aimed-at-la-prosecutor-fails-to-make-ballot/article_5e0f322f-61c6-50ae-8f64-76268702af9a.html,Recall election aimed at LA prosecutor fails to make ballot,20220815T233000Z,recorderonline.com,English,United States,True,unclassified
https://www.caledonianrecord.com/news/national/recall-election-aimed-at-la-prosecutor-fails-to-make-ballot/article_fe0bef5a-392d-56f3-8b97-ae993373f4e1.html,Recall election aimed at LA prosecutor fails to make ballot,20220815T233000Z,caledonianrecord.com,English,United States,True,unclassified
https://www.theridgefieldpress.com/news/article/Official-Petition-for-recall-of-LA-district-17375296.php,Recall election aimed at LA prosecutor fails to make ballot,20220816T010000Z,theridgefieldpress.com,English,United States,True,unclassified
https://www.wiltonbulletin.com/news/article/Official-Petition-for-recall-of-LA-district-17375296.php,Recall election aimed at LA prosecutor fails to make ballot,20220816T004500Z,wiltonbulletin.com,English,United States,True,unclassified
https://santamariatimes.com/news/state-and-regional/recall-election-aimed-at-la-prosecutor-fails-to-make-ballot/article_02731e0e-e28a-5d75-aa2d-092ae64246d4.html,Recall election aimed at LA prosecutor fails to make ballot,20220816T010000Z,santamariatimes.com,English,United States,True,unclassified
https://www.bgdailynews.com/news/national/recall-election-aimed-at-la-prosecutor-fails-to-make-ballot/article_00f1ede1-2986-57c3-bc84-d8dfbda4d2c6.html,Recall election aimed at LA prosecutor fails to make ballot,20220816T004500Z,bgdailynews.com,English,United States,True,unclassified
http://www.ebar.com/story.php?ch=news&sc=latest_news&id=317846,"SF DA Jenkins addresses Castro merchants , lays out ideas :: Bay Area Reporter",20220809T181500Z,ebar.com,English,United States,False,unclassified
https://sfist.com/2022/08/15/da-brooke-jenkins-defends-secretive-100-000-payment-from-anti-boudin-group-which-turns-out-was-actually-153-000/,"DA Jenkins Defends Secretive $100 , 000 Payment from Anti - Boudin Group , Which Turns Out Was Actually $153 , 000",20220816T003000Z,sfist.com,English,United States,True,local
https://www.sfexaminer.com/news/san-francisco-da-brooke-jenkins-secret-pay-scheme-underscores-lack-of-honesty/article_c26325e4-1e54-11ed-ad30-7ff582be1ec6.html,San Francisco DA Brooke Jenkin secret pay scheme underscores lack of honesty | News,20220817T210000Z,sfexaminer.com,English,United States,False,local
https://www.politico.com/newsletters/california-playbook/2022/08/16/gascon-gets-a-reprieve-00052099,Gascón gets a reprieve,20220816T184500Z,politico.com,English,United States,False,national
https://www.foxnews.com/media/recall-officials-still-hopeful-oust-george-gascon-despite-signature-setback-emboldened,Recall officials still hopeful to oust George Gascon despite signature setback :  He should not be emboldened  ,20220816T123000Z,foxnews.com,English,United States,True,national
http://www.msn.com/en-us/news/us/recall-officials-still-hopeful-to-oust-george-gascon-despite-signature-setback-he-should-not-be-emboldened/ar-AA10IGfJ,Recall officials still hopeful to oust George Gascon despite signature setback :  He should not be emboldened  ,20220816T124500Z,msn.com,English,United States,True,unclassified
https://www.washingtonexaminer.com/news/downtown-areas-in-san-francisco-portland-are-more-deserted-compared-to-2019-report,Downtown areas in San Francisco and Portland more deserted than in 2019 : Report,20220819T221500Z,washingtonexaminer.com,English,United States,False,unclassified
https://www.sfchronicle.com/opinion/letterstotheeditor/article/Letters-Supervised-drug-use-sites-alone-won-t-17377904.php,Letters : Supervised drug use sites alone wont solve the problem . Here why,20220817T130000Z,sfchronicle.com,English,United States,False,local
https://www.breitbart.com/crime/2022/08/15/after-d-a-recall-fails-george-soros-can-expand-influence-in-l-a-with-karen-bass-victory/,"After D . A . Recall Fails , George Soros Can Expand Influence in L . A . with Karen Bass Victory",20220816T024500Z,breitbart.com,English,United States,True,national
https://www.gopusa.com/effort-to-oust-la-district-attorney-in-recall-election-fails-to-qualify-for-ballot/,Effort to oust LA district attorney in recall election fails to qualify for ballot,20220816T150000Z,gopusa.com,English,United States,True,unclassified
https://www.breitbart.com/crime/2022/08/21/store-owner-in-san-franciscos-chinatown-trains-staff-in-kung-fu-to-fight-crime/,Store Owner in San Francisco Chinatown Trains Staff in Kung Fu to Fight Crime,20220821T160000Z,breitbart.com,English,United States,False,national
https://www.breitbart.com/politics/2022/08/21/store-owner-in-san-franciscos-chinatown-trains-staff-in-kung-fu-to-fight-crime/,Store Owner in San Francisco Chinatown Trains Staff in Kung Fu to Fight Crime,20220822T230000Z,breitbart.com,English,United States,False,national
https://www.swoknews.com/ap/national/effort-to-force-la-district-attorney-george-gasc-n-into-recall-election-fails/article_4c244c88-c768-5d2c-9795-ac820cc27358.html,Effort to force LA District Attorney George Gascón into recall election fails,20220816T040000Z,swoknews.com,English,United States,True,unclassified
https://radio.foxnews.com/2022/08/17/da-gascon-recall-effort-stalled/,DA Gascon Recall Effort Stalled,20220817T161500Z,radio.foxnews.com,English,United States,True,unclassified
https://classichits1390.iheart.com/featured/the-clay-travis-and-buck-sexton-show/content/2022-08-17-clay-travis-and-buck-sexton-dems-save-da-gascon-by-disqualifying-recall-signatures/,Dems Save DA Gascon by Disqualifying Recall Signatures | 1390 KRRZ | The Clay Travis and Buck Sexton Show,20220817T051500Z,classichits1390.iheart.com,English,United States,True,unclassified
https://www.nbcnews.com/news/us-news/second-attempt-recall-los-angeles-prosecutor-george-gascon-fails-make-rcna43243,Second attempt to recall Los Angeles prosecutor George Gascón fails to make ballot,20220816T014500Z,nbcnews.com,English,United States,True,national
https://www.stltoday.com/news/national/recall-election-aimed-at-la-prosecutor-fails-to-make-ballot/article_faf5ccad-a3b7-5324-94a2-d3682d2f2e9d.html,Recall election aimed at LA prosecutor fails to make ballot,20220816T011500Z,stltoday.com,English,United States,True,unclassified
https://www.smdailyjournal.com/news/national/recall-election-aimed-at-la-prosecutor-fails-to-make-ballot/article_3b608a2d-d837-5c2b-b82a-d4b433b601a7.html,Recall election aimed at LA prosecutor fails to make ballot,20220816T013000Z,smdailyjournal.com,English,United States,True,local
https://www.kcra.com/article/recall-election-aimed-at-la-prosecutor-fails-to-make-ballot/40911117,Recall election aimed at LA prosecutor fails to make ballot,20220816T220000Z,kcra.com,English,United States,True,unclassified
https://apnews.com/article/elections-california-los-angeles-san-francisco-recall-3c93405372f4d55f08113a98fea65f32,Recall election aimed at LA prosecutor fails to make ballot,20220816T023000Z,apnews.com,English,United States,True,national
https://www.greenwichtime.com/news/article/Official-Petition-for-recall-of-LA-district-17375296.php,Recall election aimed at LA prosecutor fails to make ballot,20220816T011500Z,greenwichtime.com,English,United States,True,unclassified
https://lbpost.com/news/gascon-recall-election-fails-to-make-ballot,Gascón recall election fails to make ballot • Long Beach Post News,20220816T033000Z,lbpost.com,English,United States,True,unclassified
http://www.msn.com/en-us/news/crime/abcarian-gasc%C3%B3n-survives-a-second-recall-campaign-was-he-humbled-by-this-near-miss/ar-AA10KVa5,Abcarian : Gascón survives a second recall campaign . Was he humbled by this near miss ? ,20220817T110000Z,msn.com,English,United States,True,unclassified
https://www.bakersfield.com/ap/national/recall-election-aimed-at-la-prosecutor-fails-to-make-ballot/article_571b6545-3c97-52bf-969d-eb231bde524b.html,Recall election aimed at LA prosecutor fails to make ballot,20220816T031500Z,bakersfield.com,English,United States,True,unclassified
https://www.turnto23.com/news/state/recall-election-aimed-at-la-prosecutor-fails-to-make-ballot,Recall election aimed at LA prosecutor fails to make ballot,20220816T050000Z,turnto23.com,English,United States,True,unclassified
https://www.latimes.com/opinion/story/2022-08-17/recall-against-gascon-fails,Abcarian : Gascón survives recall effort . Where the humility ? ,20220817T114500Z,latimes.com,English,United States,True,national
https://www.sfchronicle.com/bayarea/justinphillips/article/black-asian-disinformation-17385854.php,A coalition of AAPI groups says the far right is targeting its communities with disinformation,20220821T154500Z,sfchronicle.com,English,United States,False,local
https://www.breitbart.com/crime/2022/08/19/witnesses-s-f-police-caught-catalytic-converter-thief-red-handed-let-him-go/,"Witnesses : S . F . Police Caught Catalytic Converter Thief Red - handed , Let Him Go",20220819T150000Z,breitbart.com,English,United States,False,national
https://www.breitbart.com:443/crime/2022/08/19/witnesses-s-f-police-caught-catalytic-converter-thief-red-handed-let-him-go/,"Witnesses : S . F . Police Caught Catalytic Converter Thief Red - handed , Let Him Go",20220819T154500Z,breitbart.com,English,United States,False,national
https://www.mrt.com/news/article/Official-Petition-for-recall-of-LA-district-17375296.php,Recall election aimed at LA prosecutor fails to make ballot,20220816T011500Z,mrt.com,English,United States,True,unclassified
https://hotair.com/john-s-2/2022/08/15/recall-of-da-george-gascon-falls-short-and-will-not-be-on-the-ballot-n489938,Recall of DA George Gascon falls short and will not be on the ballot,20220816T033000Z,hotair.com,English,United States,True,unclassified
https://www.politico.com/newsletters/california-playbook/2022/08/22/a-winning-d-c-strategy-00053061,Newsom path to D . C . ,20220822T140000Z,politico.com,English,United States,False,national
http://www.msn.com/en-us/entertainment/entertainment-celebrity/la-voters-won-t-oust-da-gascon-because-they-don-t-care-enough/ar-AA10PJll,LA voters wont oust DA Gascon because they dont care enough,20220819T100000Z,msn.com,English,United States,False,unclassified
https://www.foxnews.com/opinion/la-voters-oust-gascon-care-enough,LA voters wont oust DA Gascon because they dont care enough,20220819T094500Z,foxnews.com,English,United States,False,national
https://www.seattlepi.com/news/article/Florida-prosecutor-sues-DeSantis-over-removal-17379023.php,DeSantis sued by Florida prosecutor he removed over abortion,20220817T184500Z,seattlepi.com,English,United States,False,unclassified
https://www.cbsnews.com/miami/news/gov-ron-desantis-sued-by-prosecutor-he-removed-over-abortion/,Gov . Ron DeSantis sued by prosecutor he removed over abortion,20220817T173000Z,cbsnews.com,English,United States,False,national
https://abcnews.go.com/Politics/wireStory/florida-prosecutor-sues-desantis-removal-abortion-88493215,DeSantis sued by Florida prosecutor he removed over abortion,20220817T231500Z,abcnews.go.com,English,United States,False,national
https://www.timesunion.com/news/article/Florida-prosecutor-sues-DeSantis-over-removal-17379023.php,DeSantis sued by Florida prosecutor he removed over abortion,20220817T164500Z,timesunion.com,English,United States,False,unclassified
https://www.startribune.com/desantis-sued-by-florida-prosecutor-he-removed-over-abortion/600199029/,DeSantis sued by Florida prosecutor he removed over abortion,20220817T171500Z,startribune.com,English,United States,False,unclassified
https://redstate.com/jenvanlaar/2022/08/18/exclusive-recall-gascon-committee-failed-to-pre-validate-signatures-hired-incompetent-vendors-n614367,"EXCLUSIVE : Recall Gascon Committee Failed to Pre - Validate Signatures , Hired Incompetent Vendors",20220819T020000Z,redstate.com,English,United States,True,unclassified
https://omaha.com/news/national/florida-prosecutor-sues-desantis-over-removal-over-abortion/article_c045c1be-edbc-52a0-acb0-12a028aee015.html,Florida prosecutor sues DeSantis over removal over abortion,20220817T153000Z,omaha.com,English,United States,False,unclassified
https://www.nbcnews.com/nbc-out/out-news/desantis-sued-florida-prosecutor-removed-abortion-rcna43701,DeSantis sued by Florida prosecutor he removed over abortion,20220818T151500Z,nbcnews.com,English,United States,False,national
http://www.msn.com/en-us/news/crime/editorial-now-that-a-second-recall-effort-has-failed-let-george-gasc%C3%B3n-do-the-work-he-was-elected-to-do/ar-AA10H9pU,"Editorial : Now that a second recall effort has failed , let George Gascón do the work he was elected to do",20220816T021500Z,msn.com,English,United States,True,unclassified
https://mynorthwest.com/3599695/florida-prosecutor-sues-desantis-over-removal-over-abortion/,Florida prosecutor sues DeSantis over removal over abortion,20220817T150000Z,mynorthwest.com,English,United States,False,unclassified
https://www.wfmz.com/news/florida-prosecutor-sues-desantis-over-removal-over-abortion/article_31d9df77-d5f5-5fe1-bf00-76a2ef3690ff.html,Florida prosecutor sues DeSantis over removal over abortion,20220817T153000Z,wfmz.com,English,United States,False,unclassified
https://tucson.com/news/national/desantis-sued-by-florida-prosecutor-he-removed-over-abortion/article_f2968594-3503-5be2-a2c1-c51a304be3eb.html,DeSantis sued by Florida prosecutor he removed over abortion,20220817T164500Z,tucson.com,English,United States,False,unclassified
https://harpers.org/2022/08/weekly-review-salman-rushdie-stabbed-palestine-refugees-trump-raid/,Weekly Review | Harper Magazine,20220816T181500Z,harpers.org,English,United States,False,unclassified
https://nbc-2.com/news/politics/2022/08/17/desantis-sued-by-florida-prosecutor-he-removed-over-abortion/,DeSantis sued by Florida prosecutor he removed over abortion,20220817T210000Z,nbc-2.com,English,United States,False,unclassified
https://www.wishtv.com/news/desantis-sued-by-florida-prosecutor-he-removed-over-abortion/,DeSantis sued by Florida prosecutor he removed over abortion,20220817T181500Z,wishtv.com,English,United States,False,unclassified
https://www.pressherald.com/2022/08/17/florida-prosecutor-sues-desantis-for-suspension-over-abortion-lgbt-rights/,"Florida prosecutor sues DeSantis for suspension over abortion , LGBT rights",20220817T200000Z,pressherald.com,English,United States,False,unclassified
https://www.greenwichtime.com/news/article/Florida-prosecutor-sues-DeSantis-over-removal-17379023.php,Florida prosecutor sues DeSantis over removal over abortion,20220817T151500Z,greenwichtime.com,English,United States,False,unclassified
https://www.latimes.com/opinion/story/2022-08-15/gascon-recall-fails,"Editorial : Now that a second recall effort has failed , let George Gascón do the work he was elected to do",20220816T023000Z,latimes.com,English,United States,True,national
https://www.thenation.com/article/society/gascon-recall/,George Gascón Survives Another Recall,20220819T094500Z,thenation.com,English,United States,True,unclassified
https://www.nhregister.com/news/article/Florida-prosecutor-sues-DeSantis-over-removal-17379023.php,DeSantis sued by Florida prosecutor he removed over abortion,20220817T154500Z,nhregister.com,English,United States,False,unclassified
https://www.channel3000.com/i/florida-prosecutor-sues-desantis-over-removal-over-abortion/,DeSantis sued by Florida prosecutor he removed over abortion,20220817T154500Z,channel3000.com,English,United States,False,unclassified
https://www.nbcmiami.com/news/local/florida-prosecutor-sues-gov-desantis-over-removal-over-abortion/2837463/,Florida Prosecutor Sues Gov . DeSantis Over Removal Over Abortion – NBC 6 South Florida,20220817T150000Z,nbcmiami.com,English,United States,False,unclassified
https://siouxcityjournal.com/news/national/desantis-sued-by-florida-prosecutor-he-removed-over-abortion/article_030500e0-51d9-5dea-91ee-42b2e3b2128a.html,DeSantis sued by Florida prosecutor he removed over abortion,20220817T154500Z,siouxcityjournal.com,English,United States,False,unclassified
https://www.whec.com/politics-news/desantis-sued-by-florida-prosecutor-he-removed-over-abortion/,DeSantis sued by Florida prosecutor he removed over abortion,20220817T170000Z,whec.com,English,United States,False,unclassified
https://www.sfexaminer.com/eedition/page-a1/page_18a89c35-e557-5f42-b6d3-aa582b675978.html,Page A1 | e - Edition | sfexaminer . com,20220821T114500Z,sfexaminer.com,English,United States,False,local
https://www.sfexaminer.com/news/fentanyl-and-the-battle-for-san-francisco-s-soul/article_17118ee8-1e8f-11ed-9e5f-efca19a2a95b.html,Fentanyl and the battle for San Francisco soul | News,20220822T161500Z,sfexaminer.com,English,United States,False,local
https://www.yakimaherald.com/ap/national/desantis-sued-by-florida-prosecutor-he-removed-over-abortion/article_d565098f-f36d-5517-a421-a2a6126b466a.html,DeSantis sued by Florida prosecutor he removed over abortion,20220817T161500Z,yakimaherald.com,English,United States,False,unclassified
https://www.lmtonline.com/news/article/Florida-prosecutor-sues-DeSantis-over-removal-17379023.php,Florida prosecutor sues DeSantis over removal over abortion,20220817T151500Z,lmtonline.com,English,United States,False,unclassified
https://www.winknews.com/2022/08/17/desantis-sued-by-florida-prosecutor-he-removed-over-abortion/,DeSantis sued by Florida prosecutor he removed over abortion,20220817T201500Z,winknews.com,English,United States,False,unclassified
https://www.smdp.com/recall-election-aimed-at-la-prosecutor-fails-to-make-ballot/220417,Recall election aimed at LA prosecutor fails to make ballot,20220817T030000Z,smdp.com,English,United States,True,unclassified
https://www.chroniclejournal.com/news/world/recall-election-aimed-at-la-prosecutor-fails-to-make-ballot/article_3ad5614a-be24-5c3b-a7c5-009678f7139b.html,Recall election aimed at LA prosecutor fails to make ballot,20220816T020000Z,chroniclejournal.com,English,United States,True,unclassified
https://sfist.com/2022/08/18/d4-supervisor-candidate-leanna-louie-defends-her-controversial-residency-record-but-now-a-fourth-address-is-in-the-mix/,"D4 Supervisor Candidate Leanna Louie Defends Her Residency Record , But Now a Fourth Address Is In the Mix",20220818T213000Z,sfist.com,English,United States,False,local
https://www.yankton.net/news/national_ap/article_884dfbda-2e4a-55e4-ac40-769b6225db0a.html,Recall election aimed at LA prosecutor fails to make ballot,20220816T021500Z,yankton.net,English,United States,True,unclassified
https://www.mymotherlode.com/news/national/general-election/2713103/recall-election-aimed-at-la-prosecutor-fails-to-make-ballot.html,Recall election aimed at LA prosecutor fails to make ballot,20220816T024500Z,mymotherlode.com,English,United States,True,unclassified
https://www.ivpressonline.com/news/nation/recall-election-aimed-at-la-prosecutor-fails-to-make-ballot/article_090555ec-e2a7-53dc-a087-e665b4fc417a.html,Recall election aimed at LA prosecutor fails to make ballot,20220816T024500Z,ivpressonline.com,English,United States,True,unclassified
https://www.fbherald.com/news/recall-election-aimed-at-la-prosecutor-fails-to-make-ballot/article_9611b46a-a6b8-55a5-9f3c-7497708da029.html,Recall election aimed at LA prosecutor fails to make ballot,20220816T013000Z,fbherald.com,English,United States,True,unclassified
https://www.decaturdaily.com/opinion/columnists/la-district-attorney-gasc-n-survives-a-second-recall-campaign-was-he-humbled-by-this/article_c4bfd19c-7018-5607-aa70-913bfe1f4f47.html,LA District Attorney Gascón survives a second recall campaign . Was he humbled by this near miss ? ,20220820T080000Z,decaturdaily.com,English,United States,True,unclassified
https://lompocrecord.com/opinion/columnists/unfair-recall-rules-will-persist-thomas-elias/article_029f049d-7a37-5568-bbdf-3ec09c7ed657.html,Unfair recall rules will persist | Thomas Elias,20220819T113000Z,lompocrecord.com,English,United States,True,unclassified
https://santamariatimes.com/opinion/columnists/unfair-recall-rules-will-persist-thomas-elias/article_4708e813-95bf-55a9-ac1c-b1ffbb8fbf99.html,Unfair recall rules will persist | Thomas Elias,20220819T140000Z,santamariatimes.com,English,United States,True,unclassified
https://www.kpvi.com/news/national_news/unfair-recall-rules-will-persist-thomas-elias/article_ec498ec3-84cb-5883-995d-02add38f9650.html,Unfair recall rules will persist | Thomas Elias,20220819T130000Z,kpvi.com,English,United States,True,unclassified
https://www.kaaltv.com/national-news/florida-prosecutor-sues-desantis-over-removal-over-abortion/6551385/?cat=10159,DeSantis sued by Florida prosecutor he removed over abortion,20220817T161500Z,kaaltv.com,English,United States,False,unclassified
https://www.ncadvertiser.com/news/article/Florida-prosecutor-sues-DeSantis-over-removal-17379023.php,DeSantis sued by Florida prosecutor he removed over abortion,20220817T153000Z,ncadvertiser.com,English,United States,False,unclassified
https://www.sheltonherald.com/news/article/Florida-prosecutor-sues-DeSantis-over-removal-17379023.php,DeSantis sued by Florida prosecutor he removed over abortion,20220817T161500Z,sheltonherald.com,English,United States,False,unclassified
https://www.darientimes.com/news/article/Florida-prosecutor-sues-DeSantis-over-removal-17379023.php,Florida prosecutor sues DeSantis over removal over abortion,20220817T151500Z,darientimes.com,English,United States,False,unclassified
https://www.chronicleonline.com/news/state/florida-prosecutor-sues-desantis-over-removal-over-abortion/article_a6f5964c-e227-546a-aa14-d2777cc1b3eb.html,Florida prosecutor sues DeSantis over removal over abortion,20220817T153000Z,chronicleonline.com,English,United States,False,unclassified
https://www.nvdaily.com/associated_press_national/desantis-sued-by-florida-prosecutor-he-removed-over-abortion/article_30f48c3c-17f1-5856-8c5a-6e2bcbc7538d.html,DeSantis sued by Florida prosecutor he removed over abortion,20220817T164500Z,nvdaily.com,English,United States,False,unclassified
https://www.ifiberone.com/news/national_news/florida-prosecutor-sues-desantis-over-removal-over-abortion/article_056c4e4f-55f4-5838-a084-8dc364012905.html,Florida prosecutor sues DeSantis over removal over abortion,20220817T160000Z,ifiberone.com,English,United States,False,unclassified
https://www.caledonianrecord.com/news/national/desantis-sued-by-florida-prosecutor-he-removed-over-abortion/article_4a856fba-fe68-5048-bd59-c309dea567c8.html,DeSantis sued by Florida prosecutor he removed over abortion,20220817T163000Z,caledonianrecord.com,English,United States,False,unclassified
https://www.ifiberone.com/south_sound/news/national_news/florida-prosecutor-sues-desantis-over-removal-over-abortion/article_056c4e4f-55f4-5838-a084-8dc364012905.html,Florida prosecutor sues DeSantis over removal over abortion,20220817T151500Z,ifiberone.com,English,United States,False,unclassified
https://www.beloitdailynews.com/news/national-news/desantis-sued-by-florida-prosecutor-he-removed-over-abortion/article_eb8bdb8e-82c5-59c5-9845-23f3b51b96e2.html,DeSantis sued by Florida prosecutor he removed over abortion,20220817T191500Z,beloitdailynews.com,English,United States,False,unclassified
https://www.valdostadailytimes.com/news/national_international/florida-prosecutor-sues-desantis-over-removal-over-abortion/article_7379c4e2-cb29-55ff-ae76-4844bd9d59ac.html,Florida prosecutor sues DeSantis over removal over abortion,20220817T190000Z,valdostadailytimes.com,English,United States,False,unclassified
https://www.messenger-inquirer.com/news/national/desantis-sued-by-florida-prosecutor-he-removed-over-abortion/article_0400b9f4-c038-574f-947b-033890002bfe.html,DeSantis sued by Florida prosecutor he removed over abortion,20220818T081500Z,messenger-inquirer.com,English,United States,False,unclassified
https://www.ncnewsonline.com/news/national/desantis-sued-by-florida-prosecutor-he-removed-over-abortion/article_f669000e-c2c6-5e7d-8683-4de763cc49ef.html,DeSantis sued by Florida prosecutor he removed over abortion,20220818T001500Z,ncnewsonline.com,English,United States,False,unclassified
https://www.union-bulletin.com/news/national/desantis-sued-by-florida-prosecutor-he-removed-over-abortion/article_371d8025-fb8e-556a-86da-74e7263ab18f.html,DeSantis sued by Florida prosecutor he removed over abortion,20220817T173000Z,union-bulletin.com,English,United States,False,unclassified
https://www.riverbender.com/topnews/details.cfm?id=388173,DeSantis sued by Florida prosecutor he removed over abortion - AP News,20220818T231500Z,riverbender.com,English,United States,False,unclassified
https://www.news8000.com/i/florida-prosecutor-sues-desantis-over-removal-over-abortion/,Florida prosecutor sues DeSantis over removal over abortion,20220817T153000Z,news8000.com,English,United States,False,unclassified
https://www.sfgate.com/politics/article/san-francisco-candidate-calls-reporter-nazi-17395876.php,SF candidate still assailing Jewish journalist she called a  NAZI  ,20220825T154500Z,sfgate.com,English,United States,False,local
https://www.sfchronicle.com/bayarea/article/S-F-DA-Brooke-Jenkins-reveals-her-cash-bail-and-17394962.php,SF DA Brooke Jenkins reveals her cash bail and detention policy,20220824T170000Z,sfchronicle.com,English,United States,False,local
https://www.sfexaminer.com/news/politics/louie-booted-from-ballot/article_6f34bc6a-258a-11ed-a758-7b1711d8b345.html,Louie booted from ballot,20220827T023000Z,sfexaminer.com,English,United States,False,local
https://www.sfchronicle.com/sf/bayarea/heatherknight/article/Brooke-Jenkins-DA-17399111.php,San Franciscans have called her a hero or villain . The real Brooke Jenkins is more complicated,20220826T121500Z,sfchronicle.com,English,United States,False,local
https://www.sfchronicle.com/sf/article/Beyond-toxic-S-F-supervisor-candidate-17394259.php,  Beyond toxic : S . F . supervisor candidate condemned for referring to Jewish journalist as a Nazi,20220824T101500Z,sfchronicle.com,English,United States,False,local
https://www.latimes.com/california/story/2022-08-26/column-violent-crime-is-up-in-california-where-it-rose-the-most-may-surprise-you,Column : Why is violent crime spiking in Trump California ? ,20220826T134500Z,latimes.com,English,United States,False,national
https://sfist.com/2022/08/24/d4-supervisor-candidate-leanna-louie-calls-jewish-jounalist-a-nazi-as-her-candidacy-gets-fringier/,"D4 Supervisor Candidate Leanna Louie Calls Jewish Jounalist a  NAZI , As Her Candidacy Gets Fringier",20220825T013000Z,sfist.com,English,United States,False,local
https://www.sfexaminer.com/news/after-antisemitic-nazi-facebook-post-san-francisco-candidate-must-end-her-campaign/article_fcf41fac-235d-11ed-b58b-e3ef03feaa0c.html,"After antisemitic  Nazi  Facebook post , San Francisco candidate must end her campaign",20220824T104500Z,sfexaminer.com,English,United States,False,local
https://www.sfexaminer.com/news/after-antisemitic-facebook-post-this-san-francisco-candidate-must-end-her-campaign/article_fcf41fac-235d-11ed-b58b-e3ef03feaa0c.html,"After antisemitic Facebook post , this San Francisco candidate must end her campaign",20220824T061500Z,sfexaminer.com,English,United States,False,local
https://www.sfchronicle.com/sf/article/Embattled-S-F-supervisor-candidate-barred-from-17401227.php,Embattled S . F . supervisor candidate Leanna Louie barred from November election in wake of city investigation,20220826T224500Z,sfchronicle.com,English,United States,False,local
https://www.ktvu.com/news/san-francisco-supervisor-candidate-who-called-jewish-journalist-nazi-booted-from-ballot,San Francisco supervisor candidate who called Jewish journalist  Nazi  booted from ballot,20220827T074500Z,ktvu.com,English,United States,False,local
https://www.theepochtimes.com/gascon-recall-failure-means-crime-must-get-worse-in-la-before-it-gets-better_4684699.html,Gascón Recall Failure Means Crime Must Get Worse in LA Before It Gets Better,20220824T021500Z,theepochtimes.com,English,United States,True,unclassified
https://www.sfexaminer.com/news/politics/voting-history-of-hamasaki-jenkins-lead-to-questions-in-das-race/article_505c95c4-225b-11ed-9050-c3d88389956d.html,"Voting history of Hamasaki , Jenkins , lead to questions in DA race",20220824T203000Z,sfexaminer.com,English,United States,False,local
https://sfist.com/2022/08/26/it-will-always-be-more-profitable-clickable-to-shit-on-san-francisco-so-people-will-always-do-it/,"It Will Always Be More Profitable / Clickable to Shit On San Francisco , So People Will Always Do It",20220826T201500Z,sfist.com,English,United States,False,local
https://www.courthousenews.com/california-lawmakers-set-to-tighten-recall-election-rules/,California lawmakers set to tighten recall election rules,20220826T051500Z,courthousenews.com,English,United States,True,unclassified
https://redstate.com/jeffc/2022/08/24/california-county-re-arrested-70-percent-of-criminals-released-under-ridiculous-criminal-justice-policy-n617194,California County Re - Arrested 70 Percent of Criminals Released Under Ridiculous Criminal Justice Policy,20220824T204500Z,redstate.com,English,United States,False,unclassified
https://www.foxla.com/the-issue-is/the-issue-is-ron-brownstein-on-the-political-future-and-cultural-past,  The Issue Is : Ron Brownstein on the political future and cultural past,20220827T214500Z,foxla.com,English,United States,False,unclassified
https://goodmenproject.com/featured-content/unmasking-centrism-a-donor-class-deception/,Unmasking  Centrism : A Donor Class Deception - The Good Men Project,20220825T194500Z,goodmenproject.com,English,United States,False,unclassified
https://www.sandiegouniontribune.com/community-voices-project/story/2022-08-23/opinion-why-senate-bill-357-wont-work,Opinion : I have firsthand experience policing prostitution crimes . Here why Senate Bill 357 wont work . ,20220823T231500Z,sandiegouniontribune.com,English,United States,False,unclassified
https://www.foxnews.com/opinion/prosecutors-do-protect-their-communities,What prosecutors must do to protect their communities,20220823T191500Z,foxnews.com,English,United States,False,national
https://www.kqed.org/news/11923129/sf-political-leaders-speak-at-rally-opposing-safe-injection-sites-even-as-many-privately-say-they-support-them,"SF Political Leaders Speak at Rally Opposing Safe Injection Sites , Even as Many Privately Say They Support Them",20220823T040000Z,kqed.org,English,United States,False,local
https://www.sfexaminer.com/our_sections/fixes/fentanyl-and-the-battle-for-san-francisco-s-soul/article_17118ee8-1e8f-11ed-9e5f-efca19a2a95b.html,Fentanyl and the battle for San Francisco soul | Fixes,20220823T203000Z,sfexaminer.com,English,United States,False,local
https://www.theunion.com/opinion/columns/thomas-elias-states-demo-pols-see-reality-voters-not-uniformly-progressive/,Thomas Elias : State demo pols see reality Voters not uniformly progressive,20220829T190000Z,theunion.com,English,United States,False,unclassified
https://www.bluemountaineagle.com/news/elections/house-gop-leader-stumps-for-candidates-hits-democrats-on-crime/article_0b3f2bdd-4630-52e4-aed2-cca09ab64cae.html,"House GOP leader stumps for candidates , hits Democrats on crime",20220826T064500Z,bluemountaineagle.com,English,United States,False,unclassified
https://www.bendbulletin.com/localstate/house-gop-leader-stumps-for-oregon-candidates-hits-democrats-on-crime/article_5208ac0a-6da2-538e-87a6-da22d713dfea.html,"House GOP leader stumps for Oregon candidates , hits Democrats on crime",20220825T190000Z,bendbulletin.com,English,United States,False,unclassified
https://pamplinmedia.com/pt/9-news/555730-444713-house-gop-leader-stumps-for-candidates-hits-democrats-on-crime,"Pamplin Media Group - House GOP leader stumps for candidates , hits Democrats on crime",20220825T093000Z,pamplinmedia.com,English,United States,False,unclassified
https://pamplinmedia.com/lor/48-news/555738-444713-us-house-gop-leader-stumps-for-candidates-in-oregon,Pamplin Media Group - U . S . House GOP leader stumps for candidates in Oregon,20220825T173000Z,pamplinmedia.com,English,United States,False,unclassified
https://pamplinmedia.com/pt/266-politics/555731-444713-us-house-gop-leader-stumps-for-candidates-in-oregon,Pamplin Media Group - U . S . House GOP leader stumps for candidates in Oregon,20220825T174500Z,pamplinmedia.com,English,United States,False,unclassified
https://pamplinmedia.com/pt/9-news/555730-444713-us-house-gop-leader-stumps-for-candidates-in-oregon,Pamplin Media Group - U . S . House GOP leader stumps for candidates in Oregon,20220825T174500Z,pamplinmedia.com,English,United States,False,unclassified
https://pamplinmedia.com/ceo/162-news/555752-444713-us-house-gop-leader-stumps-for-candidates-in-oregon,Pamplin Media Group - U . S . House GOP leader stumps for candidates in Oregon,20220825T201500Z,pamplinmedia.com,English,United States,False,unclassified
https://pamplinmedia.com/pt/266-politics/555731-444713-house-gop-leader-stumps-for-candidates-hits-democrats-on-crime,"Pamplin Media Group - House GOP leader stumps for candidates , hits Democrats on crime",20220825T091500Z,pamplinmedia.com,English,United States,False,unclassified
http://www.ebar.com/story.php?ch=news&sc=news&id=318368,Political Notebook : Alice club endorses four out SF supervisor candidates :: Bay Area Reporter,20220829T094500Z,ebar.com,English,United States,False,unclassified
https://www.ebar.com/story.php?ch=Politics&sc=&id=318368,Political Notebook : Alice club endorses four out SF supervisor candidates :: Bay Area Reporter,20220824T223000Z,ebar.com,English,United States,False,unclassified
http://www.ebar.com/story.php?ch=Politics&sc=&id=318368,Political Notebook : Alice club endorses four out SF supervisor candidates :: Bay Area Reporter,20220825T020000Z,ebar.com,English,United States,False,unclassified
http://www.msn.com/en-us/news/us/san-francisco-da-jenkins-to-review-past-anti-asian-attacks-under-predecessor-boudin/ar-AA11jKVY,San Francisco DA Jenkins to review past anti - Asian attacks under predecessor Boudin,20220831T173000Z,msn.com,English,United States,True,unclassified
https://www.nbcnews.com/news/asian-america/san-francisco-da-jenkins-review-anti-asian-attacks-predecessor-boudin-rcna45350,San Francisco DA Jenkins to review past anti - Asian attacks under predecessor Boudin,20220831T171500Z,nbcnews.com,English,United States,True,national
https://www.politico.com/newsletters/california-playbook/2022/08/30/can-caruso-come-back-00054147,Can Caruso come back ? ,20220830T134500Z,politico.com,English,United States,False,national
https://www.sfchronicle.com/bayarea/article/Judge-tosses-lawsuit-launched-by-George-Gascon-17410532.php,Judge tosses lawsuit launched by George Gascon and Chesa Boudin accusing law firm of baseless disability claims,20220831T191500Z,sfchronicle.com,English,United States,True,local
https://www.foxnews.com/media/wapo-columnist-argues-democrats-harming-criminal-justice-movement-moving-wrong-direction,"WaPo columnist argues Democrats  harming the criminal justice movement , moving in  wrong direction  ",20220831T144500Z,foxnews.com,English,United States,False,national
http://www.msn.com/en-us/news/politics/wapo-columnist-argues-democrats-harming-the-criminal-justice-movement-moving-in-wrong-direction/ar-AA11jOC7,"WaPo columnist argues Democrats  harming the criminal justice movement , moving in  wrong direction  ",20220831T144500Z,msn.com,English,United States,False,unclassified
https://www.courthousenews.com/law-firm-potter-handy-prevails-against-das-claims-of-ada-shakedowns/,Law firm Potter Handy prevails against DA claims of ADA shakedowns,20220831T233000Z,courthousenews.com,English,United States,False,unclassified
https://www.washingtonpost.com/opinions/2022/08/30/biden-crime-police-reform-philadelphia-speech-mistake/,Opinion | Biden and the Democrats are wasting a chance to rethink U . S . policing,20220831T001500Z,washingtonpost.com,English,United States,False,national
https://www.foxnews.com/media/npr-spike-shootings-during-pandemic-new-normal-experts-thought-temporary-blip,NPR says spike in shootings during pandemic is the  new normal :  Experts hoped it was a temporary blip  ,20220830T030000Z,foxnews.com,English,United States,False,national
https://www.sfexaminer.com/news/politics/louie-to-challenge-decision-striking-her-from-ballot-in-district-4-race/article_f687de64-2881-11ed-bbeb-a3cc88e77be0.html,Louie to challenge decision striking her from ballot in District 4 race,20220830T193000Z,sfexaminer.com,English,United States,False,local
https://www.sfexaminer.com/news/why-did-garry-tan-the-new-ceo-of-y-combinator-block-you-on-twitter/article_3fdd1c1c-28b1-11ed-afa8-b3ba9ebc92cb.html,"Why did Garry Tan , the new CEO of Y Combinator , block you on Twitter ? ",20220831T183000Z,sfexaminer.com,English,United States,False,local
https://hanfordsentinel.com/opinion/columnists/states-demo-pols-see-reality-voters-not-uniformly-progressive-thomas-elias/article_0f4aab8c-e6eb-596a-a2f2-6123568fc995.html,State demo pols see reality : Voters not uniformly progressive | Thomas Elias,20220830T130000Z,hanfordsentinel.com,English,United States,False,unclassified
https://www.newsweek.com/republican-gop-help-joe-biden-turn-tables-defund-police-movement-law-enforcement-1738296,How the GOP Helped Biden Turn the Tables on  Defund the Police  ,20220830T230000Z,newsweek.com,English,United States,False,national
https://lompocrecord.com/opinion/columnists/states-demo-pols-see-reality-voters-not-uniformly-progressive-thomas-elias/article_37482622-88e3-5bb1-97e3-deea2617d027.html,State demo pols see reality : Voters not uniformly progressive | Thomas Elias,20220830T150000Z,lompocrecord.com,English,United States,False,unclassified
https://santamariatimes.com/opinion/columnists/states-demo-pols-see-reality-voters-not-uniformly-progressive-thomas-elias/article_0deff101-7652-537d-8222-051d6c16cff9.html,State demo pols see reality : Voters not uniformly progressive | Thomas Elias,20220830T154500Z,santamariatimes.com,English,United States,False,unclassified
